gesture,x0,y0,z0,x1,y1,z1,x2,y2,z2,x3,y3,z3,x4,y4,z4,x5,y5,z5,x6,y6,z6,x7,y7,z7,x8,y8,z8,x9,y9,z9,x10,y10,z10,x11,y11,z11,x12,y12,z12,x13,y13,z13,x14,y14,z14,x15,y15,z15,x16,y16,z16,x17,y17,z17,x18,y18,z18,x19,y19,z19,x20,y20,z20
cerrar_izquierda,0.27703654766082764,0.4796595871448517,-2.3495685752550344e-07,0.3059889078140259,0.3398036062717438,-0.07262011617422104,0.328098863363266,0.2196255326271057,-0.1371123492717743,0.3284927308559418,0.2327817976474762,-0.1936391443014145,0.3144521415233612,0.35526707768440247,-0.24320824444293976,0.058997347950935364,0.16251730918884277,-0.12300989776849747,0.22618721425533295,0.2042606621980667,-0.22004157304763794,0.29139307141304016,0.2399878203868866,-0.2874218225479126,0.2616577744483948,0.24881088733673096,-0.33268940448760986,0.0129055455327034,0.3192273676395416,-0.13058724999427795,0.24899299442768097,0.361712247133255,-0.206198051571846,0.30456456542015076,0.35754966735839844,-0.23323075473308563,0.2533777952194214,0.3394619822502136,-0.25531190633773804,0.02085142582654953,0.4720272421836853,-0.14592815935611725,0.25494346022605896,0.49072107672691345,-0.20391419529914856,0.294655978679657,0.4629460275173187,-0.19215555489063263,0.23818646371364594,0.4349994957447052,-0.18517886102199554,0.053336288779973984,0.6035248637199402,-0.17133744060993195,0.24004919826984406,0.606764554977417,-0.21202035248279572,0.280931293964386,0.5679705142974854,-0.20791170001029968,0.24492286145687103,0.5321285724639893,-0.20186197757720947
cerrar_izquierda,0.23238977789878845,0.46470797061920166,2.5982734541685204e-07,0.28762203454971313,0.308351993560791,-0.07115383446216583,0.3518444895744324,0.20922811329364777,-0.13642148673534393,0.42215660214424133,0.2312365621328354,-0.19395029544830322,0.45041710138320923,0.36645591259002686,-0.24777784943580627,0.13662350177764893,0.1917780637741089,-0.15562017261981964,0.3509052097797394,0.21665441989898682,-0.22893351316452026,0.37037932872772217,0.26144781708717346,-0.265483558177948,0.31520843505859375,0.2713964879512787,-0.2927096486091614,0.11385902017354965,0.33800578117370605,-0.16049081087112427,0.3731851279735565,0.344791978597641,-0.21381162106990814,0.3726614713668823,0.3592969477176666,-0.20942115783691406,0.29967185854911804,0.3426016569137573,-0.21507611870765686,0.13193389773368835,0.476457804441452,-0.1698991358280182,0.3761049807071686,0.468698114156723,-0.21143770217895508,0.3634434640407562,0.46167758107185364,-0.18103007972240448,0.2929106652736664,0.44536638259887695,-0.16339635848999023,0.1670781373977661,0.5949475169181824,-0.18999168276786804,0.3574007749557495,0.5842374563217163,-0.23300272226333618,0.3446546196937561,0.553533673286438,-0.23243772983551025,0.28644922375679016,0.5362027883529663,-0.23001907765865326
cerrar_izquierda,0.3897574841976166,0.4475322365760803,1.182815978495455e-07,0.44531118869781494,0.30301234126091003,-0.07902882993221283,0.5072071552276611,0.19611790776252747,-0.14763672649860382,0.5396419763565063,0.2062474489212036,-0.2062149941921234,0.5386492609977722,0.3246476948261261,-0.2610245943069458,0.2515026330947876,0.1754905879497528,-0.15705180168151855,0.45734134316444397,0.20883725583553314,-0.23900139331817627,0.48268693685531616,0.23737946152687073,-0.2919808030128479,0.43766486644744873,0.23560969531536102,-0.3302823305130005,0.2268933355808258,0.32657814025878906,-0.15714669227600098,0.4781356751918793,0.3319532573223114,-0.21229159832000732,0.47744184732437134,0.33507049083709717,-0.22049325704574585,0.40943917632102966,0.3284626603126526,-0.23627100884914398,0.24722334742546082,0.467070996761322,-0.16226476430892944,0.47872141003608704,0.45241284370422363,-0.2048264741897583,0.4638580083847046,0.4383224844932556,-0.179519921541214,0.3940621018409729,0.4248042404651642,-0.16615457832813263,0.2855057716369629,0.5874857902526855,-0.17857548594474792,0.4607698619365692,0.5615332722663879,-0.22065572440624237,0.4445604979991913,0.524712860584259,-0.2185937762260437,0.3839470148086548,0.5009713172912598,-0.21405410766601562
cerrar_izquierda,0.44914305210113525,0.4670744836330414,2.3354213851689565e-07,0.49980300664901733,0.32408684492111206,-0.06312720477581024,0.5640580654144287,0.22647972404956818,-0.11871512234210968,0.6237213015556335,0.2510782480239868,-0.1666187047958374,0.6411923170089722,0.3778437376022339,-0.21334855258464813,0.3503328561782837,0.21852076053619385,-0.1397816389799118,0.5496034622192383,0.25645357370376587,-0.2107618898153305,0.5535987615585327,0.26835915446281433,-0.25786203145980835,0.5021607875823975,0.26291176676750183,-0.2940758466720581,0.32513102889060974,0.36406293511390686,-0.14260123670101166,0.5745655298233032,0.3794851005077362,-0.1898135393857956,0.5593206882476807,0.36833471059799194,-0.19694802165031433,0.4876730442047119,0.3536868393421173,-0.2150728553533554,0.3433662950992584,0.4988822937011719,-0.1487715244293213,0.5746581554412842,0.4943584203720093,-0.1837276965379715,0.5503623485565186,0.4754980504512787,-0.16247110068798065,0.47941839694976807,0.4591081142425537,-0.15427584946155548,0.3779604434967041,0.613015353679657,-0.16495487093925476,0.5593920350074768,0.596178412437439,-0.20631830394268036,0.5375056266784668,0.553099513053894,-0.21070274710655212,0.4780135750770569,0.5297216176986694,-0.21325306594371796
cerrar_izquierda,0.48767921328544617,0.45851796865463257,4.011631062894594e-07,0.5524640679359436,0.31067851185798645,-0.072512686252594,0.6326690316200256,0.22507549822330475,-0.13691413402557373,0.7008856534957886,0.2473905086517334,-0.1935434192419052,0.7077548503875732,0.3728601634502411,-0.2475920021533966,0.4249454140663147,0.2136211395263672,-0.14535674452781677,0.6276751160621643,0.2319626808166504,-0.21951435506343842,0.624734103679657,0.2535857856273651,-0.2655990719795227,0.5654649138450623,0.26263976097106934,-0.3001464903354645,0.4038499891757965,0.3508314788341522,-0.14690551161766052,0.6440554261207581,0.3552844524383545,-0.20323526859283447,0.617408037185669,0.35429155826568604,-0.2140347957611084,0.5507551431655884,0.3399290442466736,-0.233293816447258,0.42277324199676514,0.48043012619018555,-0.15310043096542358,0.6517398357391357,0.4717467129230499,-0.192681685090065,0.6135838627815247,0.46223190426826477,-0.17411239445209503,0.5424480438232422,0.4468628168106079,-0.16784553229808807,0.4570873975753784,0.5883800387382507,-0.17024967074394226,0.6362339854240417,0.5728622674942017,-0.2116476595401764,0.6042888760566711,0.5455518960952759,-0.21771593391895294,0.539246141910553,0.5310256481170654,-0.22363397479057312
cerrar_izquierda,0.49920183420181274,0.49159157276153564,5.108581149215752e-07,0.5766194462776184,0.3291448950767517,-0.05109824985265732,0.6752341389656067,0.22956782579421997,-0.1274438500404358,0.7757302522659302,0.22143137454986572,-0.1973160356283188,0.7882940173149109,0.3185264468193054,-0.26250600814819336,0.49588197469711304,0.22540664672851562,-0.2060726433992386,0.6879944801330566,0.21334536373615265,-0.26366543769836426,0.699848473072052,0.2684974670410156,-0.2673177421092987,0.6569395661354065,0.2994726300239563,-0.26944872736930847,0.48145705461502075,0.3629862666130066,-0.223767951130867,0.7112070918083191,0.35102754831314087,-0.2734142243862152,0.6919959187507629,0.38951629400253296,-0.24317173659801483,0.6359074115753174,0.3891708552837372,-0.23038366436958313,0.4983360767364502,0.486463338136673,-0.23877133429050446,0.7201383709907532,0.47482985258102417,-0.2622484862804413,0.6842741370201111,0.4802674651145935,-0.20615725219249725,0.6232348680496216,0.4741751551628113,-0.17839820683002472,0.5263062119483948,0.5857359170913696,-0.2627513110637665,0.6914588212966919,0.5694068670272827,-0.2802073061466217,0.663661003112793,0.5512529611587524,-0.25688436627388,0.6098467111587524,0.5420573949813843,-0.24596118927001953
cerrar_izquierda,0.5689612030982971,0.4509769678115845,4.507993622837603e-08,0.6283631920814514,0.29673120379447937,-0.03078978694975376,0.7511475682258606,0.18440568447113037,-0.084218829870224,0.8710901737213135,0.17669552564620972,-0.13010798394680023,0.9037090539932251,0.2608471214771271,-0.16890530288219452,0.6360478401184082,0.14961972832679749,-0.16893157362937927,0.8085029721260071,0.13652628660202026,-0.21525850892066956,0.8127077221870422,0.20719878375530243,-0.21189969778060913,0.7650813460350037,0.23789502680301666,-0.2069501429796219,0.6271118521690369,0.2584947347640991,-0.1863834261894226,0.8320374488830566,0.27017879486083984,-0.23063108325004578,0.8052440285682678,0.32739704847335815,-0.20369994640350342,0.7401092052459717,0.3265071511268616,-0.1889743208885193,0.6383534669876099,0.3709663152694702,-0.19971273839473724,0.8301737308502197,0.37397894263267517,-0.2232881486415863,0.7942590117454529,0.4149705171585083,-0.18125960230827332,0.7349101901054382,0.4133957028388977,-0.16002021729946136,0.663519024848938,0.47744736075401306,-0.2165687084197998,0.8143976926803589,0.4676276743412018,-0.22057335078716278,0.7802726626396179,0.4846959114074707,-0.19241322576999664,0.7227221131324768,0.4830479621887207,-0.17962539196014404
cerrar_izquierda,0.5945596694946289,0.5282216668128967,1.5375785267224273e-07,0.6632047295570374,0.3789633512496948,-0.04377556964755058,0.7792549729347229,0.2699919641017914,-0.10249321907758713,0.8805628418922424,0.27653834223747253,-0.15064813196659088,0.899293065071106,0.375403493642807,-0.19219514727592468,0.640192449092865,0.27643638849258423,-0.19542072713375092,0.8103815317153931,0.2661236524581909,-0.24870319664478302,0.8085110783576965,0.32592129707336426,-0.25140002369880676,0.7541446089744568,0.3589158058166504,-0.25052982568740845,0.6265984177589417,0.39323022961616516,-0.20571137964725494,0.824204683303833,0.3985511362552643,-0.2548992931842804,0.7992817163467407,0.43437838554382324,-0.2303987741470337,0.7369372248649597,0.433989942073822,-0.21992523968219757,0.6366903781890869,0.5034513473510742,-0.21184246242046356,0.8233314752578735,0.4991261959075928,-0.23654727637767792,0.7872865796089172,0.5172590613365173,-0.19252164661884308,0.7291293740272522,0.5155186653137207,-0.17212945222854614,0.6604236364364624,0.5994107127189636,-0.22320888936519623,0.8101704716682434,0.5852007865905762,-0.22817617654800415,0.7799966931343079,0.5857126712799072,-0.1995006650686264,0.7262676358222961,0.5837863683700562,-0.18818242847919464
cerrar_izquierda,0.6050683259963989,0.6323826313018799,4.437184841776798e-09,0.6649788618087769,0.4820999503135681,-0.03817575424909592,0.7879629731178284,0.3931671380996704,-0.09044425934553146,0.893039345741272,0.4211640954017639,-0.13027003407478333,0.9147405028343201,0.5287821292877197,-0.16316552460193634,0.6629754900932312,0.42189648747444153,-0.19029241800308228,0.8359491229057312,0.43478327989578247,-0.23609398305416107,0.8223786950111389,0.47082605957984924,-0.23330742120742798,0.7657801508903503,0.4802573621273041,-0.22779472172260284,0.6540076732635498,0.5420873165130615,-0.19659188389778137,0.8458341360092163,0.5494865775108337,-0.2406432181596756,0.8142341375350952,0.5614078044891357,-0.21344992518424988,0.746569037437439,0.5533530116081238,-0.19938455522060394,0.6653530597686768,0.649224042892456,-0.19715666770935059,0.8444864749908447,0.6374046206474304,-0.21301774680614471,0.8107401132583618,0.6354062557220459,-0.16681700944900513,0.7541617155075073,0.6272767782211304,-0.14354850351810455,0.6875705122947693,0.7411466836929321,-0.2019542008638382,0.830555260181427,0.7157748937606812,-0.19401410222053528,0.8054256439208984,0.7043353319168091,-0.15969155728816986,0.7550914883613586,0.6982985734939575,-0.1449616700410843
cerrar_izquierda,0.640096127986908,0.6840800046920776,3.67905599318874e-08,0.6946368217468262,0.5426846742630005,-0.04289671406149864,0.8098376989364624,0.4559176564216614,-0.09454408288002014,0.9093708395957947,0.48843246698379517,-0.1333666443824768,0.9270498156547546,0.6046826243400574,-0.16560117900371552,0.685085117816925,0.49561411142349243,-0.1863962858915329,0.8528190851211548,0.511753499507904,-0.2281704992055893,0.8392922878265381,0.5416303277015686,-0.2230100929737091,0.7829387187957764,0.5496429204940796,-0.21642528474330902,0.6747152805328369,0.6128832697868347,-0.18855319917201996,0.8579759001731873,0.621533215045929,-0.22646431624889374,0.8293125629425049,0.6281545162200928,-0.1974136084318161,0.7672592997550964,0.6195990443229675,-0.18376146256923676,0.6844525337219238,0.7150624990463257,-0.18588459491729736,0.8559739589691162,0.705739438533783,-0.19902238249778748,0.825560986995697,0.69871985912323,-0.1557779312133789,0.7728785872459412,0.6892406940460205,-0.13548237085342407,0.7066823244094849,0.8000448942184448,-0.18791969120502472,0.8471415638923645,0.7752191424369812,-0.18114906549453735,0.8256891369819641,0.7592992782592773,-0.15138819813728333,0.7788018584251404,0.748181939125061,-0.14036183059215546
cerrar_izquierda,0.6514123678207397,0.7553173303604126,3.803003068014732e-08,0.7031251788139343,0.6189693212509155,-0.04425990581512451,0.8115777969360352,0.5456656813621521,-0.09451304376125336,0.9038378596305847,0.585867166519165,-0.1320672184228897,0.9207369685173035,0.6967375874519348,-0.16323184967041016,0.6947855353355408,0.5854541063308716,-0.17649048566818237,0.853905975818634,0.6081292629241943,-0.22044166922569275,0.8372237682342529,0.6244953870773315,-0.22046735882759094,0.7852370738983154,0.6245743036270142,-0.21658848226070404,0.6845218539237976,0.7013493180274963,-0.1761966347694397,0.8620559573173523,0.7120455503463745,-0.2138359248638153,0.8306858539581299,0.7099405527114868,-0.1873902827501297,0.7715048789978027,0.7031069993972778,-0.17452463507652283,0.6936862468719482,0.7995930910110474,-0.17217367887496948,0.8639466166496277,0.789172351360321,-0.184987872838974,0.8323469758033752,0.7790815234184265,-0.1430956870317459,0.7823502421379089,0.7739087343215942,-0.12245285511016846,0.7127878665924072,0.8803005814552307,-0.17306877672672272,0.8496178984642029,0.860727071762085,-0.16405516862869263,0.8256940245628357,0.8436515927314758,-0.13365980982780457,0.7785945534706116,0.8359774351119995,-0.12185025215148926
cerrar_izquierda,0.6193787455558777,0.7758318781852722,-8.25940489335153e-08,0.6822054982185364,0.6634482741355896,-0.03824616223573685,0.7959223389625549,0.6217327117919922,-0.08314161002635956,0.8857037425041199,0.6788696646690369,-0.11356004327535629,0.9015984535217285,0.7763074636459351,-0.13733142614364624,0.6887901425361633,0.6410918235778809,-0.18354582786560059,0.8500470519065857,0.686067521572113,-0.22598829865455627,0.8268217444419861,0.6878875494003296,-0.21646103262901306,0.7800655961036682,0.6819054484367371,-0.2023216336965561,0.6750128865242004,0.7519240975379944,-0.18127574026584625,0.8612228631973267,0.7773346304893494,-0.2234886884689331,0.8317387700080872,0.7646722793579102,-0.19558435678482056,0.7727501392364502,0.7632811069488525,-0.17321842908859253,0.683243989944458,0.8508415222167969,-0.1733235865831375,0.8549380302429199,0.8592824339866638,-0.19094350934028625,0.8247165083885193,0.8408157229423523,-0.14840389788150787,0.7718770503997803,0.8378127217292786,-0.12085981667041779,0.7025678157806396,0.9316627383232117,-0.1681361347436905,0.8291478753089905,0.9274762272834778,-0.16726534068584442,0.8040700554847717,0.9074118137359619,-0.13937029242515564,0.7591727375984192,0.9088740348815918,-0.12417234480381012
cerrar_izquierda,0.627284049987793,0.8009697198867798,5.184539872971072e-07,0.6993187665939331,0.6771892309188843,-0.05844579637050629,0.7616907954216003,0.6112341284751892,-0.10731452703475952,0.8161259293556213,0.659145712852478,-0.145406112074852,0.8166592121124268,0.7666578888893127,-0.18039803206920624,0.6001016497612,0.6330594420433044,-0.13209088146686554,0.7471950650215149,0.6819661259651184,-0.18521304428577423,0.7723049521446228,0.6868126392364502,-0.2146240919828415,0.7411913275718689,0.6883910298347473,-0.23441049456596375,0.5822137594223022,0.7397444248199463,-0.1274058222770691,0.7691990733146667,0.7819459438323975,-0.16647006571292877,0.7781049609184265,0.755917489528656,-0.17076176404953003,0.7331945896148682,0.724947452545166,-0.18230164051055908,0.5972678065299988,0.8394110798835754,-0.1240595132112503,0.7761290669441223,0.8608275055885315,-0.15290217101573944,0.7777491807937622,0.8193010091781616,-0.1368855983018875,0.7354453802108765,0.7834786176681519,-0.13018471002578735,0.6265543699264526,0.9216031432151794,-0.1279844343662262,0.7577030658721924,0.9238537549972534,-0.16011370718479156,0.758467435836792,0.8732144236564636,-0.15990211069583893,0.72678142786026,0.8376021981239319,-0.16004012525081635
cerrar_izquierda,0.6116855144500732,0.8208072781562805,1.3133626453054603e-07,0.6411185264587402,0.7243767380714417,-0.05821632221341133,0.6642265915870667,0.6531033515930176,-0.10341347754001617,0.6899210810661316,0.7118633985519409,-0.13825958967208862,0.7022873163223267,0.8033919930458069,-0.16978555917739868,0.47972097992897034,0.6561250686645508,-0.10318615287542343,0.6263697147369385,0.7129812836647034,-0.1663629710674286,0.6451292037963867,0.7034319639205933,-0.21332436800003052,0.6153554916381836,0.6823275685310364,-0.24653726816177368,0.45683568716049194,0.7727596759796143,-0.09814614057540894,0.6351584196090698,0.8037004470825195,-0.14082027971744537,0.6380745768547058,0.7734934091567993,-0.1569882482290268,0.5891189575195312,0.7545945644378662,-0.17490100860595703,0.4679087698459625,0.877959668636322,-0.09743022918701172,0.6343726515769958,0.8886255621910095,-0.128493994474411,0.6329755783081055,0.8515961766242981,-0.12057612091302872,0.5830708742141724,0.831322431564331,-0.11841091513633728,0.4953190088272095,0.9644224047660828,-0.10442224144935608,0.6229007840156555,0.9566918015480042,-0.13237440586090088,0.6252137422561646,0.9160279035568237,-0.13555483520030975,0.5829174518585205,0.8868679404258728,-0.13687199354171753
cerrar_izquierda,0.5147901177406311,0.8053500056266785,2.2082166140080517e-07,0.5427171587944031,0.7094529867172241,-0.06329452991485596,0.5661251544952393,0.646617591381073,-0.11346731334924698,0.5999889969825745,0.6956379413604736,-0.15312117338180542,0.6217685341835022,0.7783380746841431,-0.1897657811641693,0.40185025334358215,0.6671708226203918,-0.1183503270149231,0.5377281308174133,0.7057645916938782,-0.18553932011127472,0.5611848831176758,0.6866353750228882,-0.23056578636169434,0.5334460735321045,0.6632147431373596,-0.26144757866859436,0.3837639391422272,0.7767595648765564,-0.11284191906452179,0.553078293800354,0.791097104549408,-0.16050659120082855,0.5630941390991211,0.7565521001815796,-0.1742323487997055,0.5146512985229492,0.7404905557632446,-0.18927064538002014,0.3979066014289856,0.8740735650062561,-0.11182171106338501,0.5587562322616577,0.8694859147071838,-0.14665524661540985,0.5620565414428711,0.8300549983978271,-0.13553635776042938,0.5137574076652527,0.8109575510025024,-0.1306987851858139,0.4266693592071533,0.952319324016571,-0.11890175193548203,0.5487121939659119,0.9382554292678833,-0.1473720818758011,0.5578615665435791,0.8994295001029968,-0.14694684743881226,0.5248109102249146,0.8749319314956665,-0.1458156853914261
cerrar_izquierda,0.44705209136009216,0.8139693737030029,3.943895166003131e-08,0.4768632650375366,0.7177706956863403,-0.05241526663303375,0.49860167503356934,0.6338448524475098,-0.09356003999710083,0.5250033140182495,0.6804554462432861,-0.12621763348579407,0.5406315326690674,0.7668302655220032,-0.1561552733182907,0.33096978068351746,0.6654712557792664,-0.09477800875902176,0.4676200747489929,0.6924857497215271,-0.15526917576789856,0.48908013105392456,0.6812772154808044,-0.19962947070598602,0.4617347717285156,0.6665931940078735,-0.2309218794107437,0.31488221883773804,0.7759270668029785,-0.09303856641054153,0.48314955830574036,0.7823582887649536,-0.1330459862947464,0.489241361618042,0.7511500120162964,-0.14830388128757477,0.44356924295425415,0.7347077131271362,-0.16591228544712067,0.33004632592201233,0.8717531561851501,-0.09534657746553421,0.4900847375392914,0.8626413941383362,-0.12261903285980225,0.48891597986221313,0.8294464349746704,-0.11251547187566757,0.44028937816619873,0.8132176995277405,-0.1101951003074646,0.3601435720920563,0.9501746296882629,-0.10517311096191406,0.4837390184402466,0.9335829615592957,-0.12896095216274261,0.4877954125404358,0.896430492401123,-0.12805461883544922,0.45007970929145813,0.8725161552429199,-0.12757886946201324
cerrar_izquierda,0.3823018968105316,0.792027473449707,-1.2487473100009083e-07,0.4039503335952759,0.7038286924362183,-0.04997500032186508,0.40933123230934143,0.6187042593955994,-0.08861012756824493,0.4201897084712982,0.6589456796646118,-0.1190515086054802,0.42762917280197144,0.7471883893013,-0.1443966180086136,0.24488402903079987,0.6493881344795227,-0.08565653860569,0.36226892471313477,0.6716469526290894,-0.1446622759103775,0.3944101631641388,0.6632405519485474,-0.18455193936824799,0.3746199607849121,0.6518955230712891,-0.21132345497608185,0.2229066789150238,0.7569047808647156,-0.083856962621212,0.3804450035095215,0.7676781415939331,-0.12755054235458374,0.39790627360343933,0.7360026836395264,-0.1414407640695572,0.3602612018585205,0.7172592878341675,-0.15437328815460205,0.23323771357536316,0.8489215970039368,-0.08667851984500885,0.385015606880188,0.8437097668647766,-0.11631467938423157,0.39415380358695984,0.8119938373565674,-0.10529099404811859,0.35185539722442627,0.7990926504135132,-0.10028743743896484,0.25854191184043884,0.9239841103553772,-0.09675907343626022,0.3764830529689789,0.9086072444915771,-0.12104027718305588,0.38774552941322327,0.8782883882522583,-0.12034671008586884,0.352277010679245,0.8645359873771667,-0.11834412813186646
cerrar_izquierda,0.29188764095306396,0.8125985264778137,-2.3520296821288866e-08,0.3134115934371948,0.7227769494056702,-0.0444561131298542,0.33121365308761597,0.6465445160865784,-0.08198778331279755,0.3526225984096527,0.680112361907959,-0.11447212845087051,0.36165574193000793,0.7579314112663269,-0.14367687702178955,0.1769755333662033,0.6556739211082458,-0.07982458919286728,0.27942946553230286,0.6784406900405884,-0.13818636536598206,0.3184286653995514,0.673078715801239,-0.17644385993480682,0.30701878666877747,0.658318042755127,-0.20077261328697205,0.15470659732818604,0.7573542594909668,-0.08126763254404068,0.3062902092933655,0.7788758873939514,-0.12554539740085602,0.3362423777580261,0.7468279004096985,-0.13767966628074646,0.3053443729877472,0.719395637512207,-0.14731773734092712,0.16270768642425537,0.8495997190475464,-0.08739320933818817,0.314462810754776,0.8562276363372803,-0.11935564875602722,0.3343556821346283,0.8184214234352112,-0.10848642885684967,0.3011481463909149,0.790680468082428,-0.10073275864124298,0.18224257230758667,0.9266178607940674,-0.10007675737142563,0.30158233642578125,0.9218635559082031,-0.12277153134346008,0.32248273491859436,0.8895752429962158,-0.11849422752857208,0.29928186535835266,0.8654277324676514,-0.11254686117172241
cerrar_izquierda,0.18732547760009766,0.772143542766571,-4.8215756720537684e-08,0.2142615169286728,0.680397093296051,-0.048067208379507065,0.24162596464157104,0.6020988821983337,-0.09177182614803314,0.2583194375038147,0.62699955701828,-0.13059397041797638,0.25975799560546875,0.7083885073661804,-0.16703300178050995,0.08599423617124557,0.632420003414154,-0.09136568754911423,0.17920732498168945,0.6389670372009277,-0.15202371776103973,0.22708341479301453,0.6414024829864502,-0.1905480921268463,0.22134719789028168,0.6410316824913025,-0.21509119868278503,0.07130540907382965,0.7304979562759399,-0.09409379959106445,0.2053864300251007,0.7390362024307251,-0.14299388229846954,0.24974901974201202,0.7153935432434082,-0.15696148574352264,0.2283337414264679,0.6941812634468079,-0.16723117232322693,0.08564889430999756,0.8183305859565735,-0.10064747929573059,0.22434550523757935,0.8112195730209351,-0.13864389061927795,0.2588011622428894,0.7753080129623413,-0.12797626852989197,0.23690956830978394,0.7513132691383362,-0.11999621242284775,0.10930486023426056,0.8892615437507629,-0.11342600733041763,0.22517208755016327,0.8724466562271118,-0.13714659214019775,0.2553362548351288,0.8347997665405273,-0.12955912947654724,0.2408386766910553,0.8085699677467346,-0.12203923612833023
cerrar_izquierda,0.2687945067882538,0.5659886598587036,-2.6841985345527064e-07,0.29456716775894165,0.46758174896240234,-0.0366877019405365,0.3103242814540863,0.3762114346027374,-0.06905223429203033,0.30852562189102173,0.340778112411499,-0.0984085276722908,0.2930345833301544,0.40176358819007874,-0.12303977459669113,0.13275836408138275,0.32954931259155273,-0.05807914957404137,0.24196864664554596,0.3288305699825287,-0.10335284471511841,0.2728840410709381,0.37052121758461,-0.13386160135269165,0.2489609271287918,0.38642311096191406,-0.15631160140037537,0.11421940475702286,0.4104633927345276,-0.0652351900935173,0.258470743894577,0.4104413688182831,-0.09934283047914505,0.2802550494670868,0.4371657371520996,-0.1101413369178772,0.2514154314994812,0.4406667649745941,-0.12170789390802383,0.12621980905532837,0.49576014280319214,-0.0764932632446289,0.2659214735031128,0.4900866746902466,-0.10446113348007202,0.2778695821762085,0.5014752745628357,-0.09778939187526703,0.2440265715122223,0.5002749562263489,-0.09517236799001694,0.1536332666873932,0.5738087296485901,-0.09327312558889389,0.2650245130062103,0.5610427260398865,-0.1161268949508667,0.2747597098350525,0.5556230545043945,-0.11771167814731598,0.24654637277126312,0.5495835542678833,-0.11784013360738754
cerrar_izquierda,0.1833687275648117,0.74083411693573,-3.7961182641765845e-08,0.20500004291534424,0.6610087752342224,-0.04168606549501419,0.2215048372745514,0.5884937047958374,-0.07580135762691498,0.23930400609970093,0.6126248836517334,-0.10453468561172485,0.2434677630662918,0.6831240653991699,-0.13077659904956818,0.0775812566280365,0.597356915473938,-0.07691854983568192,0.1810976266860962,0.6145533919334412,-0.12930555641651154,0.20042593777179718,0.6132270693778992,-0.16461901366710663,0.18250370025634766,0.604474663734436,-0.18830528855323792,0.05434908717870712,0.6885552406311035,-0.07764853537082672,0.2012622356414795,0.7013424038887024,-0.11491287499666214,0.21487578749656677,0.6818929314613342,-0.1245507299900055,0.18516018986701965,0.666692852973938,-0.1340138167142868,0.06218329817056656,0.7733573317527771,-0.08239567279815674,0.20696112513542175,0.7749622464179993,-0.10968898981809616,0.21332572400569916,0.7490496635437012,-0.09708547592163086,0.1780473291873932,0.7308779954910278,-0.08925893902778625,0.08452478796243668,0.8446322679519653,-0.09365507960319519,0.19320011138916016,0.8365822434425354,-0.11682534217834473,0.2038566917181015,0.810941219329834,-0.11432008445262909,0.17742085456848145,0.7919331789016724,-0.10999952256679535
cerrar_izquierda,0.22044089436531067,0.760334312915802,-2.664075005043287e-08,0.24235451221466064,0.6846035122871399,-0.041468922048807144,0.26809895038604736,0.6106128096580505,-0.07502095401287079,0.2919403910636902,0.6333567500114441,-0.10300330072641373,0.3075835108757019,0.7055948972702026,-0.12876036763191223,0.1338968276977539,0.605643093585968,-0.07856444269418716,0.2477516233921051,0.641197919845581,-0.13010889291763306,0.2684575319290161,0.6474612355232239,-0.16593803465366364,0.24964585900306702,0.6416395306587219,-0.19019900262355804,0.11332736909389496,0.698411762714386,-0.07917255163192749,0.26410096883773804,0.7249911427497864,-0.11454852670431137,0.273134708404541,0.7096922397613525,-0.12395092099905014,0.23787656426429749,0.6963757276535034,-0.13450342416763306,0.12120881676673889,0.7834550738334656,-0.08329122513532639,0.26477932929992676,0.793871283531189,-0.10855193436145782,0.26443493366241455,0.7742131352424622,-0.09558998793363571,0.22372594475746155,0.759376049041748,-0.08810903877019882,0.14277270436286926,0.8590621948242188,-0.09402626007795334,0.25408414006233215,0.8542046546936035,-0.11822385340929031,0.25731831789016724,0.8280673623085022,-0.11650841683149338,0.22660300135612488,0.808639645576477,-0.11266550421714783
cerrar_izquierda,0.2849211096763611,0.7534726858139038,2.4547711063860334e-07,0.3116268515586853,0.6664232611656189,-0.03415467217564583,0.34554290771484375,0.6108994483947754,-0.06533177942037582,0.381317138671875,0.6413150429725647,-0.09290940314531326,0.40342801809310913,0.7131268978118896,-0.12026579678058624,0.22982995212078094,0.6293116807937622,-0.07762004435062408,0.3282342851161957,0.6392538547515869,-0.12098988890647888,0.3289433419704437,0.6287817358970642,-0.1500144898891449,0.3064853549003601,0.6175428628921509,-0.17012418806552887,0.21230769157409668,0.7151656746864319,-0.07916726171970367,0.3553754687309265,0.7164868116378784,-0.10743506252765656,0.347934365272522,0.6950744986534119,-0.11242842674255371,0.3108811378479004,0.6862187385559082,-0.12077369540929794,0.22139376401901245,0.7912567257881165,-0.08264970034360886,0.35974448919296265,0.7813175916671753,-0.10210254788398743,0.34985917806625366,0.7549278736114502,-0.08809582889080048,0.3114375174045563,0.7382880449295044,-0.0801226794719696,0.24165435135364532,0.8530617952346802,-0.09204501658678055,0.3504011631011963,0.83902907371521,-0.11239813268184662,0.3429829776287079,0.8151254057884216,-0.11010761559009552,0.31153181195259094,0.8023480176925659,-0.10617683827877045
cerrar_izquierda,0.36356064677238464,0.7527238130569458,5.567122585148354e-08,0.38289836049079895,0.6754052639007568,-0.03795899823307991,0.4047600030899048,0.6120599508285522,-0.06932134926319122,0.4313889443874359,0.6444312930107117,-0.09510868042707443,0.44815391302108765,0.7132753133773804,-0.11962868273258209,0.2808784246444702,0.6253665089607239,-0.07736045122146606,0.3913321793079376,0.6497896313667297,-0.12440323084592819,0.395868182182312,0.6464802622795105,-0.15818151831626892,0.37023743987083435,0.6365284323692322,-0.18211638927459717,0.2681874930858612,0.7168532013893127,-0.07722828537225723,0.40907442569732666,0.7239736914634705,-0.10667769610881805,0.4043169319629669,0.707568347454071,-0.11528493463993073,0.36380505561828613,0.7005141973495483,-0.12733034789562225,0.2810739576816559,0.7953833341598511,-0.07963082194328308,0.41336995363235474,0.7898460030555725,-0.10029152780771255,0.40415018796920776,0.7706961631774902,-0.08827052265405655,0.3620569705963135,0.7614011168479919,-0.08306289464235306,0.30473166704177856,0.8607426881790161,-0.08809924125671387,0.4039343595504761,0.8475865125656128,-0.10914018750190735,0.3990066349506378,0.8232837319374084,-0.10809431225061417,0.36556878685951233,0.809222400188446,-0.1063382476568222
cerrar_izquierda,0.4177737534046173,0.7620248198509216,2.3799715620498318e-07,0.4464424252510071,0.6823009252548218,-0.03690198063850403,0.47979405522346497,0.6278454065322876,-0.0672479048371315,0.5136198997497559,0.6494158506393433,-0.09364049136638641,0.5296708345413208,0.7211872935295105,-0.11993921548128128,0.3627098798751831,0.6343898773193359,-0.07610157877206802,0.4670288562774658,0.6622849106788635,-0.1192389652132988,0.4645523130893707,0.6552637219429016,-0.1478680819272995,0.4402550160884857,0.6404514908790588,-0.16795863211154938,0.3496456742286682,0.7160234451293945,-0.07701952755451202,0.48958390951156616,0.7284938097000122,-0.10463645309209824,0.47788384556770325,0.7146310210227966,-0.10870178043842316,0.4381067156791687,0.7027718424797058,-0.11679418385028839,0.3617244064807892,0.7935120463371277,-0.08048398792743683,0.4918418228626251,0.7937208414077759,-0.10182283073663712,0.4768149256706238,0.7771024107933044,-0.08738094568252563,0.4374958872795105,0.7633642554283142,-0.07858771085739136,0.383329838514328,0.8596614599227905,-0.09005804359912872,0.4828214645385742,0.8514096736907959,-0.11353256553411484,0.4694409668445587,0.8280953764915466,-0.1124328225851059,0.43673598766326904,0.8140407800674438,-0.1090824156999588
cerrar_izquierda,0.48118382692337036,0.7597076892852783,2.014712094933202e-07,0.5098292827606201,0.6741951107978821,-0.03878508880734444,0.5452238321304321,0.6200403571128845,-0.07312671840190887,0.5766385197639465,0.6470719575881958,-0.10228028893470764,0.5925314426422119,0.7156808972358704,-0.1314091831445694,0.42773085832595825,0.6360048055648804,-0.08468838036060333,0.5386599898338318,0.6578748226165771,-0.1304519921541214,0.5436952114105225,0.6505801677703857,-0.1637570858001709,0.5204582810401917,0.6400683522224426,-0.18805687129497528,0.4168897867202759,0.7196202874183655,-0.08430587500333786,0.5542275309562683,0.7267652750015259,-0.1134219616651535,0.5504196286201477,0.7080845832824707,-0.12158233672380447,0.5140758156776428,0.6987385153770447,-0.13490009307861328,0.42931947112083435,0.7948852181434631,-0.08583906292915344,0.5566366910934448,0.7877799868583679,-0.10622458159923553,0.5476272702217102,0.7684509754180908,-0.09482453763484955,0.5105385780334473,0.7577366828918457,-0.09098665416240692,0.45176541805267334,0.855489194393158,-0.09331697970628738,0.5497010350227356,0.8404591679573059,-0.11430015414953232,0.5421050190925598,0.8166659474372864,-0.11405353993177414,0.5123395919799805,0.8053726553916931,-0.11400268226861954
cerrar_izquierda,0.5173736810684204,0.7631773352622986,2.797417550937098e-07,0.5454179644584656,0.6757762432098389,-0.04179150238633156,0.582962155342102,0.6299586892127991,-0.07810874283313751,0.621435821056366,0.6605696082115173,-0.10893671214580536,0.6401688456535339,0.7300401926040649,-0.13995952904224396,0.47947537899017334,0.6416701078414917,-0.0882677286863327,0.5887081027030945,0.6800199747085571,-0.1329064518213272,0.5936398506164551,0.6711488366127014,-0.16439369320869446,0.5723739266395569,0.6547452807426453,-0.18697701394557953,0.4710098206996918,0.721168577671051,-0.08627130836248398,0.6039679050445557,0.7374637126922607,-0.11427119374275208,0.5940266847610474,0.7223204970359802,-0.12073943018913269,0.5544975996017456,0.7069857120513916,-0.1324227899312973,0.48220589756965637,0.7940298318862915,-0.08625318855047226,0.6061941981315613,0.7944949269294739,-0.10570330172777176,0.5914678573608398,0.7786937952041626,-0.09334678947925568,0.5535001754760742,0.7643443942070007,-0.08828675001859665,0.5015249848365784,0.8552166819572449,-0.09263069182634354,0.5963661074638367,0.8442598581314087,-0.11327304691076279,0.5834554433822632,0.8233366012573242,-0.11174202710390091,0.5533791780471802,0.8139392137527466,-0.11049322038888931
cerrar_izquierda,0.5738133192062378,0.7641826272010803,3.01809592428981e-07,0.6031949520111084,0.6710810661315918,-0.04471499100327492,0.6368043422698975,0.6245989203453064,-0.08113346993923187,0.6690213680267334,0.6603447794914246,-0.11085832118988037,0.6826208829879761,0.7330408692359924,-0.13980142772197723,0.5240546464920044,0.6346184015274048,-0.08945699036121368,0.6342849135398865,0.6756510138511658,-0.13511626422405243,0.639613926410675,0.6667302846908569,-0.16632097959518433,0.6194306015968323,0.6501255035400391,-0.18848679959774017,0.5158540606498718,0.716482400894165,-0.08608675748109818,0.6508835554122925,0.7357637286186218,-0.11653393507003784,0.6433942914009094,0.7195937037467957,-0.12186155468225479,0.6070009469985962,0.7006577253341675,-0.13224174082279205,0.5291349291801453,0.7907196283340454,-0.08547621220350266,0.6535194516181946,0.7934746146202087,-0.10860466212034225,0.640504002571106,0.7748696804046631,-0.09721111506223679,0.604539155960083,0.7582855820655823,-0.0919719859957695,0.5518859624862671,0.8519378304481506,-0.09119990468025208,0.6458483934402466,0.8418228626251221,-0.11617541313171387,0.6322196125984192,0.8157770037651062,-0.11772780865430832,0.6010218858718872,0.8023268580436707,-0.11818695813417435
cerrar_izquierda,0.6311518549919128,0.8453682065010071,8.159808118080036e-08,0.6635871529579163,0.7233925461769104,-0.02479836344718933,0.6882701516151428,0.6386813521385193,-0.05163038149476051,0.7219793796539307,0.6237534284591675,-0.07511956244707108,0.7353673577308655,0.6804277896881104,-0.09536556899547577,0.5845839381217957,0.6303609013557434,-0.06393811851739883,0.6995795369148254,0.6458204984664917,-0.0935017317533493,0.7088570594787598,0.6669714450836182,-0.10889159142971039,0.6812412142753601,0.6755747199058533,-0.12176047265529633,0.57960045337677,0.7025970220565796,-0.07096781581640244,0.7178167104721069,0.7187185287475586,-0.09463871270418167,0.7123772501945496,0.7223353981971741,-0.09503822773694992,0.677952766418457,0.7131683230400085,-0.10019100457429886,0.596012532711029,0.7754533290863037,-0.0789790153503418,0.7285362482070923,0.775738000869751,-0.09459388256072998,0.7175253629684448,0.7681358456611633,-0.08113743364810944,0.6826401948928833,0.7536191344261169,-0.07530418038368225,0.6237778067588806,0.8402919173240662,-0.09141254425048828,0.7223092913627625,0.8394731283187866,-0.10843135416507721,0.718859851360321,0.8135568499565125,-0.1072297915816307,0.6961796283721924,0.7872787714004517,-0.1065988764166832
cerrar_izquierda,0.6043489575386047,0.7568528056144714,-8.633135450963891e-08,0.6395040154457092,0.6650195717811584,-0.019552426412701607,0.715940535068512,0.6190868020057678,-0.04733125492930412,0.7831089496612549,0.6441366076469421,-0.06814020127058029,0.7984118461608887,0.7093575596809387,-0.08532530814409256,0.6588978171348572,0.6358809471130371,-0.10170803219079971,0.7692405581474304,0.6447449326515198,-0.12868456542491913,0.74994957447052,0.6574048399925232,-0.13005921244621277,0.7179444432258606,0.6568971276283264,-0.12774023413658142,0.6585372686386108,0.7096680402755737,-0.10399109125137329,0.7769404649734497,0.7091940641403198,-0.1246844157576561,0.7527104020118713,0.7128933072090149,-0.10980426520109177,0.7143016457557678,0.7154936790466309,-0.1005311906337738,0.6680854558944702,0.7752865552902222,-0.10310620069503784,0.7750503420829773,0.765649139881134,-0.1066906750202179,0.7499113082885742,0.7614119052886963,-0.08002421259880066,0.7137155532836914,0.7628998160362244,-0.06566200405359268,0.6822963953018188,0.8310294151306152,-0.1043604388833046,0.7624449729919434,0.8108783960342407,-0.0958608016371727,0.7415477633476257,0.8038921356201172,-0.07491090148687363,0.7104949951171875,0.8091735243797302,-0.0650591254234314
cerrar_izquierda,0.6826746463775635,0.7586705088615417,-1.1713970593518752e-07,0.7125745415687561,0.6767324805259705,-0.018778648227453232,0.7829440832138062,0.6381847858428955,-0.042426224797964096,0.8476404547691345,0.6632740497589111,-0.058965910226106644,0.8702438473701477,0.7128252387046814,-0.07139302790164948,0.7413018345832825,0.6470244526863098,-0.09362340718507767,0.8478918075561523,0.6572514772415161,-0.11781250685453415,0.8286269307136536,0.6691514849662781,-0.11692924797534943,0.7967162132263184,0.668512761592865,-0.11219476163387299,0.7429507970809937,0.7203187346458435,-0.0935945063829422,0.854682981967926,0.7197096347808838,-0.11308683454990387,0.8326409459114075,0.7230722308158875,-0.09880157560110092,0.7955925464630127,0.7242557406425476,-0.08814648538827896,0.7522788047790527,0.7853020429611206,-0.09064028412103653,0.851383626461029,0.7728037238121033,-0.09534848481416702,0.8292040228843689,0.7693452835083008,-0.07046912610530853,0.7948070168495178,0.7703052759170532,-0.05561934411525726,0.7651739716529846,0.8392953872680664,-0.08934823423624039,0.8379427790641785,0.818202793598175,-0.0849861353635788,0.8196303248405457,0.8111518621444702,-0.06703484803438187,0.7926087975502014,0.8169398307800293,-0.057252295315265656
cerrar_izquierda,0.6791999340057373,0.5637693405151367,-5.5205820359560676e-08,0.7049137949943542,0.4803749620914459,-0.015050748363137245,0.7758170366287231,0.4303693175315857,-0.039528146386146545,0.842217206954956,0.44935232400894165,-0.058923397213220596,0.8631891012191772,0.501495897769928,-0.07503093034029007,0.7281844615936279,0.42782360315322876,-0.0839758962392807,0.8250139951705933,0.43468597531318665,-0.11004412174224854,0.8096359968185425,0.4582265317440033,-0.11475151777267456,0.7803846001625061,0.4650527238845825,-0.11547566950321198,0.7297050356864929,0.49158620834350586,-0.08873800933361053,0.8332670331001282,0.4965567886829376,-0.10914509743452072,0.8105794787406921,0.5095623135566711,-0.09796278923749924,0.776577353477478,0.5097374320030212,-0.09180433303117752,0.7390627861022949,0.5516714453697205,-0.09106648713350296,0.8339567184448242,0.5496628880500793,-0.09593184292316437,0.8090950846672058,0.5541145205497742,-0.07215659320354462,0.7774369716644287,0.5520066618919373,-0.059896405786275864,0.7515015602111816,0.605634868144989,-0.09524093568325043,0.8239739537239075,0.5923669934272766,-0.08839122205972672,0.8022783398628235,0.5932047963142395,-0.06856715679168701,0.7733296751976013,0.5943998694419861,-0.058797579258680344
cerrar_izquierda,0.7426996827125549,0.4690920114517212,-8.675926466139572e-08,0.7735525369644165,0.37078577280044556,-0.012436328455805779,0.8501695394515991,0.30593082308769226,-0.03923707827925682,0.9282951951026917,0.29862475395202637,-0.06290137767791748,0.9545462131500244,0.3433224558830261,-0.081756092607975,0.7968679666519165,0.2730008363723755,-0.07981507480144501,0.9091591238975525,0.26836612820625305,-0.10714048147201538,0.8998367786407471,0.31344887614250183,-0.11125877499580383,0.8689734935760498,0.3278080224990845,-0.11259328573942184,0.7988547086715698,0.3393799960613251,-0.09107259660959244,0.9205588698387146,0.3458818197250366,-0.11046205461025238,0.9022287726402283,0.3788408041000366,-0.09746628254652023,0.8669148087501526,0.37992605566978455,-0.09191609919071198,0.8094972372055054,0.40811100602149963,-0.10041947662830353,0.9192011952400208,0.4124610424041748,-0.10649639368057251,0.8969438672065735,0.4328247010707855,-0.08166813105344772,0.8634390830993652,0.42978155612945557,-0.07036637514829636,0.8250946998596191,0.4746067523956299,-0.11170646548271179,0.9092855453491211,0.4659695029258728,-0.10562890768051147,0.8877605199813843,0.477568119764328,-0.08447521924972534,0.8560347557067871,0.4778161346912384,-0.07444629818201065
cerrar_izquierda,0.7372162938117981,0.364694207906723,-1.3415404964689515e-07,0.7658233642578125,0.272339403629303,-0.00942135602235794,0.8313170671463013,0.20124398171901703,-0.03567848354578018,0.9058660864830017,0.17568418383598328,-0.060165490955114365,0.938300609588623,0.19750915467739105,-0.0798463299870491,0.7798113226890564,0.13918164372444153,-0.07317982614040375,0.8885257840156555,0.12713472545146942,-0.09819290041923523,0.8888044357299805,0.17970731854438782,-0.0997762531042099,0.8608955144882202,0.19917188584804535,-0.10049352049827576,0.7828898429870605,0.19697731733322144,-0.08758265525102615,0.9048389196395874,0.20346295833587646,-0.10683675855398178,0.8921976089477539,0.24731989204883575,-0.09586121141910553,0.8581244945526123,0.25046953558921814,-0.09223350882530212,0.7952346205711365,0.2627161741256714,-0.10003963112831116,0.9073089957237244,0.2728087306022644,-0.10971536487340927,0.8870879411697388,0.3028075695037842,-0.0891709253191948,0.8533045649528503,0.30046477913856506,-0.08062031120061874,0.813373327255249,0.32755395770072937,-0.11392675340175629,0.8984906673431396,0.3283628523349762,-0.11320997029542923,0.8774811625480652,0.34782394766807556,-0.09683875739574432,0.8456974625587463,0.3473709225654602,-0.08963946253061295
cerrar_izquierda,0.6586811542510986,0.3656556010246277,-1.3701587420200667e-07,0.6869117021560669,0.2755836844444275,-0.011069238185882568,0.7483692765235901,0.19528162479400635,-0.037109486758708954,0.818726658821106,0.16405066847801208,-0.06271840631961823,0.8432968258857727,0.1834135800600052,-0.08399040251970291,0.6885493993759155,0.128647118806839,-0.07007889449596405,0.7997381091117859,0.11195125430822372,-0.10300493240356445,0.8015881776809692,0.16725046932697296,-0.11093021929264069,0.7772352695465088,0.18497197329998016,-0.11531209200620651,0.6852676868438721,0.1865566372871399,-0.0858427956700325,0.8149435520172119,0.19467119872570038,-0.11518704891204834,0.7996902465820312,0.24340353906154633,-0.10709089040756226,0.768029510974884,0.2434038668870926,-0.1034674420952797,0.692895770072937,0.2513825595378876,-0.10120932012796402,0.8166502118110657,0.2632598578929901,-0.12120064347982407,0.7934079766273499,0.2985282242298126,-0.10278764367103577,0.7605269551277161,0.2941668629646301,-0.0930917039513588,0.7086026072502136,0.31489866971969604,-0.11832201480865479,0.8038615584373474,0.32139769196510315,-0.12455853819847107,0.7818288207054138,0.34223830699920654,-0.11154676228761673,0.7498193979263306,0.33968567848205566,-0.10529471933841705
cerrar_izquierda,0.5603340268135071,0.37639284133911133,-1.1214125095193594e-07,0.5937016010284424,0.28095757961273193,-0.017372412607073784,0.6502673625946045,0.1887589991092682,-0.04536014422774315,0.7154035568237305,0.15760695934295654,-0.07073567807674408,0.7378857135772705,0.19904722273349762,-0.09127967059612274,0.5766469240188599,0.13666421175003052,-0.08278217166662216,0.688755989074707,0.11773467808961868,-0.11199478805065155,0.692803680896759,0.17356020212173462,-0.11308842152357101,0.666408360004425,0.194295734167099,-0.11399798840284348,0.5690775513648987,0.1965174376964569,-0.09499698877334595,0.7017096281051636,0.20097613334655762,-0.12576690316200256,0.6875317692756653,0.25108733773231506,-0.11635059118270874,0.6537553071975708,0.2510254383087158,-0.11210273206233978,0.5757970809936523,0.26246100664138794,-0.10597236454486847,0.7021811008453369,0.27025696635246277,-0.1265823394060135,0.6801137328147888,0.3059593439102173,-0.10875052958726883,0.6468020677566528,0.3022221028804779,-0.10000486671924591,0.5919995903968811,0.32611504197120667,-0.11904696375131607,0.690192699432373,0.3253950774669647,-0.12868212163448334,0.6687692999839783,0.3467995524406433,-0.1188015341758728,0.6358765959739685,0.34742623567581177,-0.11468949913978577
cerrar_izquierda,0.5241394639015198,0.3937170207500458,-5.7989261392776825e-08,0.5710324645042419,0.29488250613212585,-0.01843094453215599,0.6234490275382996,0.20017093420028687,-0.04558517783880234,0.6782543063163757,0.16858714818954468,-0.07081902027130127,0.6952736973762512,0.21408800780773163,-0.09158395975828171,0.5295372009277344,0.14457811415195465,-0.07795105874538422,0.634655237197876,0.13089601695537567,-0.10563920438289642,0.6439534425735474,0.18939387798309326,-0.10593518614768982,0.6209396719932556,0.21262049674987793,-0.1071276068687439,0.518242597579956,0.2048385739326477,-0.09014450758695602,0.6500496864318848,0.21095293760299683,-0.12167677283287048,0.6401056051254272,0.267427533864975,-0.11284854263067245,0.6082921624183655,0.2702676057815552,-0.10806400328874588,0.5241802334785461,0.27342551946640015,-0.10172449052333832,0.6517637968063354,0.28733697533607483,-0.12302420288324356,0.6311709880828857,0.32534390687942505,-0.10743989050388336,0.5977184772491455,0.3244531452655792,-0.09961660951375961,0.5404563546180725,0.3395753800868988,-0.11591829359531403,0.6406623125076294,0.3447006940841675,-0.1289096623659134,0.6207532286643982,0.3633526861667633,-0.12434470653533936,0.588531494140625,0.3645353317260742,-0.12311876565217972
cerrar_izquierda,0.49620354175567627,0.4011569619178772,-5.3549509715367094e-08,0.5438620448112488,0.3001030683517456,-0.020709224045276642,0.5968335270881653,0.20339804887771606,-0.04843715950846672,0.6520619988441467,0.1725490689277649,-0.07342176884412766,0.6670055389404297,0.21991445124149323,-0.09365808218717575,0.5017454028129578,0.151198610663414,-0.08297625929117203,0.6088215708732605,0.1370999813079834,-0.10914076864719391,0.6190470457077026,0.19599348306655884,-0.10756631195545197,0.5972141027450562,0.2222677618265152,-0.10769050568342209,0.48969128727912903,0.2107018530368805,-0.09299732744693756,0.6245696544647217,0.21801632642745972,-0.12252484261989594,0.6140904426574707,0.27389177680015564,-0.11245285719633102,0.5826154351234436,0.27649402618408203,-0.10752709209918976,0.49544358253479004,0.2778269648551941,-0.10209879279136658,0.62591153383255,0.29486316442489624,-0.12103037536144257,0.6031716465950012,0.33165085315704346,-0.1049903929233551,0.5690880417823792,0.32971182465553284,-0.09793638437986374,0.5116572380065918,0.34311187267303467,-0.11403801292181015,0.6127642393112183,0.3520859181880951,-0.12579768896102905,0.5914371013641357,0.3693787455558777,-0.12141629308462143,0.5589449405670166,0.3686610460281372,-0.12113594263792038
cerrar_izquierda,0.40380144119262695,0.3976649045944214,-6.302831678794973e-08,0.4420049488544464,0.28427746891975403,-0.029325727373361588,0.47756874561309814,0.1933264434337616,-0.06042075529694557,0.5172348022460938,0.16458076238632202,-0.08982113003730774,0.5216126441955566,0.21371117234230042,-0.11444682627916336,0.3517219126224518,0.1434733271598816,-0.06971088796854019,0.46510347723960876,0.12481535971164703,-0.10941856354475021,0.4815753102302551,0.17957362532615662,-0.12441223114728928,0.4632377326488495,0.2031942754983902,-0.13429279625415802,0.34002143144607544,0.21573993563652039,-0.07808925211429596,0.4877649247646332,0.21051008999347687,-0.11515246331691742,0.47982072830200195,0.2607649266719818,-0.11477015912532806,0.44983333349227905,0.2658190131187439,-0.1159246563911438,0.35119324922561646,0.29345905780792236,-0.08902198076248169,0.49842894077301025,0.292020708322525,-0.11358269304037094,0.47656527161598206,0.3244510293006897,-0.10131456702947617,0.44195425510406494,0.32313990592956543,-0.09468482434749603,0.371511310338974,0.3650168478488922,-0.10494183003902435,0.48867154121398926,0.3628912568092346,-0.12192510068416595,0.4672209620475769,0.37758171558380127,-0.12168104201555252,0.4309037923812866,0.3778887987136841,-0.1220807433128357
cerrar_izquierda,0.3839586079120636,0.3906855881214142,-1.0699359620502946e-07,0.42368003726005554,0.2910809814929962,-0.027144528925418854,0.46047136187553406,0.20556727051734924,-0.05675859749317169,0.4901355504989624,0.16599717736244202,-0.0846979022026062,0.4845508337020874,0.19980071485042572,-0.10783963650465012,0.3280658423900604,0.1395193338394165,-0.06946786493062973,0.4379695653915405,0.12473058700561523,-0.11013833433389664,0.4477286636829376,0.1770484447479248,-0.12529900670051575,0.42284998297691345,0.1938210427761078,-0.13508757948875427,0.31411460041999817,0.20679129660129547,-0.07903650403022766,0.4564940929412842,0.20667800307273865,-0.11742473393678665,0.44526636600494385,0.2582017481327057,-0.1168820783495903,0.41461318731307983,0.2641877830028534,-0.11795835942029953,0.3226415514945984,0.2831175625324249,-0.09103670716285706,0.4623458683490753,0.2897605001926422,-0.11898604780435562,0.4401397705078125,0.32716065645217896,-0.10725615173578262,0.4074864387512207,0.32762619853019714,-0.10048328340053558,0.340536504983902,0.35632920265197754,-0.1074969619512558,0.4505958557128906,0.35842981934547424,-0.12558849155902863,0.4297759532928467,0.3782902657985687,-0.12567271292209625,0.39544621109962463,0.3804749846458435,-0.12644051015377045
cerrar_izquierda,0.349800705909729,0.39477965235710144,-2.280161055523422e-07,0.3884771466255188,0.3039122521877289,-0.028353221714496613,0.4185340106487274,0.22305619716644287,-0.05495787039399147,0.43604183197021484,0.18419761955738068,-0.08031142503023148,0.4261665940284729,0.2187301367521286,-0.10102380812168121,0.27169740200042725,0.14717483520507812,-0.05238208919763565,0.3762352764606476,0.1307387351989746,-0.09513837099075317,0.3974493741989136,0.1874934434890747,-0.11823118478059769,0.3780783712863922,0.20682094991207123,-0.13372112810611725,0.25415247678756714,0.21164441108703613,-0.06081784516572952,0.39349979162216187,0.21484099328517914,-0.09810973703861237,0.3974662125110626,0.26627784967422485,-0.10519545525312424,0.3692396581172943,0.2721492052078247,-0.11173844337463379,0.26126205921173096,0.28706252574920654,-0.07310540229082108,0.39771416783332825,0.2964779734611511,-0.10169712454080582,0.3941578269004822,0.3324657678604126,-0.09661529958248138,0.36493992805480957,0.33170053362846375,-0.09383464604616165,0.2793261408805847,0.3600139617919922,-0.08988753706216812,0.3876323699951172,0.3638477921485901,-0.10901641845703125,0.3817427456378937,0.38268011808395386,-0.11196141690015793,0.35148799419403076,0.38332176208496094,-0.11397605389356613
cerrar_izquierda,0.3197385370731354,0.40069490671157837,-2.540207901802205e-07,0.36041757464408875,0.3098713457584381,-0.027320854365825653,0.39183157682418823,0.2303103804588318,-0.05561572685837746,0.4044901728630066,0.17992602288722992,-0.08324877172708511,0.3837031126022339,0.20782428979873657,-0.10613422095775604,0.23855149745941162,0.13997110724449158,-0.04839867725968361,0.33240020275115967,0.13390874862670898,-0.09267425537109375,0.359573632478714,0.18793581426143646,-0.11797048151493073,0.34554943442344666,0.20458300411701202,-0.13433951139450073,0.21779698133468628,0.20382049679756165,-0.057734858244657516,0.3447486162185669,0.21197813749313354,-0.09483449906110764,0.362932413816452,0.26028692722320557,-0.10332650691270828,0.34297412633895874,0.2628347873687744,-0.11028197407722473,0.22060811519622803,0.2786569595336914,-0.07085501402616501,0.34868180751800537,0.29023972153663635,-0.10210077464580536,0.3587931990623474,0.3231450021266937,-0.09760899096727371,0.3359833359718323,0.32339972257614136,-0.09401068836450577,0.23619908094406128,0.3511005640029907,-0.08794229477643967,0.3385266065597534,0.35506778955459595,-0.10696892440319061,0.3429471254348755,0.37235304713249207,-0.10740016400814056,0.3182927370071411,0.3730832040309906,-0.10681383311748505
cerrar_izquierda,0.2707023620605469,0.420268714427948,-3.476898484677804e-07,0.31085634231567383,0.32608625292778015,-0.03076278790831566,0.3372902274131775,0.23874256014823914,-0.05969017371535301,0.3386017382144928,0.18406076729297638,-0.08726043999195099,0.3119274377822876,0.21679192781448364,-0.10948637127876282,0.17802491784095764,0.14880883693695068,-0.043457578867673874,0.2601425349712372,0.141354501247406,-0.08755546808242798,0.295926570892334,0.19747613370418549,-0.1150459572672844,0.28603941202163696,0.21818718314170837,-0.13286419212818146,0.15488660335540771,0.2097390592098236,-0.050763048231601715,0.27312424778938293,0.22127476334571838,-0.08629745990037918,0.3027614653110504,0.2700408399105072,-0.09717661887407303,0.28514471650123596,0.2750110626220703,-0.10557225346565247,0.15482839941978455,0.2830177843570709,-0.06240100786089897,0.278631329536438,0.29809725284576416,-0.09107260406017303,0.29634785652160645,0.3306092917919159,-0.08730767667293549,0.2726426124572754,0.33303871750831604,-0.08483289927244186,0.16874107718467712,0.356038898229599,-0.07850241661071777,0.2693137526512146,0.36423563957214355,-0.09539126604795456,0.2820010483264923,0.3806135654449463,-0.09495680034160614,0.2600908875465393,0.3827817738056183,-0.09363938122987747
cerrar_izquierda,0.21935169398784637,0.39814406633377075,-3.6243713452677184e-07,0.2552913725376129,0.3116973638534546,-0.032703232020139694,0.2753686308860779,0.22670449316501617,-0.061050765216350555,0.26721882820129395,0.174049511551857,-0.08736777305603027,0.23143386840820312,0.20155134797096252,-0.10849971324205399,0.11315368115901947,0.1458049863576889,-0.040528640151023865,0.183453768491745,0.13485407829284668,-0.08439763635396957,0.22269663214683533,0.18735946714878082,-0.11232258379459381,0.22012324631214142,0.21007171273231506,-0.12976998090744019,0.08563507348299026,0.20273005962371826,-0.045550696551799774,0.1913931667804718,0.20945130288600922,-0.08212123066186905,0.23066477477550507,0.25827279686927795,-0.09536022692918777,0.22267873585224152,0.26922184228897095,-0.1036711260676384,0.08162597566843033,0.2719031274318695,-0.055136531591415405,0.19645781815052032,0.2856457829475403,-0.08562087267637253,0.2242332398891449,0.3176611065864563,-0.08523810654878616,0.20768791437149048,0.3233458995819092,-0.08370762318372726,0.09229997545480728,0.3419293165206909,-0.06888627260923386,0.18755558133125305,0.35231563448905945,-0.08710998296737671,0.20946191251277924,0.3673856556415558,-0.08806384354829788,0.19313278794288635,0.3693453371524811,-0.08680910617113113
cerrar_izquierda,0.1622922718524933,0.7823671102523804,-9.103088416395622e-08,0.16855794191360474,0.7397729158401489,-0.024631286039948463,0.16608640551567078,0.70635586977005,-0.04228394851088524,0.16752789914608002,0.7266055345535278,-0.05585546791553497,0.16618332266807556,0.7652386426925659,-0.0666728988289833,0.07760778814554214,0.7210932970046997,-0.03484814614057541,0.13409073650836945,0.7330511808395386,-0.061345476657152176,0.15052065253257751,0.7316150665283203,-0.07901565730571747,0.14011889696121216,0.7257997393608093,-0.09076076745986938,0.06871701776981354,0.7705541253089905,-0.03389761969447136,0.14111623167991638,0.7749006748199463,-0.05435119569301605,0.15317602455615997,0.7645094990730286,-0.06093910336494446,0.13531051576137543,0.7595008015632629,-0.06581338495016098,0.07620394229888916,0.8131380081176758,-0.035597071051597595,0.14633530378341675,0.8133448362350464,-0.051907386630773544,0.1550135314464569,0.799651026725769,-0.04725723713636398,0.13608339428901672,0.7955312728881836,-0.04400201514363289,0.09121860563755035,0.8482711315155029,-0.04054391756653786,0.1436091661453247,0.8454788327217102,-0.05362313240766525,0.1545063853263855,0.8296828866004944,-0.05227679759263992,0.1422804892063141,0.8216279149055481,-0.049358077347278595
cerrar_izquierda,0.2014794945716858,0.7872846722602844,-1.3087252170862484e-07,0.20895367860794067,0.7473651170730591,-0.025719953700900078,0.20650242269039154,0.7139323353767395,-0.0444585345685482,0.2065204381942749,0.7349278926849365,-0.059280235320329666,0.20206594467163086,0.7748984694480896,-0.07120927423238754,0.11416810750961304,0.7229723930358887,-0.0342283621430397,0.16784019768238068,0.7367444634437561,-0.06281215697526932,0.1898222416639328,0.7362987399101257,-0.08282248675823212,0.18387600779533386,0.7279673218727112,-0.09567314386367798,0.10378476977348328,0.7720723152160645,-0.03284510597586632,0.1768593192100525,0.7803798317909241,-0.05500457063317299,0.19375434517860413,0.7716095447540283,-0.06288157403469086,0.17791502177715302,0.7635377049446106,-0.06804873049259186,0.10997209697961807,0.8150590658187866,-0.034396786242723465,0.18023043870925903,0.8177617788314819,-0.05152811110019684,0.192093163728714,0.8058079481124878,-0.047013651579618454,0.1749706119298935,0.7998523116111755,-0.04334518685936928,0.12325184047222137,0.8512687683105469,-0.03937321528792381,0.17562782764434814,0.8498864769935608,-0.052182286977767944,0.1886657178401947,0.8368819952011108,-0.050137925893068314,0.17750178277492523,0.8290181756019592,-0.04625304415822029
cerrar_izquierda,0.232374370098114,0.81658935546875,-1.3078936156318832e-08,0.24394658207893372,0.7647740244865417,-0.030063703656196594,0.24610693752765656,0.725307047367096,-0.051853109151124954,0.25545114278793335,0.7624159455299377,-0.06827425956726074,0.25775378942489624,0.8116413354873657,-0.0820673480629921,0.15195967257022858,0.7572554349899292,-0.046676840633153915,0.21984723210334778,0.7717974185943604,-0.07713434845209122,0.23412875831127167,0.7623251080513,-0.09794442355632782,0.22075155377388,0.7501758337020874,-0.11163950711488724,0.14392516016960144,0.8128682374954224,-0.04365547001361847,0.23011711239814758,0.8188371658325195,-0.06557951867580414,0.24091368913650513,0.8016926646232605,-0.07223646342754364,0.221760556101799,0.7916029095649719,-0.07808411866426468,0.15303248167037964,0.8591088652610779,-0.043265994638204575,0.2358897179365158,0.856889009475708,-0.059898193925619125,0.2423228770494461,0.8379899263381958,-0.053571172058582306,0.22094477713108063,0.8309594392776489,-0.049696456640958786,0.16972404718399048,0.8968072533607483,-0.046751875430345535,0.2308966964483261,0.8876299858093262,-0.058780305087566376,0.24023135006427765,0.869263768196106,-0.05594244599342346,0.22489148378372192,0.8614177107810974,-0.052657466381788254
cerrar_izquierda,0.2743763029575348,0.807550311088562,-1.6982205863769195e-08,0.28754448890686035,0.761545717716217,-0.03199300542473793,0.2946092188358307,0.7297655940055847,-0.0543205626308918,0.3059855103492737,0.7656086683273315,-0.07127707451581955,0.30609941482543945,0.8109703660011292,-0.08571723848581314,0.20941001176834106,0.7497493624687195,-0.049407538026571274,0.26206517219543457,0.7694807052612305,-0.07971551269292831,0.2752994894981384,0.7646002769470215,-0.09760197252035141,0.2636290490627289,0.7548092603683472,-0.10852771997451782,0.1967238038778305,0.8022508025169373,-0.04470152407884598,0.27285486459732056,0.8209646940231323,-0.07060535997152328,0.2925163209438324,0.803465723991394,-0.07567458599805832,0.2806543707847595,0.7889112234115601,-0.07784171402454376,0.20146732032299042,0.8461949825286865,-0.04275156557559967,0.27682429552078247,0.8571432828903198,-0.06251320242881775,0.29105344414711,0.8371951580047607,-0.0558440238237381,0.277189701795578,0.8254613280296326,-0.04988272488117218,0.21429410576820374,0.8833763003349304,-0.04457293823361397,0.2704557478427887,0.8865414261817932,-0.058397989720106125,0.28402477502822876,0.8679086565971375,-0.05584460496902466,0.27346348762512207,0.85582435131073,-0.05143347010016441
cerrar_izquierda,0.31950080394744873,0.82489013671875,-7.680004188159728e-09,0.33444738388061523,0.7724754810333252,-0.02861005999147892,0.34608104825019836,0.7329151034355164,-0.0490332655608654,0.36021164059638977,0.7639411687850952,-0.0640338659286499,0.36426788568496704,0.8073469996452332,-0.07703176140785217,0.2672763764858246,0.7672178745269775,-0.05006001144647598,0.3319892883300781,0.7827932238578796,-0.0764160230755806,0.342625230550766,0.7732537388801575,-0.09371773898601532,0.32966840267181396,0.7614142894744873,-0.10535214841365814,0.2575591504573822,0.8163230419158936,-0.04605719819664955,0.3381308317184448,0.8276771306991577,-0.06480003148317337,0.34725314378738403,0.8090079426765442,-0.06910519301891327,0.33184680342674255,0.796299397945404,-0.07405399531126022,0.2621355950832367,0.8575121164321899,-0.04381802678108215,0.3386751115322113,0.8631165623664856,-0.05803107097744942,0.347059965133667,0.8418887853622437,-0.050578780472278595,0.3326132893562317,0.8299034833908081,-0.046289682388305664,0.27353814244270325,0.8909966349601746,-0.045213185250759125,0.32728758454322815,0.8942510485649109,-0.056313689798116684,0.3368856906890869,0.8774423599243164,-0.05315513163805008,0.32661688327789307,0.8659127354621887,-0.04998907819390297
cerrar_izquierda,0.3436105251312256,0.8192517757415771,1.9312238919155789e-07,0.37137505412101746,0.7628759741783142,-0.023063167929649353,0.41014090180397034,0.7360043525695801,-0.04421493783593178,0.4415585994720459,0.7611749768257141,-0.06154525279998779,0.4534880220890045,0.8091408610343933,-0.07960422337055206,0.3488454818725586,0.7669445872306824,-0.0592101588845253,0.42316943407058716,0.7935348153114319,-0.08802386373281479,0.4291064143180847,0.7840582132339478,-0.11045532673597336,0.4151715040206909,0.7740455269813538,-0.12636026740074158,0.34310656785964966,0.8199981451034546,-0.05793498456478119,0.4302685558795929,0.834343671798706,-0.07350976020097733,0.43243998289108276,0.8122875690460205,-0.07635842263698578,0.41408148407936096,0.7974227070808411,-0.08400692790746689,0.3479137718677521,0.8623018264770508,-0.056927718222141266,0.4301566779613495,0.8671406507492065,-0.0672375038266182,0.4285844564437866,0.8468115329742432,-0.05684220418334007,0.4108193516731262,0.8331947326660156,-0.052519895136356354,0.3580612540245056,0.8920009136199951,-0.05968853458762169,0.4221394956111908,0.8915375471115112,-0.07113511860370636,0.4221749007701874,0.8748558759689331,-0.06748650968074799,0.4090637266635895,0.8670886158943176,-0.06542753428220749
cerrar_izquierda,0.37467727065086365,0.8107413649559021,1.7726949863572372e-07,0.3983605206012726,0.7526247501373291,-0.02631050907075405,0.43117988109588623,0.722873330116272,-0.048904042690992355,0.45946112275123596,0.7452840805053711,-0.06701094657182693,0.4722045361995697,0.794202983379364,-0.08578234165906906,0.36644497513771057,0.7476377487182617,-0.06408262252807617,0.4459746778011322,0.7722705602645874,-0.09336733818054199,0.4479013979434967,0.7662291526794434,-0.11442979425191879,0.43114975094795227,0.7581400275230408,-0.1295720636844635,0.3623407483100891,0.8015578985214233,-0.061794720590114594,0.45103147625923157,0.8115394711494446,-0.07800609618425369,0.445934921503067,0.795818567276001,-0.08047965168952942,0.4240226745605469,0.7859359979629517,-0.08807526528835297,0.36902859807014465,0.8459137082099915,-0.059920161962509155,0.4504331052303314,0.847322940826416,-0.0712263211607933,0.44342300295829773,0.831518828868866,-0.061442628502845764,0.42282912135124207,0.821183443069458,-0.05748099833726883,0.3805554509162903,0.8787210583686829,-0.061952024698257446,0.44153767824172974,0.8743682503700256,-0.07474673539400101,0.435368150472641,0.8587414026260376,-0.07259491831064224,0.4180641770362854,0.8520886301994324,-0.07146813720464706
cerrar_izquierda,0.402046799659729,0.8077471852302551,7.316337757856672e-08,0.42581045627593994,0.7548628449440002,-0.013822690583765507,0.47148963809013367,0.7251644134521484,-0.029972989112138748,0.5039295554161072,0.7395188808441162,-0.04060795158147812,0.5027201771736145,0.7771474719047546,-0.04906054213643074,0.4184218645095825,0.7570737600326538,-0.06905855983495712,0.4847022294998169,0.7746801376342773,-0.08431965112686157,0.484123170375824,0.7656288146972656,-0.08185431361198425,0.4674975275993347,0.7556496858596802,-0.07671453803777695,0.4123457670211792,0.8067013621330261,-0.06745254993438721,0.48769521713256836,0.8168538808822632,-0.08115486055612564,0.4918094575405121,0.7987893223762512,-0.06947987526655197,0.4800587594509125,0.7872776985168457,-0.061025094240903854,0.41505923867225647,0.8486138582229614,-0.06334616988897324,0.4872745871543884,0.853066086769104,-0.06726319342851639,0.4876995384693146,0.8319290280342102,-0.049979861825704575,0.4723278880119324,0.8201977014541626,-0.0387883186340332,0.4227098226547241,0.8821686506271362,-0.06031997874379158,0.4797838032245636,0.8791146874427795,-0.05498272553086281,0.48147842288017273,0.8611367344856262,-0.041618283838033676,0.46743538975715637,0.8536730408668518,-0.034367531538009644
cerrar_izquierda,0.44462114572525024,0.8092176914215088,-6.027064358704592e-08,0.46646079421043396,0.7530721426010132,-0.017178276553750038,0.5157118439674377,0.7236022353172302,-0.03433484956622124,0.5556247234344482,0.7418086528778076,-0.04547406733036041,0.5625093579292297,0.7808209657669067,-0.05349427089095116,0.47531846165657043,0.7489543557167053,-0.0732211023569107,0.5484778881072998,0.7549068331718445,-0.0896543487906456,0.5382491946220398,0.7525674104690552,-0.0861191600561142,0.5173618793487549,0.7490645051002502,-0.08038687705993652,0.47325319051742554,0.8008675575256348,-0.07082170248031616,0.5530259609222412,0.8017916679382324,-0.08659040182828903,0.5430163145065308,0.7907664179801941,-0.07505540549755096,0.5195287466049194,0.7853202223777771,-0.0652957633137703,0.478024423122406,0.8431347012519836,-0.0662713497877121,0.5493090748786926,0.8371785879135132,-0.07200740277767181,0.5411485433578491,0.8226318359375,-0.054980870336294174,0.5195943117141724,0.8171325922012329,-0.0434262715280056,0.48639005422592163,0.875768780708313,-0.0630730539560318,0.5422533750534058,0.8652666211128235,-0.06187274307012558,0.5365669131278992,0.8493288159370422,-0.05037877336144447,0.518341600894928,0.846791684627533,-0.043623264878988266
cerrar_izquierda,0.5931433439254761,0.8794739246368408,3.45488793129789e-08,0.6258419156074524,0.8112546801567078,-0.01828610710799694,0.683214008808136,0.77701735496521,-0.0410492941737175,0.7284426689147949,0.7976747751235962,-0.057288918644189835,0.7378844022750854,0.8478425145149231,-0.06985591351985931,0.6293780207633972,0.8036646842956543,-0.09061474353075027,0.7217422723770142,0.8172768950462341,-0.11113517731428146,0.7134701013565063,0.8208389282226562,-0.1077003926038742,0.6853044629096985,0.8158622980117798,-0.10123384743928909,0.6243190765380859,0.8657352924346924,-0.08943063765764236,0.723405659198761,0.8743652701377869,-0.10619793087244034,0.7178075909614563,0.8676235675811768,-0.09096556901931763,0.6926520466804504,0.8606425523757935,-0.08097374439239502,0.6288696527481079,0.9198963642120361,-0.08529843389987946,0.7217132449150085,0.9213503003120422,-0.08845940232276917,0.7123965620994568,0.9093908071517944,-0.06493072956800461,0.683512270450592,0.9024537205696106,-0.05140819028019905,0.6381046772003174,0.9635969400405884,-0.08303795754909515,0.7098923325538635,0.9619972705841064,-0.0772487074136734,0.7039289474487305,0.9482530355453491,-0.06059499457478523,0.6787078976631165,0.9434064030647278,-0.052072517573833466
cerrar_izquierda,0.6479920148849487,0.884158730506897,-1.0077479828396463e-07,0.6759176254272461,0.8121819496154785,-0.01894388347864151,0.7323392033576965,0.776362419128418,-0.03929330036044121,0.7804751396179199,0.7924581170082092,-0.05136639252305031,0.8058962225914001,0.8288947343826294,-0.05969616025686264,0.7012211084365845,0.8054826259613037,-0.09482064843177795,0.7905970215797424,0.8249821066856384,-0.1119583249092102,0.7751651406288147,0.8232191801071167,-0.10342728346586227,0.7463715672492981,0.8154256939888,-0.0936058834195137,0.6985341906547546,0.8699381351470947,-0.0907471776008606,0.7928130030632019,0.8729825019836426,-0.10605736076831818,0.7775293588638306,0.8633949160575867,-0.08929643034934998,0.7476081848144531,0.859333336353302,-0.07699897140264511,0.7029463052749634,0.9246335029602051,-0.0828748494386673,0.785181999206543,0.9193463325500488,-0.08673230558633804,0.7699148654937744,0.9056702852249146,-0.0635896772146225,0.741908609867096,0.9021032452583313,-0.049655672162771225,0.7097319960594177,0.9680879712104797,-0.0759592205286026,0.7728300094604492,0.9554898738861084,-0.0754200890660286,0.7608770728111267,0.9417982697486877,-0.06075279787182808,0.7377858757972717,0.9428313374519348,-0.051879316568374634
cerrar_izquierda,0.7182986736297607,0.8923914432525635,-3.033424320619815e-07,0.7550860047340393,0.809122622013092,-0.009110508486628532,0.8157362937927246,0.7665809392929077,-0.020707478746771812,0.8671419024467468,0.7825552225112915,-0.027716394513845444,0.886612594127655,0.8275752067565918,-0.03105567768216133,0.8037919998168945,0.8048999905586243,-0.05440688878297806,0.8889474868774414,0.8176579475402832,-0.06622784584760666,0.8635370135307312,0.8138409852981567,-0.06295511871576309,0.8350453972816467,0.8093852996826172,-0.05836166441440582,0.8071918487548828,0.8748503923416138,-0.05324640870094299,0.889499306678772,0.8705012202262878,-0.057987842708826065,0.8679652810096741,0.8632421493530273,-0.046630311757326126,0.8386270999908447,0.8627132177352905,-0.03934480622410774,0.8114954233169556,0.9314347505569458,-0.049438003450632095,0.879149317741394,0.9163994789123535,-0.04702423885464668,0.8611207604408264,0.908459484577179,-0.030888084322214127,0.8343960642814636,0.9070374965667725,-0.022422457113862038,0.8151470422744751,0.9738268852233887,-0.04597074165940285,0.8677560091018677,0.9516421556472778,-0.04259008914232254,0.8522447943687439,0.9434751868247986,-0.03043571673333645,0.8301411271095276,0.9467405080795288,-0.0230176392942667
cerrar_izquierda,0.7241523861885071,0.7536113262176514,-2.143289350442501e-07,0.7550445199012756,0.6728031039237976,-0.0090834591537714,0.8130896687507629,0.6241625547409058,-0.025625048205256462,0.8654606938362122,0.6283356547355652,-0.03831895440816879,0.8966489434242249,0.6597542762756348,-0.046777646988630295,0.8052310943603516,0.6385376453399658,-0.06524781137704849,0.9000735878944397,0.6540231704711914,-0.08602792024612427,0.8753421306610107,0.6648176908493042,-0.0868089348077774,0.8426710963249207,0.6628311276435852,-0.08322761952877045,0.806014895439148,0.7053017020225525,-0.06828867644071579,0.9032957553863525,0.714893102645874,-0.08081483840942383,0.8783648610115051,0.7168751358985901,-0.06745898723602295,0.843796968460083,0.7138112187385559,-0.05811834707856178,0.8091042637825012,0.7669893503189087,-0.06904052942991257,0.8932914733886719,0.7662291526794434,-0.07142889499664307,0.8700276613235474,0.7639896869659424,-0.048006098717451096,0.8387527465820312,0.7617242932319641,-0.034130603075027466,0.8123154044151306,0.8204855918884277,-0.0704435184597969,0.8782899379730225,0.8091002702713013,-0.06653295457363129,0.8587267398834229,0.8047592043876648,-0.04769788309931755,0.8326675295829773,0.8073899745941162,-0.03583167865872383
cerrar_izquierda,0.7277266383171082,0.7668017745018005,1.3671794363290246e-07,0.7630742788314819,0.6778179407119751,-0.024282611906528473,0.8356369137763977,0.6325521469116211,-0.05552414432168007,0.8960264921188354,0.6675736904144287,-0.07917460054159164,0.9101025462150574,0.7358031272888184,-0.09926509857177734,0.7645750641822815,0.6440646052360535,-0.10920199006795883,0.8656646609306335,0.6538171768188477,-0.13882121443748474,0.860835611820221,0.6667580604553223,-0.14158962666988373,0.8309468030929565,0.6714901924133301,-0.13926374912261963,0.7598749399185181,0.717170774936676,-0.110015869140625,0.8790310025215149,0.7242555022239685,-0.1399364471435547,0.8606786727905273,0.7254049777984619,-0.12846225500106812,0.8176692128181458,0.7219129800796509,-0.1193777397274971,0.7686952352523804,0.7804337739944458,-0.10769442468881607,0.8782144784927368,0.7775323987007141,-0.11768866330385208,0.8592499494552612,0.77045077085495,-0.09434002637863159,0.8228172659873962,0.7651304602622986,-0.08020425587892532,0.7835329174995422,0.833848237991333,-0.1077703982591629,0.870851993560791,0.8192546367645264,-0.10136491805315018,0.8560457229614258,0.8079243302345276,-0.08179464191198349,0.8229872584342957,0.8046087026596069,-0.07191136479377747
cerrar_izquierda,0.7266800999641418,0.7134382128715515,1.417661934510761e-07,0.7623953819274902,0.621988832950592,-0.022913919761776924,0.836094856262207,0.5711342692375183,-0.05308728292584419,0.8988940715789795,0.5991917848587036,-0.07637191563844681,0.9119159579277039,0.6630648374557495,-0.09633246064186096,0.7655829191207886,0.5792322158813477,-0.10332952439785004,0.86747145652771,0.5873440504074097,-0.13126343488693237,0.8593865036964417,0.6084311008453369,-0.13421735167503357,0.8301507234573364,0.6167994141578674,-0.13322052359580994,0.7616273164749146,0.6513396501541138,-0.10576776415109634,0.880137026309967,0.6573839783668518,-0.1353004276752472,0.8577303290367126,0.6656423807144165,-0.12418979406356812,0.8134492039680481,0.6664754748344421,-0.11536049842834473,0.7702369689941406,0.7165426015853882,-0.10541269183158875,0.8787368535995483,0.7127347588539124,-0.114357590675354,0.8567695021629333,0.7115678191184998,-0.0902223140001297,0.8207643628120422,0.7103773355484009,-0.07592761516571045,0.7851157784461975,0.7743791341781616,-0.1076493188738823,0.870087206363678,0.7579309344291687,-0.10124451667070389,0.8530117273330688,0.7513186931610107,-0.08172693103551865,0.8220857381820679,0.7520092725753784,-0.07196265459060669
cerrar_izquierda,0.7193636894226074,0.6514004468917847,7.017224845640158e-08,0.7550127506256104,0.5569187998771667,-0.02149379625916481,0.8351131677627563,0.5035638213157654,-0.05572156235575676,0.91029953956604,0.5224025845527649,-0.0837591215968132,0.9259898066520691,0.5853997468948364,-0.10776453465223312,0.7633579969406128,0.4945877194404602,-0.11167910695075989,0.8711487054824829,0.4973820745944977,-0.14014840126037598,0.8641467094421387,0.5291880965232849,-0.13944567739963531,0.8298532366752625,0.5437623262405396,-0.1363275796175003,0.7584066390991211,0.564333438873291,-0.11835835874080658,0.8845047354698181,0.5716739892959595,-0.14455872774124146,0.8623526096343994,0.589011013507843,-0.12787757813930511,0.8188861608505249,0.5881088972091675,-0.11805488914251328,0.7656777501106262,0.6320080161094666,-0.1219312772154808,0.8827112913131714,0.6307295560836792,-0.1306242197751999,0.8582195043563843,0.6361997127532959,-0.10349360853433609,0.8205001950263977,0.6343852281570435,-0.0896109864115715,0.7799991965293884,0.6945178508758545,-0.12801077961921692,0.8719893097877502,0.6811867356300354,-0.12393908202648163,0.8522080779075623,0.6790969371795654,-0.10398924350738525,0.8174090385437012,0.6790875792503357,-0.0947234183549881
cerrar_izquierda,0.7210211753845215,0.5998055338859558,9.322362615193924e-08,0.7587332129478455,0.505239725112915,-0.018977614119648933,0.8380311131477356,0.44157662987709045,-0.052135877311229706,0.9132487773895264,0.444576233625412,-0.07966049760580063,0.9256288409233093,0.4967198073863983,-0.10270310193300247,0.7623573541641235,0.4256950318813324,-0.10825416445732117,0.8710508942604065,0.4187464416027069,-0.13459265232086182,0.8719649910926819,0.45992377400398254,-0.131484255194664,0.8415394425392151,0.48143270611763,-0.12734225392341614,0.7587236166000366,0.49352213740348816,-0.11750610917806625,0.8878058195114136,0.49330243468284607,-0.14281369745731354,0.8700299263000488,0.5228069424629211,-0.12575188279151917,0.8279519081115723,0.5270591974258423,-0.11551380157470703,0.7675862312316895,0.5618645548820496,-0.12338295578956604,0.8857683539390564,0.5599105358123779,-0.1320660412311554,0.8633508682250977,0.574691653251648,-0.10549210757017136,0.8261578679084778,0.5737091302871704,-0.09235358238220215,0.7841519117355347,0.626268744468689,-0.13158711791038513,0.8777859210968018,0.6150257587432861,-0.12891043722629547,0.8580335378646851,0.618557870388031,-0.10998564213514328,0.823032796382904,0.6187219619750977,-0.10133645683526993
cerrar_izquierda,0.7097519636154175,0.5211405158042908,-2.0909038944694203e-09,0.7417583465576172,0.4248853325843811,-0.014427343383431435,0.8178877830505371,0.3546677529811859,-0.04574102535843849,0.8956469893455505,0.34725525975227356,-0.07332716137170792,0.9130164980888367,0.3998788297176361,-0.09675504267215729,0.7511125802993774,0.3268708288669586,-0.09583206474781036,0.8592191934585571,0.3178088068962097,-0.12080796808004379,0.8595969676971436,0.3623626232147217,-0.1180250346660614,0.82956862449646,0.38212230801582336,-0.11524315923452377,0.7465843558311462,0.39043864607810974,-0.10893505066633224,0.8732068538665771,0.39054569602012634,-0.13116714358329773,0.8578404784202576,0.42880499362945557,-0.11423962563276291,0.8200968503952026,0.43346723914146423,-0.10542839765548706,0.7540802955627441,0.4577043652534485,-0.11913824826478958,0.8723922371864319,0.45844197273254395,-0.1283816695213318,0.8508220911026001,0.482271671295166,-0.10341452807188034,0.8147461414337158,0.48190784454345703,-0.09180642664432526,0.7698309421539307,0.523079514503479,-0.13125859200954437,0.8622634410858154,0.5148007869720459,-0.1302635371685028,0.8420223593711853,0.5259066820144653,-0.11249571293592453,0.8069031238555908,0.5270188450813293,-0.1047123447060585
cerrar_izquierda,0.7230482697486877,0.4572431445121765,1.2382962211177073e-08,0.7495662569999695,0.36355677247047424,-0.012217535637319088,0.8150971531867981,0.2913587689399719,-0.04329966381192207,0.8885974884033203,0.2749255895614624,-0.07190397381782532,0.9148169755935669,0.31640827655792236,-0.09626781195402145,0.7533147931098938,0.2450314462184906,-0.08818048983812332,0.8606520295143127,0.22781172394752502,-0.11366783082485199,0.8647560477256775,0.27790147066116333,-0.11240432411432266,0.8398740291595459,0.2983340620994568,-0.11118178814649582,0.7523223757743835,0.30360016226768494,-0.10258137434720993,0.8788958191871643,0.30085310339927673,-0.12494036555290222,0.8676959872245789,0.34659332036972046,-0.11012066900730133,0.8336682915687561,0.35222727060317993,-0.1032227873802185,0.7623419761657715,0.36793261766433716,-0.11442819237709045,0.8799319267272949,0.37132588028907776,-0.12531644105911255,0.8594414591789246,0.4020593762397766,-0.1015990674495697,0.8247674107551575,0.4017036557197571,-0.09070981293916702,0.7796088457107544,0.43045422434806824,-0.12790454924106598,0.8706058263778687,0.4241383969783783,-0.12777116894721985,0.8514939546585083,0.44136518239974976,-0.11005357652902603,0.8183377981185913,0.4436045289039612,-0.10214102268218994
cerrar_izquierda,0.724844217300415,0.4159674644470215,-6.719741918459476e-08,0.7453155517578125,0.32555636763572693,-0.010488300584256649,0.8031012415885925,0.25230473279953003,-0.04064895585179329,0.8746698498725891,0.2297258973121643,-0.06915833801031113,0.9088116884231567,0.257486492395401,-0.0933568999171257,0.7490471005439758,0.18979932367801666,-0.0861491709947586,0.8586313724517822,0.1710406243801117,-0.1133790835738182,0.8616163730621338,0.22298786044120789,-0.11197978258132935,0.8368574380874634,0.24360884726047516,-0.11055343598127365,0.7496283054351807,0.24767835438251495,-0.10177523642778397,0.8761074542999268,0.24490401148796082,-0.12560144066810608,0.8658417463302612,0.2950301766395569,-0.11021365970373154,0.8360324501991272,0.3019242584705353,-0.1030602902173996,0.7608168721199036,0.31205257773399353,-0.11525776237249374,0.8790623545646667,0.3144538402557373,-0.12829111516475677,0.859427809715271,0.349600613117218,-0.10385579615831375,0.826191782951355,0.3523920774459839,-0.09247765690088272,0.7790672183036804,0.374958336353302,-0.13033965229988098,0.8701691627502441,0.3694210648536682,-0.1324567198753357,0.8518878221511841,0.3903261423110962,-0.11582156270742416,0.8206015825271606,0.3937402367591858,-0.1083851307630539
cerrar_izquierda,0.7306889891624451,0.3671756982803345,-1.0348765044909669e-07,0.7504780888557434,0.2804948687553406,-0.00785579439252615,0.8053329586982727,0.20720301568508148,-0.034807827323675156,0.878202497959137,0.18611754477024078,-0.06145995110273361,0.9190148711204529,0.20958611369132996,-0.08400311321020126,0.7563498616218567,0.12981748580932617,-0.07171383500099182,0.8664240837097168,0.11090889573097229,-0.10045184195041656,0.8680139780044556,0.16539843380451202,-0.10414758324623108,0.844129204750061,0.18584613502025604,-0.10621818900108337,0.7583454847335815,0.1821860522031784,-0.08771227300167084,0.883812665939331,0.183973491191864,-0.11091560870409012,0.8731204271316528,0.23483456671237946,-0.10014182329177856,0.8445683717727661,0.24024814367294312,-0.09628264605998993,0.7704058289527893,0.24407371878623962,-0.10236439853906631,0.886816143989563,0.25563758611679077,-0.11524468660354614,0.8661782145500183,0.2907521724700928,-0.09483218193054199,0.8333326578140259,0.28969621658325195,-0.08593007177114487,0.7876777648925781,0.3053082525730133,-0.1185363307595253,0.8779878616333008,0.307856023311615,-0.11967723816633224,0.8591092228889465,0.33006876707077026,-0.10458740592002869,0.8286122679710388,0.33058229088783264,-0.09809939563274384
cerrar_izquierda,0.6732592582702637,0.2966352105140686,-1.4778763102185621e-07,0.6953404545783997,0.2123095542192459,-0.0011280662147328258,0.7460010647773743,0.15018895268440247,-0.02124977670609951,0.8097561597824097,0.1375429779291153,-0.04255738854408264,0.8449438810348511,0.16056963801383972,-0.06026935204863548,0.7136756181716919,0.0794479101896286,-0.04714319482445717,0.805892288684845,0.07450401037931442,-0.06890955567359924,0.8037158846855164,0.12183195352554321,-0.0743190124630928,0.7817986607551575,0.14000104367733002,-0.0778210461139679,0.7200490236282349,0.12392193078994751,-0.06264596432447433,0.8182652592658997,0.13900738954544067,-0.07575920224189758,0.8086178302764893,0.17914414405822754,-0.06956195831298828,0.7848320603370667,0.18366101384162903,-0.06923731416463852,0.7330776453018188,0.17848552763462067,-0.07684636116027832,0.822533130645752,0.20003755390644073,-0.08236397057771683,0.8050587177276611,0.22742345929145813,-0.06833986192941666,0.7783907651901245,0.22403153777122498,-0.063751220703125,0.7499582767486572,0.2341640591621399,-0.09200935065746307,0.8208577632904053,0.2488008588552475,-0.08870359510183334,0.8013060092926025,0.26964983344078064,-0.07566147297620773,0.7749149799346924,0.2678315341472626,-0.07024719566106796
cerrar_izquierda,0.6240239143371582,0.3024316728115082,-1.3558498324073298e-07,0.6547867059707642,0.21791037917137146,-0.007111909333616495,0.7198485732078552,0.16890738904476166,-0.029266806319355965,0.7885249257087708,0.1673983931541443,-0.049224380403757095,0.823672354221344,0.19804860651493073,-0.06456365436315536,0.6852514147758484,0.11797719448804855,-0.0672471895813942,0.7872648239135742,0.11723288893699646,-0.09023328125476837,0.7771312594413757,0.15767250955104828,-0.0927392840385437,0.7492287755012512,0.1666339635848999,-0.09307323396205902,0.688747763633728,0.17790018022060394,-0.07805737853050232,0.7917098999023438,0.1943296194076538,-0.09053527563810349,0.7743407487869263,0.22274476289749146,-0.07762420922517776,0.745046854019165,0.21934202313423157,-0.07355152070522308,0.6984074711799622,0.24182996153831482,-0.08704383671283722,0.7856811285018921,0.25822657346725464,-0.08886042982339859,0.764592707157135,0.2739464044570923,-0.06553785502910614,0.7358198761940002,0.26650357246398926,-0.05628092586994171,0.7100289463996887,0.3030472993850708,-0.09739864617586136,0.7767861485481262,0.30580824613571167,-0.0895569697022438,0.7554504871368408,0.31586429476737976,-0.06922946870326996,0.7286291122436523,0.31148219108581543,-0.05997582525014877
cerrar_izquierda,0.5477482080459595,0.33300018310546875,-5.269198766200134e-08,0.5766963958740234,0.24500039219856262,-0.01277199387550354,0.6392006278038025,0.18231645226478577,-0.03972616046667099,0.7050588130950928,0.17610713839530945,-0.06439685821533203,0.7265740036964417,0.21885091066360474,-0.08466842025518417,0.5896816253662109,0.13709641993045807,-0.07880489528179169,0.6815496683120728,0.13366296887397766,-0.10151682049036026,0.684779703617096,0.18057408928871155,-0.09952244162559509,0.6625604033470154,0.1994773894548416,-0.09787832200527191,0.5845604538917542,0.191680446267128,-0.0910329520702362,0.6939097046852112,0.2139144241809845,-0.11205089092254639,0.6793847680091858,0.24968448281288147,-0.09964776039123535,0.6475313901901245,0.24579796195030212,-0.09412744641304016,0.5891481637954712,0.25394368171691895,-0.10126417875289917,0.692514955997467,0.27727994322776794,-0.11286469548940659,0.6717774271965027,0.29947903752326965,-0.09428074210882187,0.640689492225647,0.29187265038490295,-0.0863274335861206,0.6005629897117615,0.3153339624404907,-0.11320468038320541,0.6829108595848083,0.3291199505329132,-0.1158362478017807,0.6627922058105469,0.33981192111968994,-0.10337194800376892,0.6317262053489685,0.33398354053497314,-0.09825721383094788
cerrar_izquierda,0.5293309688568115,0.33454298973083496,-1.65000049179298e-08,0.5594607591629028,0.2482408732175827,-0.014032675884664059,0.6186561584472656,0.18051041662693024,-0.04100678861141205,0.6805900931358337,0.16824308037757874,-0.0657268762588501,0.6981418132781982,0.2061842381954193,-0.08591709285974503,0.560666561126709,0.13500842452049255,-0.07875372469425201,0.6536446213722229,0.13212761282920837,-0.10334509611129761,0.6564103364944458,0.1764923483133316,-0.10188779979944229,0.6340867280960083,0.19461634755134583,-0.10018109530210495,0.5542567372322083,0.1912441998720169,-0.09107775241136551,0.6681872606277466,0.21114593744277954,-0.1158643439412117,0.6511962413787842,0.24653591215610504,-0.10319383442401886,0.6182251572608948,0.24255037307739258,-0.09616796672344208,0.5587827563285828,0.25386297702789307,-0.10184761881828308,0.6656054258346558,0.2747386395931244,-0.1173110157251358,0.6427768468856812,0.2980974614620209,-0.09774801880121231,0.6120700240135193,0.2916754186153412,-0.08787189424037933,0.5708698034286499,0.31503766775131226,-0.11448120325803757,0.655086874961853,0.3273026645183563,-0.12046051770448685,0.6336145997047424,0.33799129724502563,-0.10861044377088547,0.6032032370567322,0.3326730728149414,-0.10303867608308792
cerrar_izquierda,0.49919387698173523,0.33962005376815796,-1.3707595059031519e-08,0.5273951888084412,0.2496393322944641,-0.01746957004070282,0.5823003053665161,0.17656034231185913,-0.04524277150630951,0.6427927017211914,0.16476336121559143,-0.0704796239733696,0.6620854139328003,0.21027730405330658,-0.09136904776096344,0.5190896391868591,0.1309412717819214,-0.07813763618469238,0.6120952367782593,0.12517696619033813,-0.104526087641716,0.6162386536598206,0.1721028983592987,-0.1058281734585762,0.5937931537628174,0.19026583433151245,-0.10691779106855392,0.5103811025619507,0.18752840161323547,-0.08912491053342819,0.6257107257843018,0.20426993072032928,-0.11670214682817459,0.6125251650810242,0.24780483543872833,-0.10812220722436905,0.5823202133178711,0.24393168091773987,-0.10391765832901001,0.5153672695159912,0.2506892681121826,-0.0989028811454773,0.6261689066886902,0.27352574467658997,-0.11681173741817474,0.6038976907730103,0.2995785176753998,-0.10041417926549911,0.5712988376617432,0.29224860668182373,-0.09243368357419968,0.5289934873580933,0.3112693727016449,-0.11089637875556946,0.6145979166030884,0.3254166543483734,-0.12012715637683868,0.5948861837387085,0.3392947316169739,-0.11161613464355469,0.5641339421272278,0.33570772409439087,-0.10785380005836487
cerrar_izquierda,0.45691394805908203,0.3489590287208557,1.101333468866983e-09,0.4977807104587555,0.2577430009841919,-0.017925232648849487,0.5457906723022461,0.18132814764976501,-0.044998228549957275,0.5925849080085754,0.16905160248279572,-0.0697203278541565,0.6070616245269775,0.21542975306510925,-0.08971640467643738,0.46721893548965454,0.13130347430706024,-0.07796517759561539,0.558847963809967,0.12178750336170197,-0.10379979759454727,0.5679106116294861,0.17858190834522247,-0.10303474962711334,0.5483564138412476,0.1983289122581482,-0.10230085253715515,0.4560528099536896,0.18505695462226868,-0.0879119262099266,0.5727040767669678,0.20119599997997284,-0.11511052399873734,0.5650362372398376,0.2515953481197357,-0.10426090657711029,0.5357726216316223,0.25111010670661926,-0.09815915673971176,0.4585850238800049,0.24648697674274445,-0.09702951461076736,0.5709939002990723,0.27296268939971924,-0.11485116183757782,0.5542880892753601,0.3058616518974304,-0.09790025651454926,0.5237675905227661,0.3014885485172272,-0.08934012800455093,0.4707304537296295,0.30680033564567566,-0.10836553573608398,0.560248076915741,0.32348987460136414,-0.1167929545044899,0.5445963740348816,0.3414449393749237,-0.1082586795091629,0.5148281455039978,0.3404652774333954,-0.10466324537992477
cerrar_izquierda,0.41918620467185974,0.33134135603904724,-5.189983909303919e-08,0.46257370710372925,0.24782750010490417,-0.017685910686850548,0.5071171522140503,0.17826113104820251,-0.044663142412900925,0.5452185869216919,0.16091616451740265,-0.07038071006536484,0.5502878427505493,0.19765891134738922,-0.09234049916267395,0.41907045245170593,0.1135929748415947,-0.06906580924987793,0.49864909052848816,0.10280895233154297,-0.10110743343830109,0.511237382888794,0.15346945822238922,-0.10853350907564163,0.49517402052879333,0.17445704340934753,-0.11362867802381516,0.40597695112228394,0.16731055080890656,-0.08168625831604004,0.5195544958114624,0.17996028065681458,-0.1159135028719902,0.5135045647621155,0.23318925499916077,-0.11252883076667786,0.4870428740978241,0.237461119890213,-0.11056902259588242,0.4094301462173462,0.23107057809829712,-0.09459956735372543,0.5217607617378235,0.25701749324798584,-0.11856554448604584,0.5047290921211243,0.2915921211242676,-0.10527758300304413,0.4759645462036133,0.28898006677627563,-0.097967728972435,0.4214862585067749,0.29221445322036743,-0.11027946323156357,0.5114883184432983,0.31328684091567993,-0.12508241832256317,0.49334537982940674,0.3315081000328064,-0.12072586268186569,0.46285557746887207,0.3290092349052429,-0.1188734769821167
cerrar_izquierda,0.4092716574668884,0.3320009112358093,-9.107944975994542e-08,0.44526171684265137,0.24494919180870056,-0.017127659171819687,0.4771338403224945,0.17433427274227142,-0.038025666028261185,0.5075209140777588,0.15891706943511963,-0.05823385342955589,0.5099155902862549,0.20122644305229187,-0.07492287456989288,0.3782244026660919,0.1216835305094719,-0.05264054611325264,0.4593958854675293,0.1168871521949768,-0.08276884257793427,0.4718853235244751,0.15695123374462128,-0.09384076297283173,0.4585263133049011,0.17420688271522522,-0.1013101115822792,0.3649730980396271,0.17789405584335327,-0.06277935206890106,0.4772949516773224,0.19589120149612427,-0.09015019983053207,0.4744558036327362,0.23245027661323547,-0.08857055008411407,0.4521186649799347,0.231559157371521,-0.08900165557861328,0.3697413206100464,0.24351313710212708,-0.0745316743850708,0.4838271141052246,0.2659478783607483,-0.09442595392465591,0.47026491165161133,0.2868298292160034,-0.08416841179132462,0.44401827454566956,0.2793850600719452,-0.07842910289764404,0.3822130262851715,0.30549782514572144,-0.08960364013910294,0.4749996066093445,0.3213844299316406,-0.10471689701080322,0.4614873230457306,0.32858896255493164,-0.10425139963626862,0.4348401129245758,0.32348746061325073,-0.10402500629425049
cerrar_izquierda,0.3754041790962219,0.33425623178482056,-1.360685786266913e-07,0.40628957748413086,0.24388940632343292,-0.017613638192415237,0.43642833828926086,0.17606066167354584,-0.03681505098938942,0.463428795337677,0.17134955525398254,-0.05518864095211029,0.46377378702163696,0.22290828824043274,-0.06958266347646713,0.3304617404937744,0.12763583660125732,-0.044496338814496994,0.41183921694755554,0.12986814975738525,-0.07622887194156647,0.42871278524398804,0.17024941742420197,-0.09194203466176987,0.41594457626342773,0.18370355665683746,-0.10316351056098938,0.31667232513427734,0.1877201795578003,-0.05408702418208122,0.4291427731513977,0.20672515034675598,-0.08065373450517654,0.4314725995063782,0.23821665346622467,-0.08413661271333694,0.4083705246448517,0.2320670485496521,-0.08922073245048523,0.3224945068359375,0.25493568181991577,-0.0658053457736969,0.43782341480255127,0.27800509333610535,-0.08539771288633347,0.4298693537712097,0.2952949106693268,-0.07909499853849411,0.4017490744590759,0.2823244035243988,-0.07652202248573303,0.3370763063430786,0.3170074224472046,-0.0809420496225357,0.4315660297870636,0.3336033821105957,-0.09698545932769775,0.4225628674030304,0.3376960754394531,-0.09899666905403137,0.39525163173675537,0.33006662130355835,-0.10074573755264282
cerrar_izquierda,0.33600151538848877,0.32927513122558594,-1.8302569060324458e-07,0.3608334958553314,0.25198936462402344,-0.02802813984453678,0.38010191917419434,0.1864454299211502,-0.053896572440862656,0.3861740827560425,0.15908223390579224,-0.07803694903850555,0.3758513927459717,0.19314706325531006,-0.09764575958251953,0.2561284601688385,0.12545008957386017,-0.04498632624745369,0.32983097434043884,0.1237688809633255,-0.08294922113418579,0.355543315410614,0.15977609157562256,-0.1060415729880333,0.3477845788002014,0.1730187088251114,-0.12119541317224503,0.24105773866176605,0.18384608626365662,-0.05079727992415428,0.35216158628463745,0.1987966001033783,-0.08152558654546738,0.3648292124271393,0.22691965103149414,-0.08975448459386826,0.3440309762954712,0.22802035510540009,-0.09656467288732529,0.2485043853521347,0.25008147954940796,-0.060188475996255875,0.36212068796157837,0.2636462152004242,-0.08327822387218475,0.36584991216659546,0.27740317583084106,-0.07672233134508133,0.34098708629608154,0.2733604609966278,-0.07233995199203491,0.26657843589782715,0.31360945105552673,-0.07410761713981628,0.3558959364891052,0.3192598521709442,-0.0912400558590889,0.3576814532279968,0.31991201639175415,-0.09125060588121414,0.33425775170326233,0.31294170022010803,-0.08949896693229675
cerrar_izquierda,0.3227691650390625,0.3267759680747986,-2.0394482191932184e-07,0.3492403030395508,0.25065258145332336,-0.02908891811966896,0.3670518100261688,0.18321608006954193,-0.0561925508081913,0.36753782629966736,0.1506909728050232,-0.08188987523317337,0.35167744755744934,0.18515269458293915,-0.10290886461734772,0.2372244894504547,0.120702363550663,-0.04130350425839424,0.303638756275177,0.11735819280147552,-0.08054570108652115,0.3328579366207123,0.15507109463214874,-0.10455063730478287,0.32792025804519653,0.16942870616912842,-0.11985918879508972,0.22037255764007568,0.17613321542739868,-0.047199152410030365,0.3239564597606659,0.1873924285173416,-0.07883515954017639,0.3441786468029022,0.22102607786655426,-0.08774097263813019,0.32621118426322937,0.22166545689105988,-0.0940113365650177,0.2253330945968628,0.2396768033504486,-0.05718217045068741,0.3359347879886627,0.25418365001678467,-0.08168000727891922,0.3455509841442108,0.2741434872150421,-0.07594231516122818,0.3220881521701813,0.27137812972068787,-0.07171009480953217,0.2417246699333191,0.30128180980682373,-0.07174235582351685,0.32886290550231934,0.3103571832180023,-0.08846081048250198,0.3356771469116211,0.3183482587337494,-0.08792624622583389,0.3139607310295105,0.3152488172054291,-0.08578209578990936
cerrar_izquierda,0.3029291033744812,0.3271397650241852,-2.3723636388695013e-07,0.32828080654144287,0.25597071647644043,-0.027777021750807762,0.3461509048938751,0.19429074227809906,-0.05476388335227966,0.34456753730773926,0.1587069183588028,-0.08064725995063782,0.3248084783554077,0.18288742005825043,-0.10175000131130219,0.2166593074798584,0.12025794386863708,-0.04081941768527031,0.27836257219314575,0.11090485751628876,-0.08178354054689407,0.30927184224128723,0.15135648846626282,-0.10623208433389664,0.30611076951026917,0.1687585562467575,-0.1211998462677002,0.19820831716060638,0.17366182804107666,-0.04733722284436226,0.29691168665885925,0.17982587218284607,-0.0815824344754219,0.32222896814346313,0.21960391104221344,-0.09117014706134796,0.30905845761299133,0.2261609435081482,-0.09686661511659622,0.20227202773094177,0.23608925938606262,-0.05791497975587845,0.31136465072631836,0.24819976091384888,-0.08564713597297668,0.3265436291694641,0.2738896608352661,-0.08117394894361496,0.30739083886146545,0.27464529871940613,-0.0767148956656456,0.219377338886261,0.29808127880096436,-0.07251551747322083,0.30661308765411377,0.3074283003807068,-0.08970725536346436,0.3175663948059082,0.31773895025253296,-0.08936995267868042,0.29909783601760864,0.3150098919868469,-0.08711095154285431
cerrar_izquierda,0.2883903980255127,0.3330260217189789,-2.489246355708019e-07,0.31218069791793823,0.2575233578681946,-0.023061804473400116,0.32448920607566833,0.184513658285141,-0.04485505446791649,0.3193534016609192,0.1473325788974762,-0.0658978819847107,0.3015821874141693,0.18077941238880157,-0.08227158337831497,0.19473114609718323,0.12641368806362152,-0.03306249529123306,0.2538736164569855,0.1130681037902832,-0.0691874772310257,0.28567659854888916,0.15141622722148895,-0.0908949002623558,0.2798219919204712,0.16721117496490479,-0.10494715720415115,0.1763354241847992,0.17990995943546295,-0.040523022413253784,0.2706209719181061,0.18312478065490723,-0.07167910784482956,0.2963474690914154,0.21614763140678406,-0.08198743313550949,0.2811011075973511,0.21917077898979187,-0.08913539350032806,0.18037515878677368,0.241623193025589,-0.0514344722032547,0.2860495448112488,0.24956363439559937,-0.07611673325300217,0.3016516864299774,0.271750271320343,-0.07351252436637878,0.2797122895717621,0.27193939685821533,-0.07148391008377075,0.1967802345752716,0.30087876319885254,-0.06591899693012238,0.28508034348487854,0.30849212408065796,-0.08169117569923401,0.2965337336063385,0.3187076449394226,-0.08268003910779953,0.2754039466381073,0.31712013483047485,-0.08222494274377823
cerrar_izquierda,0.2558978796005249,0.3177932798862457,-2.4346962845811504e-07,0.27103519439697266,0.2521530091762543,-0.026007549837231636,0.2759530544281006,0.18839377164840698,-0.04942966625094414,0.2645021080970764,0.156301811337471,-0.07140611857175827,0.2421589195728302,0.18645337224006653,-0.08874001353979111,0.14594322443008423,0.13804584741592407,-0.03270662575960159,0.19426220655441284,0.12331529706716537,-0.07057815045118332,0.2290753573179245,0.15863049030303955,-0.09427539259195328,0.22722315788269043,0.17692138254642487,-0.1089525818824768,0.12580543756484985,0.19239532947540283,-0.03820878639817238,0.20469245314598083,0.1878851056098938,-0.06967845559120178,0.24034301936626434,0.2178187370300293,-0.08032247424125671,0.23198667168617249,0.22570201754570007,-0.08629456907510757,0.12825268507003784,0.25357383489608765,-0.04772969335317612,0.22415471076965332,0.25667527318000793,-0.07397817075252533,0.2503798007965088,0.271217405796051,-0.07181615382432938,0.23448191583156586,0.2722814679145813,-0.06889636814594269,0.14414717257022858,0.3125174045562744,-0.06086887791752815,0.2258814126253128,0.31651461124420166,-0.07773096114397049,0.24801570177078247,0.31925851106643677,-0.07775279879570007,0.23456330597400665,0.31734535098075867,-0.07554246485233307
cerrar_izquierda,0.24481654167175293,0.31533870100975037,-2.631927600305062e-07,0.2585030198097229,0.25070738792419434,-0.02569604106247425,0.25930482149124146,0.186677947640419,-0.047704920172691345,0.244094580411911,0.15524297952651978,-0.06803462654352188,0.2194969356060028,0.1844889521598816,-0.08375108987092972,0.1284732073545456,0.13865628838539124,-0.02965792454779148,0.1733892560005188,0.12216924875974655,-0.06617485731840134,0.2082262933254242,0.15603038668632507,-0.08938397467136383,0.2075328677892685,0.17505350708961487,-0.10373589396476746,0.10748356580734253,0.19150954484939575,-0.0343722403049469,0.18332672119140625,0.18755510449409485,-0.06438998878002167,0.21980443596839905,0.21561972796916962,-0.07482825964689255,0.21228045225143433,0.22450926899909973,-0.080468088388443,0.10926802456378937,0.251736044883728,-0.0431705079972744,0.20164084434509277,0.25415241718292236,-0.06803849339485168,0.2283124029636383,0.26848018169403076,-0.06615692377090454,0.21253152191638947,0.2698967456817627,-0.0636042132973671,0.12500330805778503,0.3103192150592804,-0.0556086041033268,0.20580598711967468,0.3128454387187958,-0.07184303551912308,0.22887668013572693,0.3154335021972656,-0.0722842589020729,0.21603339910507202,0.3130178451538086,-0.07030860334634781
cerrar_izquierda,0.22802330553531647,0.31153059005737305,-2.7462797902444436e-07,0.24230113625526428,0.24663104116916656,-0.02525923028588295,0.2435791790485382,0.18248476088047028,-0.046835947781801224,0.22899436950683594,0.14771661162376404,-0.06712478399276733,0.20324048399925232,0.1747877299785614,-0.08278359472751617,0.11525209248065948,0.13191738724708557,-0.02716953307390213,0.15816201269626617,0.11262038350105286,-0.06400403380393982,0.1928081065416336,0.14823384582996368,-0.08702462911605835,0.1944691240787506,0.16941942274570465,-0.10073988884687424,0.09476317465305328,0.1825113594532013,-0.03203259035944939,0.1647956222295761,0.17399244010448456,-0.06458421051502228,0.20269039273262024,0.20497672259807587,-0.07610034942626953,0.20104610919952393,0.21714048087596893,-0.08115097880363464,0.09508173167705536,0.2413211613893509,-0.041078146547079086,0.18421384692192078,0.2415357530117035,-0.06858452409505844,0.21390675008296967,0.2611193060874939,-0.06807061284780502,0.20368652045726776,0.26737263798713684,-0.06485899537801743,0.10937806963920593,0.29905006289482117,-0.05349259823560715,0.18745246529579163,0.30089956521987915,-0.07043755054473877,0.210324227809906,0.30744972825050354,-0.0715382844209671,0.19784456491470337,0.3083178400993347,-0.06954862922430038
cerrar_izquierda,0.23780956864356995,0.28715091943740845,-2.5188049335156393e-07,0.25928184390068054,0.2134629189968109,-0.029574597254395485,0.27289676666259766,0.14517755806446075,-0.05768530070781708,0.27100899815559387,0.11405189335346222,-0.08415474742650986,0.2528669238090515,0.15558728575706482,-0.10583438724279404,0.12318888306617737,0.08355513960123062,-0.04058898612856865,0.2026614397764206,0.08318252861499786,-0.08303342014551163,0.233690083026886,0.1219114363193512,-0.11060899496078491,0.22129181027412415,0.137183278799057,-0.12870807945728302,0.10454922914505005,0.14383551478385925,-0.04781929403543472,0.212651789188385,0.14928384125232697,-0.08129733055830002,0.2414776235818863,0.18081778287887573,-0.09163781255483627,0.22505097091197968,0.18514159321784973,-0.09910305589437485,0.110948346555233,0.21107938885688782,-0.05942263826727867,0.2256280481815338,0.21591326594352722,-0.0883435532450676,0.24579349160194397,0.23341819643974304,-0.08400629460811615,0.22321370244026184,0.23307141661643982,-0.08006484806537628,0.13201554119586945,0.27521902322769165,-0.07530899345874786,0.22499382495880127,0.27548831701278687,-0.09537604451179504,0.23951217532157898,0.2816928029060364,-0.09582757949829102,0.21917158365249634,0.28015977144241333,-0.09395597875118256
cerrar_izquierda,0.23261728882789612,0.3533197045326233,-2.384959714163415e-07,0.25549933314323425,0.2791872024536133,-0.029815057292580605,0.2660539448261261,0.20857968926429749,-0.055779989808797836,0.26692745089530945,0.18314364552497864,-0.07913898676633835,0.25435522198677063,0.23326879739761353,-0.0982917994260788,0.1199067085981369,0.15863272547721863,-0.042754851281642914,0.20292937755584717,0.15676113963127136,-0.08187759667634964,0.23367264866828918,0.19338229298591614,-0.10850367695093155,0.21873676776885986,0.2072625458240509,-0.1274254322052002,0.10273232311010361,0.21914133429527283,-0.04913882538676262,0.20967790484428406,0.21909818053245544,-0.07964859902858734,0.23690958321094513,0.24755968153476715,-0.0901884213089943,0.21889527142047882,0.25033706426620483,-0.09995269775390625,0.11105046421289444,0.28569647669792175,-0.05936029180884361,0.22079041600227356,0.28167346119880676,-0.0848708227276802,0.23684737086296082,0.300049751996994,-0.08054904639720917,0.2106998860836029,0.29997798800468445,-0.07878509163856506,0.13182556629180908,0.34796369075775146,-0.07389654219150543,0.21960365772247314,0.3427688479423523,-0.09270042926073074,0.23117321729660034,0.34890016913414,-0.09341545403003693,0.20823031663894653,0.3461402356624603,-0.09335663914680481
cerrar_izquierda,0.22593674063682556,0.43433651328086853,-1.8433482296131842e-07,0.24854335188865662,0.36149826645851135,-0.03183307871222496,0.25739502906799316,0.2914651930332184,-0.057358380407094955,0.25686535239219666,0.27909404039382935,-0.07962154597043991,0.24375683069229126,0.330022394657135,-0.09808524698019028,0.11555080860853195,0.24791839718818665,-0.04056994989514351,0.1975359320640564,0.2620326280593872,-0.07989109307527542,0.22618313133716583,0.28746646642684937,-0.10843182355165482,0.21289993822574615,0.2943832278251648,-0.12802883982658386,0.09742481261491776,0.30973100662231445,-0.04427137225866318,0.20215582847595215,0.32868045568466187,-0.07269514352083206,0.22717174887657166,0.34303706884384155,-0.08446415513753891,0.20881283283233643,0.33904942870140076,-0.09492146223783493,0.10341042280197144,0.37676966190338135,-0.05219367519021034,0.21092471480369568,0.38776230812072754,-0.0765148401260376,0.22656601667404175,0.39656537771224976,-0.07280493527650833,0.1998104751110077,0.3932384252548218,-0.07098469138145447,0.12136980146169662,0.4395703077316284,-0.06460315734148026,0.20643964409828186,0.44430428743362427,-0.08387503027915955,0.2189643681049347,0.44840776920318604,-0.08429448306560516,0.1956491768360138,0.4464493691921234,-0.0830765813589096
cerrar_izquierda,0.22463107109069824,0.4754880666732788,-1.5337339220877766e-07,0.2429819107055664,0.4032430946826935,-0.035245541483163834,0.24711546301841736,0.3332294225692749,-0.061846036463975906,0.24625283479690552,0.32878315448760986,-0.08424293994903564,0.24148374795913696,0.38355129957199097,-0.1024295911192894,0.109257772564888,0.3091578483581543,-0.047677990049123764,0.19026577472686768,0.32413750886917114,-0.0898195132613182,0.22325469553470612,0.3449722230434418,-0.1180751696228981,0.211822509765625,0.34913793206214905,-0.13677473366260529,0.09233387559652328,0.3740537762641907,-0.05006082355976105,0.20080947875976562,0.39186352491378784,-0.08263640850782394,0.22916948795318604,0.40207135677337646,-0.09402719885110855,0.2071622908115387,0.3968811631202698,-0.1024848148226738,0.10131770372390747,0.44068336486816406,-0.056732140481472015,0.2117803990840912,0.44892191886901855,-0.08463376760482788,0.232975572347641,0.4508036673069,-0.07847875356674194,0.20699849724769592,0.44575756788253784,-0.07328479737043381,0.12092128396034241,0.5021114349365234,-0.06813396513462067,0.20730987191200256,0.5029276013374329,-0.09024890512228012,0.22460681200027466,0.49956977367401123,-0.08901449292898178,0.2031068205833435,0.49408090114593506,-0.08508245646953583
cerrar_izquierda,0.2483397275209427,0.515383243560791,-1.2424430906321504e-07,0.2631896734237671,0.4493806064128876,-0.03564014658331871,0.2620159387588501,0.3835475444793701,-0.061737969517707825,0.25663167238235474,0.39832717180252075,-0.08275670558214188,0.24862326681613922,0.4550631046295166,-0.0996040627360344,0.12362127006053925,0.37581270933151245,-0.047778476029634476,0.20538371801376343,0.39301538467407227,-0.08686155825853348,0.23393772542476654,0.40225085616111755,-0.11302842199802399,0.22217251360416412,0.3994438946247101,-0.13075362145900726,0.10632714629173279,0.4439055323600769,-0.047786813229322433,0.21517199277877808,0.45749542117118835,-0.07780331373214722,0.23877772688865662,0.4544174373149872,-0.0880301222205162,0.2169467657804489,0.4461510479450226,-0.09629788249731064,0.11424136161804199,0.5083081722259521,-0.05197794362902641,0.2226569503545761,0.5145455002784729,-0.07694156467914581,0.24011282622814178,0.505258321762085,-0.07182525843381882,0.21439099311828613,0.4981527328491211,-0.06837853044271469,0.1338200718164444,0.5650001168251038,-0.060962315648794174,0.2191833108663559,0.5634269118309021,-0.08170271664857864,0.23628228902816772,0.553425669670105,-0.08254296332597733,0.21531249582767487,0.5467866063117981,-0.08076098561286926
cerrar_izquierda,0.25744491815567017,0.5283839106559753,4.671769460173891e-08,0.27207818627357483,0.4609818458557129,-0.031133148819208145,0.28569212555885315,0.4068366587162018,-0.05663366615772247,0.30324891209602356,0.40932753682136536,-0.07857497036457062,0.3120637536048889,0.46123355627059937,-0.09858721494674683,0.1715289056301117,0.3930984437465668,-0.05502121523022652,0.2576236128807068,0.41393184661865234,-0.09112825244665146,0.27332210540771484,0.4170222878456116,-0.11477440595626831,0.2590966820716858,0.4114423990249634,-0.13103868067264557,0.16122061014175415,0.45989641547203064,-0.05696289613842964,0.27378976345062256,0.47274067997932434,-0.08238081634044647,0.2839501202106476,0.46618056297302246,-0.0881272628903389,0.260158896446228,0.458996057510376,-0.0950641855597496,0.17236977815628052,0.5250362157821655,-0.06196234002709389,0.280499130487442,0.5278372764587402,-0.08299314975738525,0.2871742844581604,0.5149381756782532,-0.07466788589954376,0.2612423300743103,0.5036705136299133,-0.0692853108048439,0.193386048078537,0.5814891457557678,-0.07149253785610199,0.2762546241283417,0.5773376822471619,-0.08946160227060318,0.28261464834213257,0.5655563473701477,-0.0881374329328537,0.26279741525650024,0.5561568140983582,-0.08530934154987335
cerrar_izquierda,0.29600855708122253,0.5242519974708557,3.8370270516452365e-08,0.31164830923080444,0.4607605040073395,-0.029403358697891235,0.3293629288673401,0.40890172123908997,-0.053824521601200104,0.3503473699092865,0.42080214619636536,-0.074662946164608,0.36428266763687134,0.4751074016094208,-0.0939931645989418,0.22460922598838806,0.398062527179718,-0.05655205249786377,0.309005469083786,0.4217221438884735,-0.09231681376695633,0.32113173604011536,0.426086962223053,-0.11593440920114517,0.30513930320739746,0.4212794005870819,-0.13211750984191895,0.21247366070747375,0.4650580883026123,-0.058799438178539276,0.3253420889377594,0.4781140685081482,-0.08224022388458252,0.33237165212631226,0.47378095984458923,-0.08632257580757141,0.30572831630706787,0.468837171792984,-0.0919872522354126,0.22234012186527252,0.5284984707832336,-0.06365891546010971,0.3313797414302826,0.5314538478851318,-0.08259062469005585,0.33254414796829224,0.5173436403274536,-0.07271052896976471,0.3032423257827759,0.5042868852615356,-0.06628409028053284,0.242483988404274,0.5841268301010132,-0.0730394795536995,0.3253946304321289,0.5768399238586426,-0.09074722230434418,0.3292403221130371,0.5635694265365601,-0.08832614123821259,0.3098747134208679,0.5533882975578308,-0.08419085294008255
cerrar_izquierda,0.33953800797462463,0.5092412233352661,9.535345668609807e-08,0.3547002673149109,0.45158886909484863,-0.03286466374993324,0.3738184869289398,0.40887051820755005,-0.06000687554478645,0.39835697412490845,0.42091596126556396,-0.0830833911895752,0.4108293354511261,0.47182127833366394,-0.10462184250354767,0.27348917722702026,0.39785242080688477,-0.06537826359272003,0.36008596420288086,0.4201299846172333,-0.10608721524477005,0.3689596354961395,0.4223933219909668,-0.13246022164821625,0.3532491624355316,0.4173283576965332,-0.14987799525260925,0.2630006968975067,0.4655689299106598,-0.06613921374082565,0.3782075345516205,0.4748036861419678,-0.09374456107616425,0.3775850534439087,0.4674493968486786,-0.0971284806728363,0.3483193516731262,0.46273794770240784,-0.10200632363557816,0.2745915353298187,0.52974933385849,-0.06992783397436142,0.3823672831058502,0.5283313989639282,-0.09141779690980911,0.37459996342658997,0.5153322219848633,-0.07836480438709259,0.34196293354034424,0.5056102275848389,-0.06914319097995758,0.2951647937297821,0.5855268239974976,-0.07886435836553574,0.3760937452316284,0.5761341452598572,-0.10163923352956772,0.3693729341030121,0.5591632127761841,-0.10091371834278107,0.34288281202316284,0.5473415851593018,-0.0968581885099411
cerrar_izquierda,0.3605346083641052,0.5108437538146973,8.774993176530188e-08,0.37937358021736145,0.4512391686439514,-0.03431285172700882,0.4067990779876709,0.41269469261169434,-0.06346435099840164,0.43492576479911804,0.4253571033477783,-0.08846482634544373,0.4458646774291992,0.4735284447669983,-0.11232305318117142,0.30913466215133667,0.3943096399307251,-0.0697944164276123,0.40297412872314453,0.42119237780570984,-0.10990241169929504,0.4058120846748352,0.4307376444339752,-0.13554532825946808,0.38449224829673767,0.43003010749816895,-0.1530250459909439,0.29984188079833984,0.46152380108833313,-0.06992707401514053,0.41332635283470154,0.4759982228279114,-0.09568126499652863,0.40468817949295044,0.4739694595336914,-0.097601018846035,0.3704295754432678,0.47009408473968506,-0.10227350890636444,0.3106883764266968,0.5255822539329529,-0.07288973778486252,0.4135441184043884,0.5293378829956055,-0.09311863034963608,0.40236401557922363,0.5198769569396973,-0.07883047312498093,0.3694503903388977,0.5116395354270935,-0.06925858557224274,0.32945579290390015,0.582385778427124,-0.0811752900481224,0.40594661235809326,0.5776182413101196,-0.10347212851047516,0.3962646722793579,0.5617096424102783,-0.10234378278255463,0.36947008967399597,0.550478458404541,-0.09842931479215622
cerrar_izquierda,0.3899165689945221,0.5136159658432007,1.8064399398554087e-07,0.40692776441574097,0.450021892786026,-0.033242203295230865,0.430098295211792,0.4064304530620575,-0.06077767536044121,0.4569120407104492,0.4270645081996918,-0.08383192121982574,0.47080105543136597,0.48162710666656494,-0.10572630912065506,0.3314191699028015,0.4076690375804901,-0.0689360499382019,0.4197712540626526,0.4316544830799103,-0.10730892419815063,0.42537644505500793,0.4295954406261444,-0.13195589184761047,0.40701961517333984,0.4197711646556854,-0.14875370264053345,0.3242494761943817,0.476246178150177,-0.06891512870788574,0.43739497661590576,0.48394888639450073,-0.09447237104177475,0.4348445236682892,0.4738651216030121,-0.0973028764128685,0.4050786793231964,0.46567511558532715,-0.10277356207370758,0.33737385272979736,0.5389489531517029,-0.07127624750137329,0.44241783022880554,0.5359601974487305,-0.09168442338705063,0.43537282943725586,0.5200057625770569,-0.07889610528945923,0.405188649892807,0.5078596472740173,-0.07024091482162476,0.358261376619339,0.592109739780426,-0.07861706614494324,0.4376564025878906,0.5800029635429382,-0.09963808208703995,0.42955803871154785,0.5617119669914246,-0.09845425933599472,0.40408357977867126,0.5508169531822205,-0.0948062315583229
cerrar_izquierda,0.4021126627922058,0.5154985785484314,1.717362891895391e-07,0.42025911808013916,0.45422595739364624,-0.030060984194278717,0.44703131914138794,0.4115796983242035,-0.05786726251244545,0.47844094038009644,0.42236602306365967,-0.08235438913106918,0.4942064881324768,0.4800087809562683,-0.10618317127227783,0.3513276278972626,0.39992833137512207,-0.06751968711614609,0.4411531686782837,0.4239766001701355,-0.10370064526796341,0.4446595311164856,0.4255462884902954,-0.12587745487689972,0.42460697889328003,0.4171796441078186,-0.14141033589839935,0.3439754545688629,0.46571871638298035,-0.06978621333837509,0.4571683406829834,0.47493499517440796,-0.09345012158155441,0.4514441192150116,0.47092828154563904,-0.09453364461660385,0.41988205909729004,0.4642060399055481,-0.09930326044559479,0.3562292754650116,0.5286794304847717,-0.0739910751581192,0.4614015221595764,0.5279414057731628,-0.09222333878278732,0.4524926543235779,0.5191552042961121,-0.0782536044716835,0.42179274559020996,0.5103634595870972,-0.0694420337677002,0.3755941390991211,0.5837947130203247,-0.08306673169136047,0.4574948251247406,0.5762385725975037,-0.10241695493459702,0.44872307777404785,0.5607409477233887,-0.10062624514102936,0.42320847511291504,0.5514902472496033,-0.09714815765619278
cerrar_izquierda,0.4154927730560303,0.526346743106842,1.2984651220904198e-07,0.43889737129211426,0.4585348963737488,-0.029309634119272232,0.4708215594291687,0.4150947034358978,-0.055477507412433624,0.501763105392456,0.42234835028648376,-0.07842369377613068,0.5143585801124573,0.48344486951828003,-0.10047227144241333,0.37702611088752747,0.4075220823287964,-0.06065840274095535,0.4741190969944,0.43120431900024414,-0.09030340611934662,0.47541630268096924,0.4414866864681244,-0.10835058242082596,0.45212143659591675,0.440485417842865,-0.1222158893942833,0.37104296684265137,0.4712091088294983,-0.06304330378770828,0.4853712022304535,0.4835085868835449,-0.08226986974477768,0.4734604060649872,0.48330020904541016,-0.08382133394479752,0.4417559802532196,0.47431787848472595,-0.09035862982273102,0.3811015188694,0.5323432683944702,-0.06719820946455002,0.48845815658569336,0.5377934575080872,-0.08137497305870056,0.4709678292274475,0.5335327982902527,-0.07163374871015549,0.4372841715812683,0.5242469310760498,-0.0674390122294426,0.3977334797382355,0.585395872592926,-0.07617589086294174,0.4819151759147644,0.5844382047653198,-0.09209340810775757,0.4678070545196533,0.5708103179931641,-0.09256263822317123,0.439536452293396,0.5628678798675537,-0.09277889132499695
cerrar_izquierda,0.45570746064186096,0.5233013033866882,1.1429455781808429e-07,0.4724445343017578,0.46471601724624634,-0.030113153159618378,0.5045979619026184,0.4268271327018738,-0.0582951083779335,0.5336454510688782,0.43267685174942017,-0.08306218683719635,0.5438350439071655,0.486400306224823,-0.10686139762401581,0.4095250368118286,0.4063534736633301,-0.06315865367650986,0.5050498843193054,0.44018077850341797,-0.09752994775772095,0.5084656476974487,0.44442933797836304,-0.11980919539928436,0.4898476302623749,0.43783512711524963,-0.13568730652332306,0.4032372534275055,0.4719957709312439,-0.06525031477212906,0.5173441767692566,0.49182137846946716,-0.08821272104978561,0.5070820450782776,0.4886172413825989,-0.09076710790395737,0.47697097063064575,0.47949036955833435,-0.09708213061094284,0.4131758511066437,0.5356402397155762,-0.06942617148160934,0.5197518467903137,0.5447313785552979,-0.08781159669160843,0.5044271349906921,0.5373088121414185,-0.07686825096607208,0.4726773202419281,0.5258384346961975,-0.07042364031076431,0.4295710325241089,0.5913386940956116,-0.07845322042703629,0.5127696990966797,0.5913729071617126,-0.09803254902362823,0.4996378719806671,0.5741362571716309,-0.09812043607234955,0.47218984365463257,0.561429500579834,-0.0965796709060669
cerrar_izquierda,0.4346291720867157,0.5695539712905884,1.556751101361442e-07,0.46906960010528564,0.49193429946899414,-0.025572342798113823,0.5189321637153625,0.4260740280151367,-0.05346762016415596,0.5665693283081055,0.4166475236415863,-0.07636913657188416,0.5778696537017822,0.45642998814582825,-0.09625854343175888,0.4466756582260132,0.4120115041732788,-0.08303242921829224,0.541172444820404,0.4193034768104553,-0.10493604838848114,0.5375174880027771,0.4506533741950989,-0.10505054891109467,0.5105733275413513,0.4597097635269165,-0.10607793182134628,0.4443639814853668,0.4735441505908966,-0.08685600757598877,0.5495618581771851,0.47939199209213257,-0.10892767459154129,0.5347537398338318,0.5044960975646973,-0.09900052845478058,0.5084272027015686,0.5053045749664307,-0.09494064748287201,0.45323851704597473,0.5345150232315063,-0.08996858447790146,0.5508348345756531,0.5388355255126953,-0.1019463762640953,0.5294836759567261,0.5515069365501404,-0.08498639613389969,0.5024174451828003,0.5512738227844238,-0.07743664085865021,0.46846359968185425,0.5870634913444519,-0.09626245498657227,0.5408055186271667,0.5844868421554565,-0.10355256497859955,0.5247496962547302,0.5835232138633728,-0.09726735204458237,0.5006682872772217,0.5798220038414001,-0.09579449892044067
cerrar_izquierda,0.4508168697357178,0.5674224495887756,6.69442101752793e-08,0.4800597131252289,0.4797048270702362,-0.018853258341550827,0.5427882671356201,0.4220573902130127,-0.047462306916713715,0.6027053594589233,0.4253929853439331,-0.0710318386554718,0.6086212396621704,0.4789104163646698,-0.09146040678024292,0.4778524339199066,0.42458081245422363,-0.09396857768297195,0.5686352252960205,0.4241923987865448,-0.11704730987548828,0.5661550760269165,0.45012253522872925,-0.11568856239318848,0.5381283164024353,0.4644099473953247,-0.11368586868047714,0.4742237627506256,0.4865894913673401,-0.10036198049783707,0.5780640840530396,0.48617276549339294,-0.1208510473370552,0.5634080767631531,0.5028937458992004,-0.10610400140285492,0.5307044386863708,0.5048326253890991,-0.0990806296467781,0.4813745617866516,0.5456891059875488,-0.1043139323592186,0.5774128437042236,0.5417612791061401,-0.11198031157255173,0.5579009056091309,0.5475152730941772,-0.08967773616313934,0.5280311107635498,0.5457184314727783,-0.07961492985486984,0.49500802159309387,0.5990506410598755,-0.11072397232055664,0.5712997913360596,0.5849928855895996,-0.10907362401485443,0.5552072525024414,0.5835926532745361,-0.09398001432418823,0.5276461243629456,0.5827299356460571,-0.08813080936670303
cerrar_izquierda,0.46876072883605957,0.5706497430801392,5.4471136934353126e-08,0.4958525598049164,0.48343080282211304,-0.016676364466547966,0.557364821434021,0.4268312454223633,-0.044564276933670044,0.6169774532318115,0.42985662817955017,-0.06828658282756805,0.6301281452178955,0.48012396693229675,-0.08847654610872269,0.49844861030578613,0.42457884550094604,-0.08834511786699295,0.5871632695198059,0.42125996947288513,-0.11298733949661255,0.5854786038398743,0.4493259787559509,-0.11273825913667679,0.5591797828674316,0.46451565623283386,-0.1105259358882904,0.495638370513916,0.4846237003803253,-0.09588934481143951,0.5987327694892883,0.4822724461555481,-0.11942566931247711,0.5823304057121277,0.5010895133018494,-0.10578709840774536,0.5478875041007996,0.5035596489906311,-0.09772606939077377,0.5034038424491882,0.5431299805641174,-0.10132018476724625,0.5995025038719177,0.5340730547904968,-0.11095713078975677,0.5793209075927734,0.5432204604148865,-0.08807004988193512,0.5483460426330566,0.5447119474411011,-0.07595030218362808,0.517146110534668,0.597285270690918,-0.10896185040473938,0.5939167737960815,0.5789578557014465,-0.10739722102880478,0.5774472951889038,0.5786269307136536,-0.09104645997285843,0.5488481521606445,0.580437958240509,-0.0832035169005394
cerrar_izquierda,0.49363285303115845,0.5689249038696289,2.7925874945822216e-08,0.519142746925354,0.48362940549850464,-0.013303701765835285,0.5800975561141968,0.4288911819458008,-0.03739126771688461,0.6394571661949158,0.43207088112831116,-0.05762854218482971,0.656293511390686,0.47724229097366333,-0.07454508543014526,0.5290672779083252,0.42733097076416016,-0.07904721051454544,0.6163482666015625,0.42542579770088196,-0.10105782002210617,0.6125978231430054,0.45179417729377747,-0.10213109850883484,0.5869355797767639,0.46422532200813293,-0.10113878548145294,0.528239905834198,0.4855733811855316,-0.08637972176074982,0.6292180418968201,0.48418670892715454,-0.10559221357107162,0.6138129234313965,0.5010625123977661,-0.0935932919383049,0.5812904834747314,0.5047397613525391,-0.08709641546010971,0.5363989472389221,0.542228639125824,-0.09142570942640305,0.6302769184112549,0.5354574918746948,-0.0972263365983963,0.6098397374153137,0.5423368811607361,-0.07645028084516525,0.5791518092155457,0.5441909432411194,-0.06616975367069244,0.5492212176322937,0.5952684283256531,-0.0983179360628128,0.6226873993873596,0.5805305242538452,-0.09420667588710785,0.6058525443077087,0.5801373720169067,-0.07829616218805313,0.5779849886894226,0.5824655890464783,-0.07087017595767975
cerrar_izquierda,0.5277472138404846,0.5566361546516418,4.494946281852208e-08,0.5469204187393188,0.47660937905311584,-0.01303444616496563,0.6056283712387085,0.4218628406524658,-0.03576985001564026,0.6637363433837891,0.42316508293151855,-0.05418035387992859,0.6810970902442932,0.4606434106826782,-0.06951861828565598,0.5643820762634277,0.4223605990409851,-0.07895299792289734,0.6551229357719421,0.42498260736465454,-0.10111066699028015,0.6491748094558716,0.4473100006580353,-0.1028323546051979,0.6234229207038879,0.45615291595458984,-0.10156385600566864,0.5648776888847351,0.48169293999671936,-0.08444972336292267,0.6646600365638733,0.4783428907394409,-0.10260681062936783,0.6518330574035645,0.4926677346229553,-0.0904703289270401,0.6227725744247437,0.4992147982120514,-0.0833311453461647,0.5739881992340088,0.537298321723938,-0.08750954270362854,0.6635545492172241,0.529338002204895,-0.09179800003767014,0.6440016031265259,0.5352350473403931,-0.07036031782627106,0.6142868399620056,0.538490355014801,-0.05917830392718315,0.5874815583229065,0.5886190533638,-0.09217773377895355,0.6573693752288818,0.5712423920631409,-0.08680126816034317,0.6397802829742432,0.5709332823753357,-0.06986751407384872,0.6121302843093872,0.5742674469947815,-0.061404600739479065
cerrar_izquierda,0.5878406167030334,0.5718864798545837,1.969786822542119e-08,0.6049069166183472,0.4989752173423767,-0.007714309263974428,0.6537367105484009,0.45222288370132446,-0.0274876169860363,0.7082409858703613,0.4509095549583435,-0.044723208993673325,0.7383278608322144,0.4747920632362366,-0.059208061546087265,0.6367330551147461,0.43786174058914185,-0.06229351460933685,0.7262122631072998,0.4458008408546448,-0.08315343409776688,0.7229419350624084,0.4693884253501892,-0.08653675764799118,0.7015094757080078,0.4770798981189728,-0.08591272681951523,0.639119565486908,0.4925498068332672,-0.0689861848950386,0.7316340804100037,0.49625295400619507,-0.08337416499853134,0.719946026802063,0.5128427743911743,-0.07234026491641998,0.6927074193954468,0.5178777575492859,-0.0658351331949234,0.6467601656913757,0.5461255311965942,-0.07386545836925507,0.7281317710876465,0.5451391935348511,-0.07744123041629791,0.7092372179031372,0.5532614588737488,-0.05736522749066353,0.6805727481842041,0.5532434582710266,-0.046669941395521164,0.6575866341590881,0.5964050889015198,-0.07963058352470398,0.7200093269348145,0.5847117304801941,-0.07451311498880386,0.7025759816169739,0.5892261266708374,-0.05727020278573036,0.6771793365478516,0.5905369520187378,-0.047659795731306076
cerrar_izquierda,0.6105948686599731,0.5747776031494141,-4.8033307109562884e-08,0.6288450956344604,0.5022509694099426,-0.006865630857646465,0.6787475347518921,0.4581418037414551,-0.02668554149568081,0.7328420877456665,0.4609793722629547,-0.04364872723817825,0.7607602477073669,0.48754873871803284,-0.057806577533483505,0.6573826670646667,0.4433026611804962,-0.0660960003733635,0.7467669248580933,0.45091280341148376,-0.08624503761529922,0.7377285957336426,0.47617173194885254,-0.08768297731876373,0.7127560377120972,0.48231855034828186,-0.0858640968799591,0.6603512763977051,0.4982171356678009,-0.07284776121377945,0.7507866024971008,0.5010188817977905,-0.08549550920724869,0.7352378964424133,0.5187821388244629,-0.07235606014728546,0.7066569924354553,0.5233070254325867,-0.06516334414482117,0.66895592212677,0.5521700978279114,-0.07741600275039673,0.7480405569076538,0.5484839677810669,-0.07873064279556274,0.7290405035018921,0.5578393936157227,-0.05634532868862152,0.7014104127883911,0.5592541098594666,-0.04508059471845627,0.6802095174789429,0.6029282808303833,-0.08284429460763931,0.7400029301643372,0.5884833931922913,-0.0760369747877121,0.7223145961761475,0.5930972695350647,-0.05753060057759285,0.69831782579422,0.5955212116241455,-0.047832708805799484
cerrar_izquierda,0.6365622282028198,0.5705587267875671,-6.983492539802683e-08,0.6541551351547241,0.4993155598640442,-0.007531583774834871,0.701059103012085,0.4566327929496765,-0.02515297569334507,0.7523451447486877,0.46038100123405457,-0.04016248136758804,0.7787160873413086,0.4859444499015808,-0.05215099826455116,0.6865850687026978,0.4400073289871216,-0.05746697261929512,0.770016074180603,0.4486193060874939,-0.0760374665260315,0.7579898834228516,0.4718426465988159,-0.07796882092952728,0.7332397103309631,0.47673386335372925,-0.07690979540348053,0.6912925839424133,0.49465417861938477,-0.0633910670876503,0.7756215929985046,0.49853846430778503,-0.07532563805580139,0.758076548576355,0.5149699449539185,-0.06476303935050964,0.730217695236206,0.5179588794708252,-0.05889589712023735,0.6999132633209229,0.5476324558258057,-0.06757272034883499,0.7730851769447327,0.545373797416687,-0.07009857892990112,0.7525967359542847,0.5543906092643738,-0.050469908863306046,0.725619912147522,0.5547710657119751,-0.04020201042294502,0.7099170684814453,0.5967985987663269,-0.07260330766439438,0.7652521133422852,0.5852689146995544,-0.0675731748342514,0.7462989687919617,0.5897963047027588,-0.05065571889281273,0.7226735949516296,0.5916040539741516,-0.04131916165351868
cerrar_izquierda,0.11438415944576263,0.7240552306175232,-7.196795763775299e-07,0.20064924657344818,0.5586037635803223,0.005899481009691954,0.31377390027046204,0.47062402963638306,-0.006116058211773634,0.4242814779281616,0.4783913493156433,-0.01600678637623787,0.476637065410614,0.556716799736023,-0.019935207441449165,0.34348368644714355,0.49287453293800354,-0.056946445256471634,0.4854903221130371,0.5176853537559509,-0.07066267728805542,0.43905559182167053,0.5313519239425659,-0.0604214109480381,0.3839816153049469,0.528947114944458,-0.04881564900279045,0.3573088049888611,0.6334443092346191,-0.06614149361848831,0.49275290966033936,0.621686577796936,-0.06788254529237747,0.4474261701107025,0.6271169781684875,-0.046614937484264374,0.389909565448761,0.6336301565170288,-0.03216181695461273,0.3660246431827545,0.7598456144332886,-0.07028699666261673,0.47344034910202026,0.719933807849884,-0.06534256786108017,0.4303554892539978,0.7220113277435303,-0.036920011043548584,0.37795791029930115,0.7304365634918213,-0.02037423849105835,0.3669908940792084,0.866457998752594,-0.07266606390476227,0.44914332032203674,0.8046210408210754,-0.062253326177597046,0.41279536485671997,0.7972934246063232,-0.03534608706831932,0.3734467923641205,0.812381386756897,-0.01651272363960743
cerrar_izquierda,0.2828003168106079,0.732183575630188,-6.13769486790261e-07,0.35723307728767395,0.5808094143867493,0.005967661738395691,0.4494265615940094,0.5067471265792847,-0.0015035190153867006,0.5358304381370544,0.5110957026481628,-0.007214840035885572,0.5819509625434875,0.5618516802787781,-0.008487379178404808,0.49424460530281067,0.5451357960700989,-0.04000309854745865,0.5926238298416138,0.555299699306488,-0.04252341389656067,0.557632565498352,0.567536473274231,-0.030873626470565796,0.5146368145942688,0.5681917071342468,-0.02082107961177826,0.5063854455947876,0.6632598638534546,-0.04650551453232765,0.5952256321907043,0.6488934755325317,-0.03783984109759331,0.5635606646537781,0.6502366662025452,-0.021534884348511696,0.5195699334144592,0.6549690961837769,-0.013859676197171211,0.5111607909202576,0.7689139246940613,-0.048206184059381485,0.5775538086891174,0.7302464246749878,-0.03622806444764137,0.5489643216133118,0.7290850877761841,-0.016709158197045326,0.5087131261825562,0.7370091676712036,-0.009011185728013515,0.5085644721984863,0.8550212383270264,-0.048436928540468216,0.5619148015975952,0.8009166717529297,-0.03545686602592468,0.5344120264053345,0.7969937920570374,-0.013805351220071316,0.5018991827964783,0.8113336563110352,0.0001761003804858774
cerrar_izquierda,0.3742729425430298,0.7412559986114502,-6.443613642659329e-07,0.4411052167415619,0.5995869040489197,0.02003253996372223,0.518348217010498,0.5215030908584595,0.021503768861293793,0.5938979983329773,0.5202512145042419,0.021615924313664436,0.6304454803466797,0.5733896493911743,0.0242760069668293,0.5889461040496826,0.5548174381256104,-0.016703318804502487,0.6706027984619141,0.5651470422744751,-0.006311220116913319,0.6330505013465881,0.5771408677101135,0.010777461342513561,0.592246413230896,0.5733499526977539,0.022624818608164787,0.6042616963386536,0.6620482206344604,-0.025658851489424706,0.6690651774406433,0.6517388224601746,-0.0010137608041986823,0.6340166330337524,0.654220700263977,0.01893799565732479,0.5944817066192627,0.6568949222564697,0.026100357994437218,0.6060050129890442,0.7626540660858154,-0.028692277148365974,0.6520724296569824,0.7331686615943909,-0.004284839145839214,0.6208300590515137,0.7338356971740723,0.015162061899900436,0.5832151174545288,0.7394766807556152,0.020076777786016464,0.5957778096199036,0.846889078617096,-0.029211491346359253,0.6385339498519897,0.8066481351852417,-0.007555776741355658,0.6093143224716187,0.805422842502594,0.0161577258259058,0.5768424272537231,0.8174715042114258,0.030440306290984154
cerrar_izquierda,0.4445566236972809,0.7513931393623352,-6.801381005061558e-07,0.4995257258415222,0.6112829446792603,0.015651177614927292,0.5717716217041016,0.5295279622077942,0.017213379964232445,0.6462615132331848,0.5314817428588867,0.017485566437244415,0.6812206506729126,0.5894352197647095,0.020419184118509293,0.6538587212562561,0.5640622973442078,-0.010827976278960705,0.7254541516304016,0.5687118768692017,-0.001209226786158979,0.6887615323066711,0.581534743309021,0.012175820767879486,0.6503108739852905,0.5846063494682312,0.020637085661292076,0.673292875289917,0.6675469279289246,-0.019193971529603004,0.7269937992095947,0.6529790163040161,0.0040933857671916485,0.6917455792427063,0.6578079462051392,0.020986396819353104,0.6542907953262329,0.6650248169898987,0.026161279529333115,0.678233802318573,0.7640672326087952,-0.02315344661474228,0.7154942750930786,0.7327300906181335,-0.0015904317842796445,0.6841466426849365,0.734574019908905,0.014879005029797554,0.6481281518936157,0.7425612807273865,0.018437044695019722,0.6717568635940552,0.8461799621582031,-0.025328710675239563,0.7118392586708069,0.8032208681106567,-0.007972043938934803,0.682868242263794,0.8020228147506714,0.012872709892690182,0.6504979133605957,0.8144009709358215,0.025823691859841347
cerrar_izquierda,0.49062323570251465,0.7749518752098083,-7.212521495603141e-07,0.5447409749031067,0.6379321813583374,0.018023932352662086,0.6152059435844421,0.5563365817070007,0.021955708041787148,0.6874635815620422,0.5586581826210022,0.024277733638882637,0.7210839986801147,0.6174934506416321,0.029351109638810158,0.707351803779602,0.5908629894256592,-0.006192860659211874,0.7702425718307495,0.5921030044555664,0.008474067784845829,0.7332777976989746,0.6054267883300781,0.025556331500411034,0.6964690089225769,0.6093319654464722,0.03570231795310974,0.7269234657287598,0.692792534828186,-0.01495213434100151,0.7736157774925232,0.6756143569946289,0.01230237539857626,0.7384895086288452,0.6802162528038025,0.030471917241811752,0.7020028233528137,0.6885612607002258,0.03593326732516289,0.7303489446640015,0.7895942330360413,-0.018840273842215538,0.762782633304596,0.7568977475166321,0.004788471385836601,0.7307832837104797,0.7583286166191101,0.02068473771214485,0.694786787033081,0.7670742273330688,0.023566681891679764,0.7211999893188477,0.8735501170158386,-0.020715869963169098,0.7622633576393127,0.8352053165435791,-0.002975659677758813,0.7343661189079285,0.8326970338821411,0.017232652753591537,0.7022969126701355,0.8445814847946167,0.029787594452500343
cerrar_izquierda,0.5488575100898743,0.7688165903091431,-6.711963465022563e-07,0.5890929102897644,0.6270168423652649,0.015125283971428871,0.6539801955223083,0.5421854257583618,0.017137592658400536,0.7247568964958191,0.5366317629814148,0.018082188442349434,0.7632283568382263,0.5804263353347778,0.02081962488591671,0.7630467414855957,0.5791156888008118,-0.004487811122089624,0.8085936307907104,0.5688878893852234,0.010760306380689144,0.7732176184654236,0.5826154947280884,0.02360166236758232,0.7405228018760681,0.5928532481193542,0.030160531401634216,0.7847835421562195,0.6779919862747192,-0.010991423390805721,0.8115505576133728,0.6517711877822876,0.016517458483576775,0.7775652408599854,0.6539007425308228,0.02996748685836792,0.7431948781013489,0.6659116148948669,0.03195714205503464,0.7862551212310791,0.769379198551178,-0.012614055536687374,0.8033307194709778,0.731625497341156,0.010806960985064507,0.7739442586898804,0.7298915982246399,0.022131403908133507,0.7391110062599182,0.7407603859901428,0.02179328165948391,0.776011049747467,0.8436684012413025,-0.012462262995541096,0.7931596636772156,0.8030644059181213,0.0048251948319375515,0.7653219699859619,0.7999380826950073,0.021609241142868996,0.7347202301025391,0.8129796981811523,0.03186343237757683
cerrar_izquierda,0.6028962731361389,0.7765626907348633,-6.501161351479823e-07,0.6287870407104492,0.6368421316146851,0.005583134479820728,0.6776255369186401,0.5399798154830933,0.0019108070991933346,0.7300235629081726,0.48099327087402344,0.00017224979819729924,0.7572216987609863,0.44322964549064636,0.0009484512847848237,0.8107432723045349,0.5934383273124695,-0.02229137346148491,0.8450428247451782,0.5753456950187683,-0.006331789307296276,0.8101369738578796,0.5886911153793335,0.010592974722385406,0.7786388993263245,0.6009150743484497,0.01989128813147545,0.8308694958686829,0.6891905665397644,-0.023821771144866943,0.851990818977356,0.6586443185806274,-0.0012264451943337917,0.8171149492263794,0.6592327952384949,0.012739527970552444,0.7846423983573914,0.6729211807250977,0.014879328198730946,0.8305173516273499,0.7765852808952332,-0.01971765235066414,0.8519024848937988,0.7386637330055237,-0.00045016728108748794,0.8233385682106018,0.7355247735977173,0.01170641090720892,0.7889642119407654,0.7477245926856995,0.011727814562618732,0.8222935199737549,0.8491881489753723,-0.014108153991401196,0.8417661786079407,0.8130850195884705,-0.0009515589335933328,0.815186619758606,0.8090015649795532,0.01360591035336256,0.7881930470466614,0.8212644457817078,0.02217310480773449
cerrar_izquierda,0.6618145108222961,0.7495440244674683,-5.529249165192596e-07,0.6772063970565796,0.6263824701309204,-0.0026704801712185144,0.7236263155937195,0.5445758700370789,-0.011026253923773766,0.7815942168235779,0.5403995513916016,-0.01787707395851612,0.8132189512252808,0.5775459408760071,-0.02205614373087883,0.8605928421020508,0.560962438583374,-0.01907542161643505,0.8739723563194275,0.5744547247886658,-0.021085768938064575,0.8427199125289917,0.601775050163269,-0.022240854799747467,0.8125686049461365,0.6107429265975952,-0.023983526974916458,0.8865025043487549,0.6523231267929077,-0.023607701063156128,0.8821346163749695,0.6572858691215515,-0.016683736816048622,0.8466830849647522,0.6724244952201843,-0.014826792292296886,0.8128374218940735,0.6809042692184448,-0.01659897342324257,0.8899399638175964,0.7405614256858826,-0.02600901387631893,0.8718241453170776,0.737118124961853,-0.02062673307955265,0.8414369225502014,0.7417494654655457,-0.016059955582022667,0.8094791173934937,0.7445239424705505,-0.01608722098171711,0.8784151673316956,0.8172554969787598,-0.028855755925178528,0.861043393611908,0.8081769347190857,-0.024148914963006973,0.8328367471694946,0.8033151030540466,-0.014704745262861252,0.8063655495643616,0.8013997673988342,-0.006739131640642881
cerrar_izquierda,0.6265835165977478,0.7368252873420715,-5.941657263974776e-07,0.6755097508430481,0.6110779643058777,0.013931658118963242,0.7407432198524475,0.5416882038116455,0.013287344947457314,0.8053871393203735,0.5402379631996155,0.011339175514876842,0.8358437418937683,0.5854772925376892,0.011424505151808262,0.8273310661315918,0.5620959997177124,-0.014135378412902355,0.894281268119812,0.5756912231445312,-0.00982112716883421,0.8600082993507385,0.5889024138450623,-0.0031119512859731913,0.8243858814239502,0.5879517793655396,0.0009433327941223979,0.8427066206932068,0.6590833067893982,-0.02251066081225872,0.8902174234390259,0.6529533863067627,-0.00394583260640502,0.8587337136268616,0.6578720808029175,0.009770422242581844,0.822222113609314,0.6619020104408264,0.01349142286926508,0.8431737422943115,0.7481290102005005,-0.02696719393134117,0.870033323764801,0.7282619476318359,-0.006428266875445843,0.8436475992202759,0.7302422523498535,0.008253348991274834,0.8100646138191223,0.7345882654190063,0.010422918014228344,0.8344419002532959,0.822909951210022,-0.030311215668916702,0.8531103730201721,0.7934588193893433,-0.012021970935165882,0.8269873857498169,0.7902159094810486,0.006005928386002779,0.8001486659049988,0.7963846921920776,0.016380244866013527
cerrar_izquierda,0.6670206785202026,0.6879042387008667,-6.072507972021413e-07,0.7075322270393372,0.5605322122573853,0.01324415486305952,0.768389105796814,0.4870338439941406,0.01270105317234993,0.834521472454071,0.48722022771835327,0.010308223776519299,0.8679547309875488,0.5343003869056702,0.009992876090109348,0.8639031648635864,0.5021548271179199,-0.008331255987286568,0.9206739664077759,0.5114638209342957,-0.0032823365181684494,0.8888013958930969,0.528021514415741,0.0018521352903917432,0.8544803857803345,0.5303888320922852,0.004512920044362545,0.882524311542511,0.5917435884475708,-0.01752873696386814,0.9174336194992065,0.5941879153251648,0.002952463459223509,0.8858519792556763,0.6045832633972168,0.014629831537604332,0.8500053286552429,0.6090741157531738,0.016538651660084724,0.8839160203933716,0.6794635653495789,-0.023233110085129738,0.9009480476379395,0.6700731515884399,-0.003785995300859213,0.8734059929847717,0.6759878396987915,0.008997442200779915,0.838788628578186,0.6801349520683289,0.010382825508713722,0.8749951720237732,0.756242573261261,-0.028123194351792336,0.8889567255973816,0.7379823923110962,-0.012038124725222588,0.8626744747161865,0.7383095026016235,0.005107141099870205,0.8344674110412598,0.7436304092407227,0.015524319373071194
cerrar_izquierda,0.6890647411346436,0.6271761059761047,-5.735972763432073e-07,0.7296662330627441,0.5021321177482605,0.01680586114525795,0.7883689403533936,0.43325626850128174,0.017253806814551353,0.8516079187393188,0.43177521228790283,0.015466464683413506,0.8843749165534973,0.47292372584342957,0.015643291175365448,0.87772536277771,0.434958279132843,-0.006553138606250286,0.9332771301269531,0.4525305926799774,0.001981896348297596,0.9044095873832703,0.47236168384552,0.011354625225067139,0.8705211281776428,0.4743844270706177,0.017043160274624825,0.8974654674530029,0.5230963826179504,-0.01695871539413929,0.9331708550453186,0.5318658947944641,0.005457222927361727,0.9042567014694214,0.5444177389144897,0.018448198214173317,0.8693905472755432,0.5503591299057007,0.021156050264835358,0.9017530679702759,0.6110817193984985,-0.023123139515519142,0.9215337038040161,0.6055624485015869,-0.0017432954628020525,0.8950731158256531,0.6133449077606201,0.011326718144118786,0.8610361814498901,0.6190314888954163,0.012609411031007767,0.8960777521133423,0.6890235543251038,-0.027995338663458824,0.9115387201309204,0.6723262071609497,-0.009796466678380966,0.8849641680717468,0.675133228302002,0.008016901090741158,0.8570185899734497,0.6825994849205017,0.018615666776895523
cerrar_izquierda,0.6868454813957214,0.5384200215339661,-5.667877189807768e-07,0.7286006808280945,0.41862282156944275,0.018427060917019844,0.7858805060386658,0.35285523533821106,0.019415518268942833,0.8447439074516296,0.34632638096809387,0.017416585236787796,0.8775649666786194,0.37763360142707825,0.017537755891680717,0.8715037107467651,0.33785659074783325,-0.0010802415199577808,0.9250947833061218,0.3614374101161957,0.0067385463044047356,0.8992642164230347,0.38823744654655457,0.015486019663512707,0.8665233254432678,0.3894413411617279,0.020589299499988556,0.8958105444908142,0.4179447889328003,-0.013249129988253117,0.9266761541366577,0.43762317299842834,0.0060806493274867535,0.8971845507621765,0.45875459909439087,0.01591826044023037,0.8631575107574463,0.46156105399131775,0.01730923354625702,0.9044959545135498,0.5026633143424988,-0.021374311298131943,0.9184746742248535,0.5086461305618286,-0.0029604618903249502,0.8912128806114197,0.5242645740509033,0.008270756341516972,0.8574938774108887,0.5273716449737549,0.009185955859720707,0.9017667174339294,0.5804685354232788,-0.028221944347023964,0.9097711443901062,0.577338457107544,-0.012368078343570232,0.8824214935302734,0.5845528244972229,0.003565740305930376,0.8538855910301208,0.5865631103515625,0.013537402264773846
cerrar_izquierda,0.68424391746521,0.4275743365287781,-4.885243356511637e-07,0.7338370084762573,0.3074628412723541,0.019483784213662148,0.797061562538147,0.24753233790397644,0.0206359401345253,0.8527331352233887,0.25244471430778503,0.01781156286597252,0.8830989599227905,0.29400435090065,0.017069922760128975,0.8699418306350708,0.22695398330688477,0.002838694490492344,0.9238797426223755,0.261735200881958,0.008664929307997227,0.8980503082275391,0.28945407271385193,0.015310361981391907,0.864530086517334,0.28764039278030396,0.019255219027400017,0.888767421245575,0.303394079208374,-0.011177140288054943,0.9217880368232727,0.3364599347114563,0.005257404409348965,0.8937116265296936,0.35755568742752075,0.012710238806903362,0.8604364395141602,0.35710495710372925,0.013143002055585384,0.8948331475257874,0.3875371515750885,-0.02151205763220787,0.9125778079032898,0.40570399165153503,-0.004021618980914354,0.8845449686050415,0.42164939641952515,0.007265766616910696,0.8519266247749329,0.4219733476638794,0.008754792623221874,0.8902333378791809,0.4678807258605957,-0.03082878887653351,0.9030112624168396,0.472785621881485,-0.013851907104253769,0.8739921450614929,0.4795244336128235,0.003188836621120572,0.8456662893295288,0.47968682646751404,0.013830247335135937
cerrar_izquierda,0.6733710169792175,0.3624601364135742,-4.841649570153095e-07,0.7210930585861206,0.24455714225769043,0.01918480172753334,0.7835743427276611,0.18893475830554962,0.019494421780109406,0.8357440829277039,0.19906452298164368,0.01609349064528942,0.8636792898178101,0.2438471019268036,0.01454831287264824,0.850233256816864,0.15611280500888824,0.0011415136978030205,0.9025651216506958,0.19248026609420776,0.005803370848298073,0.8794640898704529,0.2207447588443756,0.011303013190627098,0.8480140566825867,0.2202090322971344,0.014514928683638573,0.8714863657951355,0.23146191239356995,-0.012398011051118374,0.9022449254989624,0.26422300934791565,0.0035852203145623207,0.8756471276283264,0.2864252030849457,0.01083387341350317,0.8443352580070496,0.2878745198249817,0.011005126871168613,0.8807819485664368,0.31436794996261597,-0.02223917469382286,0.8949956893920898,0.3319605886936188,-0.003950823564082384,0.8679774403572083,0.3492474853992462,0.00710738729685545,0.8373058438301086,0.351156622171402,0.008171126246452332,0.8798294067382812,0.3925074338912964,-0.031182674691081047,0.8876771330833435,0.3974549174308777,-0.013118915259838104,0.8598630428314209,0.406747430562973,0.0035912049934267998,0.8340549468994141,0.4074570834636688,0.013734820298850536
cerrar_izquierda,0.6847134232521057,0.3171227276325226,-4.933610284751921e-07,0.7328458428382874,0.20263127982616425,0.01898447424173355,0.7957651019096375,0.14961880445480347,0.01844489388167858,0.8464604020118713,0.16402345895767212,0.014018887653946877,0.8715369701385498,0.21262110769748688,0.011382192373275757,0.8640251159667969,0.11302533745765686,0.0017389957793056965,0.9068406224250793,0.15318740904331207,0.005042270291596651,0.883789598941803,0.18155795335769653,0.008854702115058899,0.8541276454925537,0.18358711898326874,0.010434363037347794,0.8846262097358704,0.1861777901649475,-0.012850559316575527,0.9073812365531921,0.22118589282035828,0.00018120829190593213,0.8796507120132446,0.2428218275308609,0.005958863068372011,0.8488303422927856,0.2459648847579956,0.005713253747671843,0.8928828239440918,0.26725271344184875,-0.023961292579770088,0.8999137878417969,0.2894829213619232,-0.008828502148389816,0.8712962865829468,0.30497244000434875,0.0007953774183988571,0.841424286365509,0.30652716755867004,0.0016639785608276725,0.8915917873382568,0.34556466341018677,-0.034294843673706055,0.8918197751045227,0.3569662272930145,-0.018680525943636894,0.8624447584152222,0.3640936017036438,-0.003911968786269426,0.8376114964485168,0.36159366369247437,0.005160759203135967
cerrar_izquierda,0.6200611591339111,0.29535597562789917,-4.3419481698947493e-07,0.680416464805603,0.18266987800598145,0.023083608597517014,0.7463451623916626,0.1375107765197754,0.021888747811317444,0.7959073185920715,0.15986350178718567,0.01595129258930683,0.8141812086105347,0.214293971657753,0.011481056921184063,0.7982398271560669,0.0802697241306305,-0.00014235936396289617,0.8501043319702148,0.14903146028518677,0.002762212185189128,0.824122965335846,0.1824607104063034,0.00689707649871707,0.7928404808044434,0.17817425727844238,0.00782724842429161,0.8171872496604919,0.1521643102169037,-0.018518928438425064,0.8500965237617493,0.21131756901741028,-0.0063543845899403095,0.8223161101341248,0.2356550097465515,-0.00040470267413184047,0.7902699708938599,0.23233897984027863,-0.000686788756866008,0.8242594599723816,0.23700672388076782,-0.03260315582156181,0.841214120388031,0.27952075004577637,-0.01684333197772503,0.8105648756027222,0.29656410217285156,-0.006465284153819084,0.780637264251709,0.29081395268440247,-0.005447532050311565,0.8208504915237427,0.32343360781669617,-0.04549562931060791,0.8249673843383789,0.34936854243278503,-0.028183717280626297,0.794407308101654,0.3573509454727173,-0.012617981992661953,0.7703655958175659,0.3505643606185913,-0.0035250824876129627
cerrar_izquierda,0.54043048620224,0.2985702455043793,-4.6019445676392934e-07,0.6029354333877563,0.18901456892490387,0.023258652538061142,0.6711536049842834,0.1427331566810608,0.01922587677836418,0.7257184982299805,0.16162917017936707,0.009001434780657291,0.7465566992759705,0.21293048560619354,0.000738120696041733,0.7307149171829224,0.08804675936698914,0.0027279185596853495,0.7928451895713806,0.1589336097240448,-0.0018669323762878776,0.763282835483551,0.19437867403030396,-0.004847085569053888,0.7298426628112793,0.19249647855758667,-0.008276164531707764,0.7459404468536377,0.15760332345962524,-0.01890372298657894,0.7892410755157471,0.22851261496543884,-0.01227086316794157,0.7586939334869385,0.2541366517543793,-0.008375528268516064,0.7259392738342285,0.24933478236198425,-0.009652722626924515,0.7491167783737183,0.24051354825496674,-0.03760017082095146,0.7758606672286987,0.29722103476524353,-0.026634853333234787,0.7422888278961182,0.3149109482765198,-0.015186822973191738,0.7102322578430176,0.3069262206554413,-0.012737806886434555,0.742850124835968,0.3263830840587616,-0.05561574921011925,0.7552312612533569,0.3635927736759186,-0.04151815176010132,0.7208044528961182,0.37036508321762085,-0.02562185563147068,0.6930585503578186,0.35907182097435,-0.015926672145724297
cerrar_izquierda,0.4716675877571106,0.3532223105430603,-4.114435228075308e-07,0.5315505266189575,0.24087989330291748,0.025080481544137,0.5935077667236328,0.19553273916244507,0.018479645252227783,0.6476415991783142,0.2063659131526947,0.007586326915770769,0.6750981211662292,0.2520606517791748,-0.0013326036278158426,0.6416821479797363,0.1307942122220993,-0.020272908732295036,0.7238091826438904,0.19783565402030945,-0.020084388554096222,0.6974727511405945,0.24147117137908936,-0.01287690456956625,0.6652240753173828,0.24042436480522156,-0.009202354587614536,0.6582193970680237,0.20378735661506653,-0.041125666350126266,0.7169815897941589,0.2767190933227539,-0.027343174442648888,0.6884797215461731,0.30748218297958374,-0.014527639374136925,0.6559509634971619,0.30491581559181213,-0.012365342117846012,0.6634926199913025,0.2920319736003876,-0.05648736655712128,0.6987007260322571,0.34731191396713257,-0.0364266000688076,0.6682526469230652,0.3656318485736847,-0.018745871260762215,0.6364684104919434,0.3597734570503235,-0.01612795516848564,0.6618868112564087,0.3806464374065399,-0.07045852392911911,0.6802411079406738,0.4128482937812805,-0.04826061427593231,0.6475724577903748,0.42115092277526855,-0.027217300608754158,0.6202620267868042,0.41464170813560486,-0.016673224046826363
cerrar_izquierda,0.4297870397567749,0.3168768286705017,-2.824331488682219e-07,0.48884207010269165,0.20913371443748474,0.011208378709852695,0.5546256899833679,0.16202384233474731,-0.0006369756883941591,0.6104257702827454,0.1852676272392273,-0.01512899436056614,0.63558030128479,0.24535946547985077,-0.026839639991521835,0.5922014713287354,0.09999091923236847,-0.0259475689381361,0.6795482635498047,0.16779905557632446,-0.03732355311512947,0.6528950929641724,0.2119990885257721,-0.041204411536455154,0.6189022064208984,0.21327105164527893,-0.04435869678854942,0.606290340423584,0.17049747705459595,-0.04272899776697159,0.6755598783493042,0.247541606426239,-0.0418374165892601,0.6481044888496399,0.27896758913993835,-0.03645129129290581,0.6160931587219238,0.273562490940094,-0.03701358288526535,0.6129813194274902,0.2551708519458771,-0.056479308754205704,0.6630073189735413,0.3196830749511719,-0.04878433793783188,0.6312476396560669,0.337959885597229,-0.034831736236810684,0.6000930070877075,0.3289175033569336,-0.0313853994011879,0.6134490966796875,0.3407098054885864,-0.07008711248636246,0.6385525465011597,0.3809528350830078,-0.057578567415475845,0.6045076847076416,0.39040976762771606,-0.040199462324380875,0.5781511068344116,0.38369035720825195,-0.030455470085144043
cerrar_izquierda,0.3827882707118988,0.3338959217071533,-2.805354029078444e-07,0.43298646807670593,0.22168457508087158,0.006419243756681681,0.49878260493278503,0.17059439420700073,-0.007503637112677097,0.5583081841468811,0.18458431959152222,-0.021635716781020164,0.5846142172813416,0.23330466449260712,-0.03265004977583885,0.5315766334533691,0.10726530849933624,-0.04255327582359314,0.6250337362289429,0.17112693190574646,-0.05200696364045143,0.6018661260604858,0.21962152421474457,-0.05034070834517479,0.5700470805168152,0.222162127494812,-0.04973364621400833,0.5454878807067871,0.1792788803577423,-0.05644449591636658,0.6199408173561096,0.25633570551872253,-0.05412738770246506,0.5935634970664978,0.2890790104866028,-0.04480312019586563,0.5639224052429199,0.28276532888412476,-0.04366990551352501,0.5538436770439148,0.2653723359107971,-0.06627744436264038,0.6077324748039246,0.3268894851207733,-0.05814076587557793,0.5763431191444397,0.3462277948856354,-0.04114561527967453,0.547520637512207,0.3378728926181793,-0.03635385259985924,0.5569413304328918,0.3502219021320343,-0.075842946767807,0.5924874544143677,0.38613903522491455,-0.06173243746161461,0.5577436089515686,0.3974147439002991,-0.04108313098549843,0.5314905643463135,0.3914877772331238,-0.029728185385465622
cerrar_izquierda,0.3427264094352722,0.32164931297302246,-3.371757486547722e-07,0.39914023876190186,0.23077185451984406,-0.000699985830578953,0.4872482120990753,0.2087174654006958,-0.019824346527457237,0.5725156664848328,0.2495538890361786,-0.0378507561981678,0.6170622110366821,0.2924528419971466,-0.05050047114491463,0.49235600233078003,0.08758290112018585,-0.04383356496691704,0.593974769115448,0.1583908498287201,-0.05765533819794655,0.565102219581604,0.2136511504650116,-0.060526616871356964,0.5276160836219788,0.21604697406291962,-0.06275466084480286,0.5042486786842346,0.1554015576839447,-0.056315332651138306,0.5873476266860962,0.23900368809700012,-0.059894826263189316,0.5565952658653259,0.2753438949584961,-0.05628321319818497,0.5230324864387512,0.2661910355091095,-0.0584387369453907,0.5146234631538391,0.24003547430038452,-0.06575405597686768,0.5780441761016846,0.31032273173332214,-0.06214112043380737,0.541525661945343,0.3321835696697235,-0.04748237133026123,0.5094849467277527,0.3186403214931488,-0.0438106432557106,0.5237545967102051,0.3254251182079315,-0.07569117099046707,0.5655986070632935,0.37429457902908325,-0.06381228566169739,0.5259643793106079,0.388163298368454,-0.044506825506687164,0.4976955056190491,0.37949100136756897,-0.03450849652290344
cerrar_izquierda,0.22733250260353088,0.3307051658630371,-2.362218793905413e-07,0.28295180201530457,0.22428324818611145,0.0006173093570396304,0.35722815990448,0.166043221950531,-0.01735696755349636,0.42554059624671936,0.17686393857002258,-0.03543047979474068,0.46079370379447937,0.2230914831161499,-0.04962604492902756,0.379628986120224,0.10432565212249756,-0.04800475761294365,0.48734602332115173,0.17456454038619995,-0.0677761361002922,0.4639534056186676,0.21732084453105927,-0.07378308475017548,0.4304843246936798,0.2125532031059265,-0.07761984318494797,0.38490304350852966,0.18081963062286377,-0.062149614095687866,0.4831940829753876,0.2548696994781494,-0.06862617284059525,0.45592060685157776,0.28680628538131714,-0.060722656548023224,0.42263010144233704,0.2766188979148865,-0.06025059148669243,0.3895788788795471,0.2670600116252899,-0.07384435087442398,0.47003889083862305,0.3277229964733124,-0.07207328081130981,0.4377094805240631,0.3449042737483978,-0.05209829658269882,0.4047202169895172,0.3296254873275757,-0.04471670091152191,0.3910747170448303,0.3512062728404999,-0.08605139702558517,0.45179280638694763,0.383270800113678,-0.07566146552562714,0.41903430223464966,0.3931408226490021,-0.053652141243219376,0.38936692476272583,0.38295668363571167,-0.04161541908979416
cerrar_izquierda,0.15199992060661316,0.32442787289619446,-1.393609494471093e-07,0.19269225001335144,0.21222516894340515,-0.01264564786106348,0.26273927092552185,0.1381884217262268,-0.04366224259138107,0.33875927329063416,0.14191189408302307,-0.07198584079742432,0.3843809962272644,0.19175785779953003,-0.09568867832422256,0.25544971227645874,0.09187188744544983,-0.08915586024522781,0.3860744535923004,0.1258852630853653,-0.12245316058397293,0.36559751629829407,0.17228002846240997,-0.1290058046579361,0.3277636170387268,0.17234890162944794,-0.13151873648166656,0.2607858180999756,0.17118430137634277,-0.10199633985757828,0.39206916093826294,0.2066706120967865,-0.12521646916866302,0.36351317167282104,0.24328497052192688,-0.11375804245471954,0.3216429352760315,0.2392868548631668,-0.10885141044855118,0.2714811861515045,0.2589140832424164,-0.11235902458429337,0.387270450592041,0.2879710793495178,-0.12306422740221024,0.35306814312934875,0.3120693862438202,-0.09656710922718048,0.3113757371902466,0.3031567335128784,-0.0832638218998909,0.28406378626823425,0.3458830416202545,-0.12397579103708267,0.3738880157470703,0.3552192747592926,-0.12218421697616577,0.34141725301742554,0.3689082860946655,-0.09844454377889633,0.3032505214214325,0.36193615198135376,-0.08510985225439072
cerrar_izquierda,0.09124815464019775,0.3124659061431885,-1.6833871541166445e-07,0.13364803791046143,0.20732001960277557,-0.00946764275431633,0.2045360654592514,0.144334077835083,-0.03676845133304596,0.27633678913116455,0.15588390827178955,-0.0622660256922245,0.31436190009117126,0.20549805462360382,-0.08366701006889343,0.20412509143352509,0.08881528675556183,-0.07817140966653824,0.32538503408432007,0.13664127886295319,-0.10629573464393616,0.3033044934272766,0.17908699810504913,-0.11129142343997955,0.26771968603134155,0.17751726508140564,-0.1127992495894432,0.20665675401687622,0.16797085106372833,-0.09033862501382828,0.3256014883518219,0.21592849493026733,-0.10946986079216003,0.29630061984062195,0.24595925211906433,-0.09965955466032028,0.258261114358902,0.2396111786365509,-0.09581160545349121,0.21441411972045898,0.2542608678340912,-0.09977909177541733,0.31977978348731995,0.2899978458881378,-0.10753384232521057,0.2852655053138733,0.30808231234550476,-0.08310994505882263,0.24816279113292694,0.29781749844551086,-0.07092159241437912,0.22311851382255554,0.3381909430027008,-0.11007793247699738,0.30775320529937744,0.34997186064720154,-0.10518794506788254,0.27609962224960327,0.36028122901916504,-0.08098974078893661,0.24258646368980408,0.35343697667121887,-0.06718096882104874
cerrar_izquierda,0.06903330981731415,0.29199957847595215,-1.1967993884809403e-07,0.11223196238279343,0.1895488053560257,-0.007094708736985922,0.17658522725105286,0.12352833151817322,-0.0329199954867363,0.24168279767036438,0.12953031063079834,-0.0576016865670681,0.2791191339492798,0.17844721674919128,-0.0780230239033699,0.1795291006565094,0.07279540598392487,-0.07464146614074707,0.2989063262939453,0.12187918275594711,-0.10103707760572433,0.2774085998535156,0.16489580273628235,-0.10443932563066483,0.24298438429832458,0.16377800703048706,-0.10526048392057419,0.1797477900981903,0.14488035440444946,-0.08761326223611832,0.2984710931777954,0.19845552742481232,-0.10538680106401443,0.2695524990558624,0.22941099107265472,-0.09466631710529327,0.23293548822402954,0.22120188176631927,-0.09034030139446259,0.18514162302017212,0.22621476650238037,-0.09772133827209473,0.29131031036376953,0.2697041928768158,-0.1046777293086052,0.2577619254589081,0.2891726791858673,-0.08087609708309174,0.22222328186035156,0.2775070071220398,-0.06928616762161255,0.19166192412376404,0.3074447512626648,-0.10859108716249466,0.27776020765304565,0.329231858253479,-0.10436871647834778,0.24816814064979553,0.3401374816894531,-0.08177006989717484,0.21519319713115692,0.3319762647151947,-0.06880799680948257
cerrar_izquierda,0.11657874286174774,0.492182195186615,-5.296944891597377e-07,0.21279777586460114,0.45245838165283203,-0.03793730586767197,0.3061167597770691,0.3256499171257019,-0.04970584064722061,0.2879508435726166,0.20241662859916687,-0.05869060754776001,0.21192803978919983,0.16780182719230652,-0.0573897622525692,0.28537291288375854,0.20270676910877228,-0.007858816534280777,0.31674057245254517,0.10930582880973816,-0.0469672828912735,0.289989173412323,0.21875602006912231,-0.06340093910694122,0.27291709184646606,0.2471727579832077,-0.07039855420589447,0.22089482843875885,0.1805402636528015,-0.009307404980063438,0.24879930913448334,0.09159833192825317,-0.052361879497766495,0.2322872132062912,0.21885667741298676,-0.057493433356285095,0.21854250133037567,0.23414158821105957,-0.0497567243874073,0.15557792782783508,0.17666614055633545,-0.01853059232234955,0.17213033139705658,0.1008792370557785,-0.06672003120183945,0.17232690751552582,0.23330289125442505,-0.0471435971558094,0.16424190998077393,0.2604629099369049,-0.020977076143026352,0.08492493629455566,0.17697767913341522,-0.03053266741335392,0.1102265790104866,0.12247118353843689,-0.05448878929018974,0.11848682165145874,0.21241475641727448,-0.030196718871593475,0.11143144220113754,0.23921041190624237,-0.0052467226050794125
cerrar_izquierda,0.18118375539779663,0.504382312297821,-5.820800197398057e-07,0.2738209068775177,0.4678773880004883,-0.029842790216207504,0.3662014305591583,0.3460947871208191,-0.04013534635305405,0.35906434059143066,0.22510263323783875,-0.04931851103901863,0.286861389875412,0.18476003408432007,-0.04954608529806137,0.3473924398422241,0.2211327850818634,-0.0059965369291603565,0.38345959782600403,0.13527849316596985,-0.04263000935316086,0.3554162383079529,0.2409416288137436,-0.05834310129284859,0.3354606032371521,0.2699005603790283,-0.06559320539236069,0.2843102216720581,0.1977313756942749,-0.011390930972993374,0.3175153434276581,0.11060616374015808,-0.05268483608961105,0.2988094389438629,0.23901402950286865,-0.058134011924266815,0.2811826169490814,0.25959232449531555,-0.051202256232500076,0.22005784511566162,0.19342726469039917,-0.022900443524122238,0.2434508353471756,0.11439390480518341,-0.06979832053184509,0.24153582751750946,0.24821344017982483,-0.04974817857146263,0.22824342548847198,0.27978652715682983,-0.023816216737031937,0.14922504127025604,0.19535097479820251,-0.03631221130490303,0.18035414814949036,0.13830050826072693,-0.061207376420497894,0.18890877068042755,0.23030027747154236,-0.03664021193981171,0.17938892543315887,0.26115718483924866,-0.011467230506241322
cerrar_izquierda,0.2440032660961151,0.4986448585987091,-5.348908871383173e-07,0.33677223324775696,0.45444172620773315,-0.02670166827738285,0.4215123653411865,0.3367067873477936,-0.036945898085832596,0.41100382804870605,0.22027736902236938,-0.04738433286547661,0.3437395691871643,0.1749449521303177,-0.049872495234012604,0.401303768157959,0.2160259485244751,-0.0019092255970463157,0.4369443953037262,0.1317698061466217,-0.03848511353135109,0.4131728410720825,0.23379367589950562,-0.055903397500514984,0.3927547335624695,0.2672051191329956,-0.06372451782226562,0.3411555588245392,0.1952299028635025,-0.008525650948286057,0.3754357695579529,0.10765776038169861,-0.047923389822244644,0.3601175844669342,0.23158149421215057,-0.05517599731683731,0.3413136899471283,0.25765442848205566,-0.05006292834877968,0.27938273549079895,0.19213636219501495,-0.021216997876763344,0.3063026964664459,0.11618849635124207,-0.06726839393377304,0.30498844385147095,0.2450975477695465,-0.05011610686779022,0.28851860761642456,0.2796374261379242,-0.02624191716313362,0.21073314547538757,0.19601476192474365,-0.03544139489531517,0.24630405008792877,0.13933251798152924,-0.0605122372508049,0.2544327974319458,0.22874604165554047,-0.03755573555827141,0.24137692153453827,0.26204100251197815,-0.013603344559669495
cerrar_izquierda,0.3478317856788635,0.48516255617141724,-5.785386747447774e-07,0.4371759593486786,0.4377758502960205,-0.022959772497415543,0.5206702947616577,0.3187561631202698,-0.031869735568761826,0.5103166103363037,0.20563310384750366,-0.04180102422833443,0.43953341245651245,0.17446944117546082,-0.04389876872301102,0.4970376491546631,0.2006286382675171,-0.0006853520753793418,0.5287346839904785,0.11397305130958557,-0.03600018098950386,0.5097658634185791,0.21838825941085815,-0.05225060135126114,0.49279311299324036,0.2508516013622284,-0.059837862849235535,0.43755191564559937,0.18330106139183044,-0.008981944993138313,0.4687045216560364,0.09877271950244904,-0.047251924872398376,0.4584541320800781,0.22444705665111542,-0.05237613990902901,0.44085559248924255,0.24761497974395752,-0.04647268354892731,0.3770233988761902,0.18344643712043762,-0.02309677191078663,0.40266740322113037,0.11113759875297546,-0.0675811842083931,0.40474727749824524,0.2395927906036377,-0.04885043203830719,0.387663871049881,0.2712176442146301,-0.02477550134062767,0.309743732213974,0.19049018621444702,-0.03854016587138176,0.34753066301345825,0.13351081311702728,-0.06116986274719238,0.35531261563301086,0.22223711013793945,-0.036617543548345566,0.3396199941635132,0.2535347044467926,-0.01246324647217989
cerrar_izquierda,0.41963157057762146,0.48012417554855347,-5.160417231309111e-07,0.5104837417602539,0.4346485733985901,-0.022624626755714417,0.5903414487838745,0.31599271297454834,-0.031937386840581894,0.5813891887664795,0.20649024844169617,-0.04219571873545647,0.5147507786750793,0.17406445741653442,-0.04518450051546097,0.5593249201774597,0.18928420543670654,-0.0020849984139204025,0.5922043919563293,0.10891254246234894,-0.03664956986904144,0.5791128873825073,0.21336333453655243,-0.05382794514298439,0.5619810223579407,0.24772204458713531,-0.06238975748419762,0.5017465949058533,0.1756928563117981,-0.010201209224760532,0.5353794693946838,0.09666715562343597,-0.04660048708319664,0.5290544629096985,0.2211078554391861,-0.05274450033903122,0.508967399597168,0.24613693356513977,-0.048671185970306396,0.44189518690109253,0.17872998118400574,-0.023911893367767334,0.47258177399635315,0.11202460527420044,-0.0671040490269661,0.4771282970905304,0.23886938393115997,-0.050211548805236816,0.4576433300971985,0.27060556411743164,-0.028250262141227722,0.3756650984287262,0.1904207020998001,-0.038855522871017456,0.4197685122489929,0.13795094192028046,-0.0626925602555275,0.42810767889022827,0.22567157447338104,-0.0404093973338604,0.4085524380207062,0.2546709179878235,-0.01819971576333046
cerrar_izquierda,0.49571672081947327,0.4772033095359802,-5.12038411670801e-07,0.5882763266563416,0.43816137313842773,-0.02485627308487892,0.6596089601516724,0.31389379501342773,-0.03482029587030411,0.6501566171646118,0.1991458237171173,-0.045502305030822754,0.5833298563957214,0.16187691688537598,-0.0484599769115448,0.638379693031311,0.20105232298374176,-0.005005775950849056,0.671428382396698,0.10534051060676575,-0.04318087920546532,0.6528143882751465,0.20468387007713318,-0.06327011436223984,0.6318446397781372,0.24510835111141205,-0.07295449078083038,0.5815467238426208,0.18525934219360352,-0.012658079154789448,0.6110698580741882,0.09002777934074402,-0.052715130150318146,0.6024839878082275,0.20660239458084106,-0.060945600271224976,0.5844649076461792,0.23939096927642822,-0.056612640619277954,0.522648811340332,0.18644803762435913,-0.026435326784849167,0.5492550134658813,0.11088433861732483,-0.07057506591081619,0.5532411336898804,0.23308482766151428,-0.05454403907060623,0.5364770889282227,0.2714288830757141,-0.03202209249138832,0.46080201864242554,0.19604961574077606,-0.04215886443853378,0.5006794333457947,0.14145871996879578,-0.06766674667596817,0.5086601972579956,0.22520896792411804,-0.047679245471954346,0.4926518201828003,0.25877249240875244,-0.026289712637662888
cerrar_izquierda,0.5473429560661316,0.4947003126144409,-4.789157515006082e-07,0.6430990695953369,0.4481756389141083,-0.02171928435564041,0.7152347564697266,0.3221556544303894,-0.029871001839637756,0.7055357098579407,0.20978760719299316,-0.03983832895755768,0.6357011795043945,0.18037410080432892,-0.04264606162905693,0.6875492334365845,0.2026868313550949,0.00662691006436944,0.7221382260322571,0.12759286165237427,-0.02888040989637375,0.7077394723892212,0.22754667699337006,-0.04939509555697441,0.6870613098144531,0.2616525888442993,-0.059897374361753464,0.6316153407096863,0.1887420415878296,-0.00226911180652678,0.6668100357055664,0.11060348153114319,-0.039451926946640015,0.6588488221168518,0.2298317849636078,-0.048675552010536194,0.6372329592704773,0.25717705488204956,-0.04547025263309479,0.5734813809394836,0.19125424325466156,-0.017552809789776802,0.606949508190155,0.12986402213573456,-0.06042537838220596,0.6098483800888062,0.24996250867843628,-0.04660116881132126,0.5886328816413879,0.28060460090637207,-0.02595982700586319,0.5119767189025879,0.20299579203128815,-0.034311845898628235,0.5604048371315002,0.1535223126411438,-0.05714630335569382,0.5650873780250549,0.2385043203830719,-0.0360402949154377,0.5432208776473999,0.26846280694007874,-0.014475297182798386
cerrar_izquierda,0.6109154224395752,0.49012088775634766,-3.978419726990978e-07,0.7060798406600952,0.44076240062713623,-0.02194289118051529,0.7799038887023926,0.32666829228401184,-0.03331303223967552,0.7722876071929932,0.21790571510791779,-0.04633353278040886,0.7039284706115723,0.1848292052745819,-0.052879784256219864,0.738376796245575,0.20898251235485077,0.0007883370271883905,0.7805781960487366,0.1339191049337387,-0.03470390662550926,0.7698606848716736,0.22963157296180725,-0.05495305359363556,0.7475582361221313,0.26137375831604004,-0.06578738987445831,0.6849229335784912,0.1968608945608139,-0.008290915749967098,0.729212760925293,0.1153479814529419,-0.04622790217399597,0.7236150503158569,0.23299621045589447,-0.05695995315909386,0.6982126832008362,0.2615070641040802,-0.05561641603708267,0.6285002827644348,0.1997930258512497,-0.022894665598869324,0.6726118922233582,0.1324484795331955,-0.06639459729194641,0.6769396662712097,0.2535665035247803,-0.05261348932981491,0.6517823338508606,0.2870263457298279,-0.03247491270303726,0.5674533247947693,0.21326425671577454,-0.038769565522670746,0.626347005367279,0.16163741052150726,-0.06353091448545456,0.6332599520683289,0.24564428627490997,-0.043420128524303436,0.6078036427497864,0.27624669671058655,-0.0227645356208086
cerrar_izquierda,0.6859182119369507,0.4786437749862671,-4.183307282801252e-07,0.7795089483261108,0.42578303813934326,-0.022545861080288887,0.8490301370620728,0.3126572370529175,-0.03436354175209999,0.8447006940841675,0.20860449969768524,-0.04803059622645378,0.7798680067062378,0.17158988118171692,-0.05461197346448898,0.8032985925674438,0.20381900668144226,0.0038708061911165714,0.8485665321350098,0.12915733456611633,-0.03447435051202774,0.8393714427947998,0.22344337403774261,-0.0545002743601799,0.8140090703964233,0.2534679174423218,-0.06394793093204498,0.7516782283782959,0.18962235748767853,-0.004869165830314159,0.7999832630157471,0.10536886751651764,-0.04694891348481178,0.7957886457443237,0.2248525172472,-0.05814941227436066,0.7669513821601868,0.25011709332466125,-0.0555376298725605,0.6976966857910156,0.1907646805047989,-0.01986861787736416,0.7462164759635925,0.12012845277786255,-0.06699388474225998,0.7512319087982178,0.24223363399505615,-0.053660646080970764,0.7214168906211853,0.271307110786438,-0.03255710378289223,0.6384323239326477,0.20310288667678833,-0.036097388714551926,0.7005686163902283,0.1504335105419159,-0.06257564574480057,0.7076443433761597,0.23336000740528107,-0.0437704436480999,0.6780776977539062,0.2601853013038635,-0.02360638789832592
cerrar_izquierda,0.7400887608528137,0.6973897814750671,-4.306958203414979e-07,0.8156369924545288,0.6460189819335938,-0.019134661182761192,0.879733681678772,0.5566539764404297,-0.035371165722608566,0.8929449319839478,0.4736950695514679,-0.05354626476764679,0.840954601764679,0.4487133324146271,-0.06493016332387924,0.8121762871742249,0.4048006236553192,-0.004188157618045807,0.8778268694877625,0.375591516494751,-0.04392705485224724,0.8689559698104858,0.47061824798583984,-0.06460228562355042,0.8414842486381531,0.489289253950119,-0.07593950629234314,0.7655995488166809,0.3984287977218628,-0.015536758117377758,0.8424177765846252,0.3668127655982971,-0.05649369955062866,0.8375515341758728,0.47705456614494324,-0.06513454765081406,0.8059489130973816,0.48741328716278076,-0.06340183317661285,0.7237576842308044,0.40969279408454895,-0.03235810622572899,0.8003386855125427,0.38790273666381836,-0.07564660161733627,0.8012048602104187,0.49195700883865356,-0.06448446214199066,0.7674099802970886,0.5034751892089844,-0.047834429889917374,0.6860052943229675,0.43490341305732727,-0.050532229244709015,0.7605019211769104,0.413110613822937,-0.07397595793008804,0.7669800519943237,0.4858643710613251,-0.05924759432673454,0.7362608313560486,0.5054685473442078,-0.04306769371032715
cerrar_izquierda,0.7386533617973328,0.7231960892677307,-3.7014942222413083e-07,0.8121224045753479,0.6757550835609436,-0.019981272518634796,0.8754360675811768,0.5911566019058228,-0.035929545760154724,0.8876908421516418,0.5108101963996887,-0.053708646446466446,0.8376468420028687,0.48265719413757324,-0.06485322117805481,0.8173041343688965,0.44180500507354736,-0.002460541669279337,0.8774572014808655,0.41069695353507996,-0.041596390306949615,0.8702959418296814,0.49927574396133423,-0.06250153481960297,0.8465003967285156,0.5202980041503906,-0.07326628267765045,0.7722973823547363,0.4335619807243347,-0.012424151413142681,0.844257652759552,0.40169402956962585,-0.05215089023113251,0.839024543762207,0.506110429763794,-0.06173967197537422,0.8091845512390137,0.516341507434845,-0.06026806682348251,0.7302483320236206,0.44263380765914917,-0.028073014691472054,0.8013776540756226,0.4233405888080597,-0.07096508145332336,0.8010194897651672,0.5234282612800598,-0.06204775348305702,0.7688443064689636,0.5330910682678223,-0.04645311459898949,0.6912436485290527,0.46610474586486816,-0.04508091136813164,0.7624940276145935,0.4500402510166168,-0.06886809319257736,0.7673709392547607,0.5200414657592773,-0.05575773864984512,0.7375949621200562,0.5373044610023499,-0.04042380675673485
cerrar_izquierda,0.7650467753410339,0.838098406791687,-3.698455657286104e-07,0.8362630605697632,0.7949971556663513,-0.01507315132766962,0.8935184478759766,0.7258825302124023,-0.030932828783988953,0.9189011454582214,0.6633594036102295,-0.049144260585308075,0.8800916075706482,0.6438421607017517,-0.061675798147916794,0.8309475779533386,0.5700613260269165,-0.0005120718269608915,0.9061416387557983,0.573710560798645,-0.038721151649951935,0.894531786441803,0.654118001461029,-0.060734815895557404,0.8656020164489746,0.6639795303344727,-0.0737772211432457,0.7943333983421326,0.5576986074447632,-0.013807367533445358,0.8831241726875305,0.5536479353904724,-0.05419322848320007,0.874380350112915,0.6541764140129089,-0.06282232701778412,0.8443061709403992,0.6643273830413818,-0.06051034852862358,0.7604716420173645,0.5659058094024658,-0.03221329301595688,0.8457943797111511,0.5681219100952148,-0.07332918047904968,0.8409349918365479,0.6633933782577515,-0.06313332170248032,0.8080090880393982,0.6716102361679077,-0.04694770649075508,0.7309528589248657,0.5912021994590759,-0.05207216739654541,0.8042911887168884,0.59111088514328,-0.07441502064466476,0.8066813349723816,0.6548530459403992,-0.06142882630228996,0.7793397903442383,0.6674007773399353,-0.04641479253768921
cerrar_izquierda,0.7566773295402527,0.8745383620262146,-4.079187476691004e-07,0.8330140709877014,0.8302338719367981,-0.01773412711918354,0.8867759108543396,0.7726960182189941,-0.036892205476760864,0.9116904735565186,0.7158027291297913,-0.05763590708374977,0.8740376234054565,0.694230318069458,-0.07159633189439774,0.8144060969352722,0.6011515259742737,-0.005320072639733553,0.8958852291107178,0.6088964343070984,-0.04654794931411743,0.8859108090400696,0.6946074366569519,-0.06985633820295334,0.8578597903251648,0.7071685194969177,-0.08295846730470657,0.7811182141304016,0.5925438404083252,-0.01620286889374256,0.8735378980636597,0.6034443974494934,-0.05680537223815918,0.8640020489692688,0.7033501267433167,-0.06373131275177002,0.8365968465805054,0.7088419795036316,-0.06083794683218002,0.7526989579200745,0.6059120297431946,-0.03260776028037071,0.8406463861465454,0.6233075857162476,-0.07260169088840485,0.833586573600769,0.7148299217224121,-0.06135774031281471,0.8034186959266663,0.7203996181488037,-0.04515111818909645,0.7302873134613037,0.6355102062225342,-0.05107022076845169,0.8015636205673218,0.6470078825950623,-0.07217987626791,0.7996981739997864,0.7056424617767334,-0.060999881476163864,0.7733134627342224,0.71299147605896,-0.04759007319808006
cerrar_izquierda,0.6488697528839111,0.856264054775238,-3.54780326006221e-07,0.7236291766166687,0.838897168636322,-0.031371258199214935,0.7972599267959595,0.785976767539978,-0.05701684206724167,0.8090351223945618,0.7278003692626953,-0.08147069811820984,0.7524929046630859,0.7082850933074951,-0.09944814443588257,0.7546401619911194,0.5902959108352661,-0.027293534949421883,0.8316795825958252,0.6097127795219421,-0.069461889564991,0.8081551790237427,0.6971925497055054,-0.0918673500418663,0.779155969619751,0.7050090432167053,-0.10512752085924149,0.7096172571182251,0.5765942335128784,-0.03367647901177406,0.7903504371643066,0.6116099953651428,-0.07522280514240265,0.7679665684700012,0.71026611328125,-0.08427616953849792,0.7409588098526001,0.7042651176452637,-0.08468610793352127,0.6668875813484192,0.5908122062683105,-0.04512763023376465,0.7416377663612366,0.6267016530036926,-0.08564844727516174,0.7263444662094116,0.7189890146255493,-0.07512402534484863,0.6969365477561951,0.7148559093475342,-0.061428043991327286,0.6276507377624512,0.6198465824127197,-0.05933263897895813,0.6904370784759521,0.6473444700241089,-0.08092193305492401,0.6851125955581665,0.709801971912384,-0.06866100430488586,0.6603239178657532,0.7105190753936768,-0.05577375367283821
cerrar_izquierda,0.5660373568534851,0.8522555828094482,-3.5926450436818413e-07,0.6391199827194214,0.8372731804847717,-0.034791894257068634,0.7130219340324402,0.783905029296875,-0.06209941953420639,0.7087904214859009,0.7230716347694397,-0.08703361451625824,0.6502272486686707,0.7036292552947998,-0.10529649257659912,0.678820013999939,0.5899809002876282,-0.03237470984458923,0.7487651705741882,0.6075541377067566,-0.07309453934431076,0.7245950102806091,0.6911080479621887,-0.09368361532688141,0.6952133178710938,0.6963484883308411,-0.10633686929941177,0.6296125650405884,0.5720822215080261,-0.03728681802749634,0.7046036720275879,0.6063110828399658,-0.07684537768363953,0.6823645830154419,0.7048887610435486,-0.08427564799785614,0.6552067399024963,0.6952968239784241,-0.08435741811990738,0.5833103656768799,0.5836437940597534,-0.04717615991830826,0.6511760354042053,0.6143686175346375,-0.08765203505754471,0.6377220749855042,0.7117384672164917,-0.07527612149715424,0.609707772731781,0.7094350457191467,-0.06091277673840523,0.5402770042419434,0.6114096641540527,-0.05996163561940193,0.5985350012779236,0.635639488697052,-0.08236926048994064,0.5943962931632996,0.7025967240333557,-0.06869819760322571,0.5711236596107483,0.7048748135566711,-0.054923590272665024
cerrar_izquierda,0.5001075267791748,0.8525598645210266,-3.7956141341055627e-07,0.5692018866539001,0.8423564434051514,-0.03567754104733467,0.6421661972999573,0.7909075021743774,-0.06212548911571503,0.6414934992790222,0.7287570834159851,-0.08566722273826599,0.5824500918388367,0.7055896520614624,-0.10239822417497635,0.6202558279037476,0.5972838401794434,-0.03319574147462845,0.6851476430892944,0.6147291660308838,-0.07392469048500061,0.6569933891296387,0.6984794735908508,-0.0955459326505661,0.6276882290840149,0.699876606464386,-0.109449103474617,0.5702241063117981,0.5752434730529785,-0.03778756409883499,0.6385090351104736,0.6074864864349365,-0.078883096575737,0.6143167018890381,0.705300509929657,-0.08854727447032928,0.587105929851532,0.6964200139045715,-0.09006728231906891,0.5217602252960205,0.5845311880111694,-0.04719597473740578,0.5830803513526917,0.6169302463531494,-0.08793538063764572,0.5681504011154175,0.7127408981323242,-0.07662475109100342,0.5399954915046692,0.7086113691329956,-0.06305690109729767,0.4760972261428833,0.610480785369873,-0.05955027788877487,0.5296401381492615,0.6367442607879639,-0.081890769302845,0.5254688262939453,0.7030019164085388,-0.06858110427856445,0.5034313797950745,0.7041376829147339,-0.05518196523189545
cerrar_izquierda,0.4043869376182556,0.8818749189376831,-4.046517858569132e-07,0.475647509098053,0.8645641207695007,-0.03306679055094719,0.5508476495742798,0.7984212636947632,-0.052699118852615356,0.5407811403274536,0.72963547706604,-0.07050241529941559,0.47620689868927,0.7193851470947266,-0.08106200397014618,0.5290979146957397,0.6287685036659241,-0.019252317026257515,0.5848084688186646,0.613673746585846,-0.05720951780676842,0.5625365376472473,0.6992927193641663,-0.0767332911491394,0.538454532623291,0.7168328166007996,-0.08798288553953171,0.47793930768966675,0.6046292781829834,-0.023303193971514702,0.5278825163841248,0.6175051927566528,-0.06211286038160324,0.5090891718864441,0.7138820886611938,-0.0731990709900856,0.4864038825035095,0.7087106704711914,-0.07428546994924545,0.4289190173149109,0.6111873388290405,-0.0330822728574276,0.4695243835449219,0.6318918466567993,-0.07348503917455673,0.46419981122016907,0.7222071290016174,-0.06816191226243973,0.4444406032562256,0.716289758682251,-0.05700092762708664,0.3819314241409302,0.6333503127098083,-0.04553801566362381,0.42076772451400757,0.6581363081932068,-0.06898239254951477,0.4242900311946869,0.7202059030532837,-0.05990547686815262,0.40846607089042664,0.7191562056541443,-0.048308614641427994
cerrar_izquierda,0.35505443811416626,0.9518439769744873,-4.323121913785144e-07,0.42503419518470764,0.9352012276649475,-0.0357506163418293,0.4996500611305237,0.8687066435813904,-0.053951725363731384,0.4873993396759033,0.8017904162406921,-0.06978119164705276,0.4231853783130646,0.7895761728286743,-0.07861190289258957,0.49067413806915283,0.7054305076599121,-0.01722724363207817,0.5267066955566406,0.6768589019775391,-0.05304734781384468,0.5066972970962524,0.763924777507782,-0.07130192965269089,0.48889851570129395,0.7777814269065857,-0.081792451441288,0.4393610954284668,0.6812430024147034,-0.019041849300265312,0.4680081605911255,0.6789297461509705,-0.05456342175602913,0.4520986080169678,0.7734259963035583,-0.06551545113325119,0.43496984243392944,0.7625398635864258,-0.06735660135746002,0.3893001079559326,0.6871086955070496,-0.026817968115210533,0.4080936908721924,0.6942957639694214,-0.06418045610189438,0.4048415422439575,0.7873338460922241,-0.055934496223926544,0.39423292875289917,0.7829984426498413,-0.043661702424287796,0.3394210934638977,0.7055146098136902,-0.037626318633556366,0.3562609553337097,0.7184017300605774,-0.05662747099995613,0.3624427616596222,0.7840532064437866,-0.04332895576953888,0.3587692081928253,0.7876259088516235,-0.029478618875145912
cerrar_izquierda,0.30070599913597107,0.9307301044464111,-3.4576740404190787e-07,0.3654765486717224,0.9100366830825806,-0.03753775358200073,0.43219849467277527,0.8400586843490601,-0.055588774383068085,0.4056289792060852,0.7723572850227356,-0.07092305272817612,0.340568482875824,0.7598340511322021,-0.07836879044771194,0.42468130588531494,0.6929203271865845,-0.01729903370141983,0.4528559446334839,0.6475476622581482,-0.05496471747756004,0.4359601140022278,0.7341246604919434,-0.07398844510316849,0.4195725619792938,0.752887487411499,-0.08414456248283386,0.37292516231536865,0.6714109778404236,-0.0180133618414402,0.39254555106163025,0.6480770111083984,-0.05644156411290169,0.3819987177848816,0.7442864179611206,-0.06777513027191162,0.36996421217918396,0.7415627241134644,-0.0684196949005127,0.32290536165237427,0.6751869320869446,-0.025319388136267662,0.332345575094223,0.6559920310974121,-0.06628240644931793,0.33426687121391296,0.752392053604126,-0.058541856706142426,0.32983162999153137,0.7573482990264893,-0.044787850230932236,0.27129098773002625,0.6908671855926514,-0.0356193408370018,0.2834616005420685,0.6926107406616211,-0.05908297002315521,0.2957908809185028,0.7589964270591736,-0.04766331613063812,0.2991442382335663,0.7680116295814514,-0.033645495772361755
cerrar_izquierda,0.22906753420829773,0.8933069705963135,-2.903598783632333e-07,0.3001115322113037,0.879719614982605,-0.035165656358003616,0.37205588817596436,0.8101914525032043,-0.051037710160017014,0.3507525622844696,0.7379276752471924,-0.0658622682094574,0.28456050157546997,0.7230876684188843,-0.07270978391170502,0.36507514119148254,0.6763734221458435,-0.008324719034135342,0.3981100916862488,0.6038845777511597,-0.04819589480757713,0.3840460777282715,0.6809657216072083,-0.06862962990999222,0.36412546038627625,0.7172608375549316,-0.07622097432613373,0.3161958158016205,0.6551781296730042,-0.008124913088977337,0.33414649963378906,0.6084024906158447,-0.0489584319293499,0.3243189752101898,0.704178512096405,-0.06031722575426102,0.3122248351573944,0.7178376317024231,-0.057724904268980026,0.26913031935691833,0.6518439054489136,-0.015626661479473114,0.27514806389808655,0.6183789968490601,-0.05440632253885269,0.27729523181915283,0.7096007466316223,-0.047694310545921326,0.2725730538368225,0.7233295440673828,-0.03292786329984665,0.2202577292919159,0.656286358833313,-0.02655445598065853,0.2302916944026947,0.6524407267570496,-0.04507112875580788,0.23768207430839539,0.7143561244010925,-0.03416268900036812,0.23660483956336975,0.7267590165138245,-0.020294740796089172
cerrar_izquierda,0.20543837547302246,0.8948312997817993,-2.8698005394289794e-07,0.2688945531845093,0.8816553354263306,-0.043554529547691345,0.330708384513855,0.8163514733314514,-0.06469563394784927,0.28918471932411194,0.7521194815635681,-0.08084295690059662,0.227366641163826,0.7284011840820312,-0.08841948956251144,0.3305487632751465,0.6524225473403931,-0.02523231692612171,0.34219586849212646,0.6268707513809204,-0.06496619433164597,0.3293948173522949,0.7101341485977173,-0.08430080115795135,0.31928572058677673,0.7239281535148621,-0.09465932101011276,0.27712178230285645,0.6255248188972473,-0.022109681740403175,0.27987706661224365,0.6328502893447876,-0.060507453978061676,0.2745717763900757,0.7252814173698425,-0.07013002038002014,0.271737277507782,0.7147058844566345,-0.07019123435020447,0.2265646904706955,0.6288516521453857,-0.02666332945227623,0.2203340083360672,0.6536149978637695,-0.0641619861125946,0.22584019601345062,0.7370176911354065,-0.05839730054140091,0.2296677827835083,0.7234199047088623,-0.04825092479586601,0.1792767345905304,0.6459121704101562,-0.035432856529951096,0.17611339688301086,0.6909988522529602,-0.05609238147735596,0.18652409315109253,0.74866783618927,-0.05004774034023285,0.1927073895931244,0.7371178865432739,-0.04137389361858368
cerrar_izquierda,0.16238270699977875,0.8635937571525574,-2.8923366812705353e-07,0.22051802277565002,0.8443548083305359,-0.041514862328767776,0.2687636911869049,0.7738770842552185,-0.06338987499475479,0.22638608515262604,0.7098021507263184,-0.08142431080341339,0.1686418205499649,0.6825991272926331,-0.09029843658208847,0.27039894461631775,0.6500743627548218,-0.0289692934602499,0.28446775674819946,0.5813327431678772,-0.07364723086357117,0.2716549038887024,0.6650769114494324,-0.09376533329486847,0.2615193724632263,0.6953557729721069,-0.10189083963632584,0.21881109476089478,0.6331730484962463,-0.026093333959579468,0.22289088368415833,0.5876686573028564,-0.07070230692625046,0.21722598373889923,0.6815266609191895,-0.07854003459215164,0.21521130204200745,0.6875455379486084,-0.07500286400318146,0.1716282218694687,0.6348393559455872,-0.03095533326268196,0.1645820140838623,0.6054045557975769,-0.07145805656909943,0.17036184668540955,0.6908581852912903,-0.05896567180752754,0.17730139195919037,0.6930545568466187,-0.04239114373922348,0.12518900632858276,0.6438620090484619,-0.039628930389881134,0.12167209386825562,0.6406022906303406,-0.05927861109375954,0.133978933095932,0.6992279887199402,-0.04636938124895096,0.14477965235710144,0.7040691375732422,-0.03212142363190651
cerrar_izquierda,0.1623987853527069,0.7861003279685974,-3.5697576095117256e-07,0.21805639564990997,0.7569680213928223,-0.03701544553041458,0.2637556791305542,0.6733947396278381,-0.053469058126211166,0.21780410408973694,0.6094699501991272,-0.06640170514583588,0.1570495218038559,0.5885165333747864,-0.07044122368097305,0.25119778513908386,0.5614499449729919,-0.022019408643245697,0.25815853476524353,0.48627960681915283,-0.0601375550031662,0.24589112401008606,0.5699754953384399,-0.07487669587135315,0.24010932445526123,0.5968536734580994,-0.08017084747552872,0.19874417781829834,0.5528082847595215,-0.019726328551769257,0.20189256966114044,0.49243608117103577,-0.05791730433702469,0.19774407148361206,0.5850858688354492,-0.06077231839299202,0.19816984236240387,0.5925727486610413,-0.054088007658720016,0.151669442653656,0.559540867805481,-0.02460198849439621,0.14572393894195557,0.5093086957931519,-0.06088811159133911,0.1530601531267166,0.5948281288146973,-0.044350601732730865,0.16015203297138214,0.6008200645446777,-0.025146357715129852,0.10337411612272263,0.5738778114318848,-0.03287920728325844,0.10220862925052643,0.5493679046630859,-0.04921753704547882,0.11565889418125153,0.606016993522644,-0.03213641047477722,0.125125914812088,0.6152079701423645,-0.01502596028149128
cerrar_izquierda,0.14990432560443878,0.694551944732666,-3.831835044820764e-07,0.2043328583240509,0.6551345586776733,-0.03540458530187607,0.2380496859550476,0.5595085620880127,-0.05048161745071411,0.19584447145462036,0.48764023184776306,-0.06252802163362503,0.1425914168357849,0.45785871148109436,-0.06487075239419937,0.2396555244922638,0.45615702867507935,-0.014823613688349724,0.2470293790102005,0.3784613609313965,-0.05568300932645798,0.23502659797668457,0.46094679832458496,-0.07260031998157501,0.22737637162208557,0.4963917136192322,-0.07720936089754105,0.18610531091690063,0.4495379328727722,-0.013144278898835182,0.18851207196712494,0.3861691951751709,-0.051868848502635956,0.18454332649707794,0.4833170771598816,-0.054210010915994644,0.1843336671590805,0.4952615797519684,-0.045749481767416,0.1375049650669098,0.4574146270751953,-0.01962735317647457,0.13376307487487793,0.40246784687042236,-0.05785301327705383,0.1419227421283722,0.49135708808898926,-0.0419769324362278,0.14691472053527832,0.5020412802696228,-0.02163480594754219,0.0889027938246727,0.4719010889530182,-0.029344843700528145,0.0899682268500328,0.4377294182777405,-0.046865157783031464,0.10285711288452148,0.49648064374923706,-0.029590705409646034,0.10963141918182373,0.5089805126190186,-0.011242103762924671
cerrar_izquierda,0.16792991757392883,0.6738972067832947,-4.492505354392051e-07,0.22433611750602722,0.6331106424331665,-0.029212061315774918,0.2574862539768219,0.5404729247093201,-0.042447660118341446,0.2152988165616989,0.4668755531311035,-0.053991708904504776,0.16429869830608368,0.43892574310302734,-0.05685364454984665,0.2584797441959381,0.4431198537349701,-0.014161177910864353,0.26798582077026367,0.3614276051521301,-0.050933316349983215,0.257133424282074,0.4407312870025635,-0.06595529615879059,0.25222665071487427,0.47561317682266235,-0.07083237171173096,0.20565389096736908,0.43748360872268677,-0.015345640480518341,0.20974788069725037,0.36912763118743896,-0.05088603124022484,0.20637309551239014,0.46187013387680054,-0.05253371596336365,0.2067476063966751,0.47743645310401917,-0.04518721252679825,0.15852615237236023,0.444875031709671,-0.0232855211943388,0.15493075549602509,0.3816928267478943,-0.057797882705926895,0.16264960169792175,0.46684324741363525,-0.0411590114235878,0.16663123667240143,0.4825218915939331,-0.021743115037679672,0.11174344271421432,0.45854994654655457,-0.03405570983886719,0.1122911274433136,0.41803818941116333,-0.04956887289881706,0.12581896781921387,0.47485068440437317,-0.031663678586483,0.13246995210647583,0.4911431074142456,-0.013851265422999859
cerrar_izquierda,0.22887061536312103,0.6791034936904907,-4.3568698515628057e-07,0.28875917196273804,0.6343737840652466,-0.028822993859648705,0.3281096816062927,0.5371731519699097,-0.03985507786273956,0.28581738471984863,0.46379902958869934,-0.04900320991873741,0.2316647320985794,0.4430999159812927,-0.04943179339170456,0.31549859046936035,0.43849119544029236,-0.009647234342992306,0.3257133364677429,0.35752660036087036,-0.043159108608961105,0.3171752095222473,0.4440019726753235,-0.055463757365942,0.3107437789440155,0.47382983565330505,-0.05913206934928894,0.26405584812164307,0.4351317882537842,-0.010944698005914688,0.26928383111953735,0.3641047179698944,-0.043341729789972305,0.2686861753463745,0.4608828127384186,-0.04372186213731766,0.2661324143409729,0.4735319912433624,-0.03578861430287361,0.21697010099887848,0.4461447596549988,-0.018986379727721214,0.2165203094482422,0.3823673725128174,-0.052762098610401154,0.22732222080230713,0.47206294536590576,-0.035240788012742996,0.2289317548274994,0.48593032360076904,-0.015148097649216652,0.16774046421051025,0.463858962059021,-0.02963760495185852,0.17190508544445038,0.4227679371833801,-0.044822536408901215,0.1863347589969635,0.48094213008880615,-0.025653349235653877,0.18942296504974365,0.49624064564704895,-0.006943405140191317
cerrar_izquierda,0.3338683247566223,0.6758068203926086,-4.5877087018197926e-07,0.39904969930648804,0.6368336081504822,-0.019588664174079895,0.4484073519706726,0.5419361591339111,-0.028220416978001595,0.4266067445278168,0.4631878435611725,-0.036884889006614685,0.3722488582134247,0.447239488363266,-0.039421115070581436,0.42795589566230774,0.43894994258880615,-0.009093133732676506,0.45323336124420166,0.3621683120727539,-0.03765849769115448,0.4421521723270416,0.4466885030269623,-0.050273146480321884,0.42674365639686584,0.4771713614463806,-0.05641212314367294,0.3809118866920471,0.43548765778541565,-0.01580256223678589,0.4013109803199768,0.3592042028903961,-0.04619680345058441,0.39899396896362305,0.45707717537879944,-0.050854459404945374,0.3851045072078705,0.47836077213287354,-0.04712336137890816,0.3352895975112915,0.44715845584869385,-0.02666090428829193,0.34609684348106384,0.3842255473136902,-0.05977199971675873,0.3570045530796051,0.47720399498939514,-0.04660264030098915,0.347747266292572,0.49840232729911804,-0.02996658720076084,0.28600969910621643,0.4661348760128021,-0.038800016045570374,0.3023659586906433,0.4203833043575287,-0.05647442489862442,0.31711819767951965,0.483255535364151,-0.03917377442121506,0.31250065565109253,0.5060997605323792,-0.02240610681474209
cerrar_izquierda,0.39184659719467163,0.6817284822463989,-4.279818881514075e-07,0.4535290002822876,0.6442912817001343,-0.019564300775527954,0.5039710998535156,0.5535391569137573,-0.028947878628969193,0.4893191456794739,0.4754164516925812,-0.03885111212730408,0.4376814365386963,0.4548557996749878,-0.04260401055216789,0.4846567213535309,0.4479946494102478,-0.007759215775877237,0.5144385099411011,0.37409862875938416,-0.037542808800935745,0.5039666891098022,0.45771029591560364,-0.051060404628515244,0.4891315996646881,0.4916476309299469,-0.057107847183942795,0.4381985664367676,0.44154617190361023,-0.015262329950928688,0.46400415897369385,0.36931633949279785,-0.04680712893605232,0.4601364731788635,0.4640406370162964,-0.0526123046875,0.4448602795600891,0.48804816603660583,-0.049063630402088165,0.3913620710372925,0.44982025027275085,-0.027233533561229706,0.4113920331001282,0.39657384157180786,-0.0626152977347374,0.4189770817756653,0.4891611933708191,-0.051853079348802567,0.40614986419677734,0.5121805667877197,-0.03578575327992439,0.3420332670211792,0.46651574969291687,-0.040382299572229385,0.3699372410774231,0.4274217486381531,-0.06064390018582344,0.3817349076271057,0.49218228459358215,-0.044971879571676254,0.3715558350086212,0.5163075923919678,-0.028460493311285973
cerrar_izquierda,0.3983769118785858,0.6781069040298462,-4.047210495627951e-07,0.46179741621017456,0.6431604027748108,-0.020678529515862465,0.5174605250358582,0.5515561699867249,-0.030634913593530655,0.5018487572669983,0.4743430018424988,-0.0404936708509922,0.4487861096858978,0.4541589915752411,-0.04392223432660103,0.49764683842658997,0.44605639576911926,-0.00860014371573925,0.5258326530456543,0.37927454710006714,-0.0380619578063488,0.5129022598266602,0.46299365162849426,-0.051509611308574677,0.49730414152145386,0.4927663803100586,-0.058072660118341446,0.4512537121772766,0.4378015398979187,-0.015850292518734932,0.4790991544723511,0.3662959933280945,-0.04761984571814537,0.4731130301952362,0.4618682563304901,-0.05308787524700165,0.45628827810287476,0.4856175184249878,-0.04911941662430763,0.40325355529785156,0.4446272552013397,-0.02757474035024643,0.42582663893699646,0.38810402154922485,-0.06321687251329422,0.4327058494091034,0.48391425609588623,-0.051526691764593124,0.4185868799686432,0.5074437260627747,-0.034984663128852844,0.35224127769470215,0.46151432394981384,-0.040578968822956085,0.38294291496276855,0.4278005361557007,-0.06172502413392067,0.39274129271507263,0.4930797219276428,-0.046498045325279236,0.37977784872055054,0.5128156542778015,-0.03038914129137993
cerrar_izquierda,0.41651055216789246,0.6813865900039673,-4.1918360693671275e-07,0.4819529950618744,0.6447853446006775,-0.021238872781395912,0.5379210114479065,0.5570569038391113,-0.032594263553619385,0.5224194526672363,0.4782311022281647,-0.043838020414114,0.46926072239875793,0.45403143763542175,-0.04875222593545914,0.516168475151062,0.4474705457687378,-0.009865990839898586,0.544624924659729,0.3804102838039398,-0.04021855443716049,0.532279372215271,0.46515169739723206,-0.054727375507354736,0.5155565142631531,0.4964599013328552,-0.06191866472363472,0.46885162591934204,0.4404342770576477,-0.01692282035946846,0.49569496512413025,0.3700619041919708,-0.04934549331665039,0.4916733503341675,0.4670751690864563,-0.0558740608394146,0.4747706651687622,0.4904111623764038,-0.05300011858344078,0.4215386211872101,0.4483962953090668,-0.028352390974760056,0.44375503063201904,0.39486992359161377,-0.06479416787624359,0.45188993215560913,0.4900118112564087,-0.05382814258337021,0.4371304512023926,0.5124663710594177,-0.03773292526602745,0.3715159296989441,0.46609216928482056,-0.040982477366924286,0.4037070572376251,0.4291127324104309,-0.06263429671525955,0.41462472081184387,0.4944634437561035,-0.04730122536420822,0.40131139755249023,0.5159584283828735,-0.030941691249608994
cerrar_izquierda,0.43852299451828003,0.688860297203064,-3.912585953003145e-07,0.5057507753372192,0.6573759913444519,-0.02278529852628708,0.5628741979598999,0.5729987025260925,-0.0348815955221653,0.5504431128501892,0.4927061200141907,-0.046645961701869965,0.4968397319316864,0.4697270393371582,-0.05249213054776192,0.5415616035461426,0.4567677974700928,-0.01267176028341055,0.5712876319885254,0.3907882273197174,-0.04261710122227669,0.5590885877609253,0.4744338095188141,-0.05763408914208412,0.5423227548599243,0.5087031126022339,-0.0652252584695816,0.49414730072021484,0.448534220457077,-0.018510762602090836,0.5225086212158203,0.3838096857070923,-0.050784654915332794,0.5182534456253052,0.4774875044822693,-0.05850965157151222,0.5006396770477295,0.5040493607521057,-0.05665770173072815,0.446833074092865,0.4554416537284851,-0.02855527400970459,0.47157949209213257,0.4129906892776489,-0.06441215425729752,0.4790485203266144,0.5050269961357117,-0.05559633672237396,0.46387434005737305,0.5302330255508423,-0.04097597673535347,0.39790835976600647,0.47248148918151855,-0.040004514157772064,0.43356460332870483,0.44321703910827637,-0.0621073842048645,0.4437847435474396,0.5087486505508423,-0.048656564205884933,0.429704487323761,0.5332382917404175,-0.03346240147948265
cerrar_izquierda,0.47445592284202576,0.670617938041687,-3.7870333358114294e-07,0.5455767512321472,0.6377085447311401,-0.02146311104297638,0.608594536781311,0.5560123920440674,-0.033985815942287445,0.5965393781661987,0.4785633087158203,-0.046554114669561386,0.5427030920982361,0.4525321424007416,-0.053332507610321045,0.5836600661277771,0.4332716464996338,-0.009372550994157791,0.613279402256012,0.3766033351421356,-0.04008011147379875,0.6011455059051514,0.45912960171699524,-0.057299502193927765,0.5838120579719543,0.49242734909057617,-0.06645816564559937,0.5365568995475769,0.4233193099498749,-0.01588498428463936,0.5684363842010498,0.3664695620536804,-0.04806099459528923,0.5638099908828735,0.46038806438446045,-0.05718399956822395,0.5449594855308533,0.48597776889801025,-0.05678968131542206,0.4895417094230652,0.42912590503692627,-0.026698283851146698,0.5213318467140198,0.38712799549102783,-0.062023699283599854,0.5260257720947266,0.4816044270992279,-0.05308493971824646,0.5075381994247437,0.5053017735481262,-0.03920901566743851,0.44030749797821045,0.44777926802635193,-0.03897291049361229,0.483517587184906,0.42684170603752136,-0.06114763766527176,0.48951783776283264,0.49340692162513733,-0.04835863038897514,0.47055479884147644,0.5125076174736023,-0.03411175683140755
cerrar_izquierda,0.5242132544517517,0.6685386300086975,-3.561137305041484e-07,0.5929531455039978,0.6335572600364685,-0.019273802638053894,0.6487961411476135,0.5518960356712341,-0.030971283093094826,0.6378206610679626,0.4793703854084015,-0.04304278641939163,0.5873879790306091,0.45263469219207764,-0.04977096989750862,0.6177229881286621,0.4310196340084076,-0.00826909951865673,0.6537879109382629,0.38149240612983704,-0.03786710649728775,0.6441377997398376,0.4607269763946533,-0.05339501053094864,0.6254620552062988,0.49233514070510864,-0.06168849393725395,0.5722221732139587,0.4207577109336853,-0.015223391354084015,0.6122536063194275,0.3696596324443817,-0.04540384188294411,0.6086497902870178,0.46043267846107483,-0.05260680988430977,0.5881458520889282,0.4827148914337158,-0.05157482624053955,0.5262856483459473,0.4281214475631714,-0.02631121501326561,0.565972626209259,0.3905498683452606,-0.06112014502286911,0.5695957541465759,0.4842718839645386,-0.051612112671136856,0.5483307838439941,0.5060166716575623,-0.0378035269677639,0.478725403547287,0.45017799735069275,-0.038513217121362686,0.5278760194778442,0.42996975779533386,-0.06097665801644325,0.5344728827476501,0.49617427587509155,-0.04844367876648903,0.5143880844116211,0.514699399471283,-0.03463149443268776
cerrar_izquierda,0.5612010955810547,0.669518768787384,-3.5608084658633743e-07,0.6238479614257812,0.6365962028503418,-0.021670658141374588,0.678547739982605,0.5548751354217529,-0.03564094752073288,0.6700705885887146,0.4810006022453308,-0.04959075152873993,0.6201611757278442,0.4542478024959564,-0.058055710047483444,0.6422573328018188,0.4266589283943176,-0.011806521564722061,0.6826744675636292,0.38570937514305115,-0.04195160046219826,0.6751723289489746,0.46585196256637573,-0.05725463479757309,0.6565338373184204,0.4980826675891876,-0.06540632247924805,0.5975307822227478,0.41776418685913086,-0.018193891271948814,0.6429093480110168,0.3756762742996216,-0.04832806438207626,0.640845000743866,0.4687023162841797,-0.05410739779472351,0.6191641688346863,0.4907075762748718,-0.052317727357149124,0.55394446849823,0.4273796081542969,-0.028916262090206146,0.5990433096885681,0.3963455855846405,-0.06402957439422607,0.6034569144248962,0.4899340271949768,-0.05331152305006981,0.5804610848426819,0.5120538473129272,-0.03892450034618378,0.510280966758728,0.4521685242652893,-0.04104379191994667,0.5627961754798889,0.4309743642807007,-0.06405993551015854,0.5694852471351624,0.4980596899986267,-0.05115915462374687,0.5474295020103455,0.5190354585647583,-0.03707854077219963
cerrar_izquierda,0.5877861976623535,0.6585134863853455,-3.384065507816558e-07,0.6505952477455139,0.6222382187843323,-0.01993548311293125,0.7038291096687317,0.5466434359550476,-0.034127820283174515,0.7033503651618958,0.47696346044540405,-0.0490076020359993,0.655661940574646,0.4484213590621948,-0.05863133445382118,0.6653739213943481,0.4198223352432251,-0.010472982190549374,0.7066311240196228,0.3733251094818115,-0.04234981909394264,0.7027403712272644,0.4533247947692871,-0.05847254395484924,0.6846808195114136,0.4890739321708679,-0.0658905878663063,0.6223462820053101,0.41279083490371704,-0.01669790968298912,0.6681551337242126,0.36936530470848083,-0.04696821793913841,0.6681987643241882,0.4622775614261627,-0.05259658396244049,0.6465207934379578,0.4842100441455841,-0.05052172392606735,0.5800411701202393,0.4221722483634949,-0.02737095206975937,0.62606281042099,0.38716667890548706,-0.06196914613246918,0.6322473883628845,0.4779915511608124,-0.0507473349571228,0.6094151139259338,0.5002034902572632,-0.0357992947101593,0.5362633466720581,0.44611573219299316,-0.039352286607027054,0.5893449187278748,0.4205103814601898,-0.06132733076810837,0.5975623726844788,0.4844200909137726,-0.04791988432407379,0.5753005743026733,0.5059540867805481,-0.03324286639690399
cerrar_izquierda,0.6414027214050293,0.6619881391525269,-3.467876581453311e-07,0.702654242515564,0.6181203126907349,-0.016914160922169685,0.7520670294761658,0.5388326644897461,-0.030724070966243744,0.7539622187614441,0.4699462354183197,-0.04571016505360603,0.7057777047157288,0.4440869688987732,-0.05553768575191498,0.701253354549408,0.40303733944892883,-0.007400725036859512,0.7467132806777954,0.3694562315940857,-0.03881409764289856,0.7457036375999451,0.4516170620918274,-0.056246574968099594,0.7297689318656921,0.48113566637039185,-0.06569477915763855,0.6590091586112976,0.39727169275283813,-0.015752024948596954,0.7127381563186646,0.3653564751148224,-0.04607756435871124,0.7143943309783936,0.45927608013153076,-0.05277750641107559,0.6922905445098877,0.47945889830589294,-0.051935166120529175,0.6186903715133667,0.4102286696434021,-0.02826118841767311,0.6756971478462219,0.3905877470970154,-0.061536286026239395,0.6807287931442261,0.4792969226837158,-0.05185043811798096,0.6557809114456177,0.496399849653244,-0.03874652832746506,0.5806093215942383,0.43908268213272095,-0.04198847711086273,0.6410706043243408,0.42304760217666626,-0.06180252134799957,0.6488046646118164,0.4859190583229065,-0.04913204908370972,0.6251594424247742,0.5052670240402222,-0.035689231008291245
cerrar_izquierda,0.6645934581756592,0.6709564924240112,-3.7316397083486663e-07,0.7277458906173706,0.6287094354629517,-0.01713545434176922,0.7781205773353577,0.5508978962898254,-0.0306451003998518,0.7832253575325012,0.4812210500240326,-0.04556744173169136,0.7378184795379639,0.45388996601104736,-0.05474580451846123,0.7293556928634644,0.4206690788269043,-0.005162928719073534,0.7758724689483643,0.3833202123641968,-0.03970252349972725,0.7758684158325195,0.4655645191669464,-0.05771597474813461,0.7588574290275574,0.4925514757633209,-0.06675594300031662,0.6888202428817749,0.41378358006477356,-0.013829264789819717,0.7440943717956543,0.37841105461120605,-0.048071909695863724,0.7452424764633179,0.47360748052597046,-0.05534466728568077,0.7210906147956848,0.4907004237174988,-0.05360506474971771,0.6499840021133423,0.4239925146102905,-0.027356429025530815,0.7077214121818542,0.40484002232551575,-0.06444497406482697,0.7117736339569092,0.494780033826828,-0.05534347891807556,0.6850739121437073,0.5083864331245422,-0.041257891803979874,0.6131448149681091,0.4488358199596405,-0.04212825745344162,0.6740310192108154,0.43663865327835083,-0.06412485986948013,0.6809853911399841,0.49915847182273865,-0.05266343057155609,0.6558002233505249,0.5154618620872498,-0.03936753794550896
cerrar_izquierda,0.1468920260667801,0.523938775062561,-6.166241632854508e-07,0.24373075366020203,0.46652984619140625,-0.03880709782242775,0.32792797684669495,0.3282250463962555,-0.05211987346410751,0.28144556283950806,0.21405711770057678,-0.06299714744091034,0.19168493151664734,0.20766454935073853,-0.06261946260929108,0.2995237112045288,0.18425701558589935,-0.010195388458669186,0.3249816298484802,0.08361470699310303,-0.05184238404035568,0.2990001142024994,0.20889532566070557,-0.06698089838027954,0.2882484197616577,0.24309752881526947,-0.07287093251943588,0.22856807708740234,0.16977733373641968,-0.013373373076319695,0.25052034854888916,0.07058824598789215,-0.0587301068007946,0.23418715596199036,0.21245893836021423,-0.05976998805999756,0.22541067004203796,0.23727816343307495,-0.048196472227573395,0.15969832241535187,0.17402975261211395,-0.02490135282278061,0.16654224693775177,0.08116631209850311,-0.07263565063476562,0.1727990210056305,0.2174023985862732,-0.04948371648788452,0.1725073754787445,0.2512649893760681,-0.020856505259871483,0.08475735038518906,0.18563055992126465,-0.039780907332897186,0.09654819965362549,0.11438609659671783,-0.06153455749154091,0.1136561706662178,0.20586109161376953,-0.03447222337126732,0.11838354915380478,0.24383005499839783,-0.0075731235556304455
cerrar_izquierda,0.19061759114265442,0.5616977214813232,-6.61037176996615e-07,0.287123441696167,0.514509916305542,-0.032247722148895264,0.375095933675766,0.3771979808807373,-0.04151368513703346,0.3351682126522064,0.26291796565055847,-0.04955773428082466,0.2516680359840393,0.25938183069229126,-0.04749397560954094,0.3452759385108948,0.22616353631019592,-0.00444899033755064,0.3742160499095917,0.13307717442512512,-0.04164302721619606,0.3479788601398468,0.2552488446235657,-0.05462164059281349,0.3335610628128052,0.28829672932624817,-0.059942491352558136,0.27729514241218567,0.21172481775283813,-0.010919812135398388,0.3059418201446533,0.11348700523376465,-0.05188800022006035,0.2900955080986023,0.25627341866493225,-0.051824409514665604,0.27653002738952637,0.2797447144985199,-0.04033469781279564,0.21036770939826965,0.21668976545333862,-0.024910561740398407,0.2231530249118805,0.12669157981872559,-0.0705747976899147,0.22860726714134216,0.2665625810623169,-0.047619499266147614,0.22240304946899414,0.29750654101371765,-0.019740059971809387,0.13618230819702148,0.22988459467887878,-0.0415344275534153,0.15230107307434082,0.15718421339988708,-0.06202387809753418,0.168381467461586,0.2524968385696411,-0.03421945124864578,0.16858017444610596,0.2891523540019989,-0.007795185782015324
cerrar_izquierda,0.29987525939941406,0.5625765919685364,-5.65380389616621e-07,0.40180519223213196,0.5236766934394836,-0.02817411720752716,0.4943070709705353,0.3960748016834259,-0.037645649164915085,0.47515350580215454,0.2811829447746277,-0.048076145350933075,0.3945586383342743,0.26556649804115295,-0.05116994306445122,0.46187132596969604,0.2380005568265915,0.003967826720327139,0.4960800111293793,0.1523318588733673,-0.03362232819199562,0.472569078207016,0.2591264843940735,-0.055784039199352264,0.4496094584465027,0.30849945545196533,-0.0669645220041275,0.3981972336769104,0.2186141014099121,-0.005302440375089645,0.4360445439815521,0.11322146654129028,-0.04657931625843048,0.42205798625946045,0.24064382910728455,-0.05795608460903168,0.39843514561653137,0.2903258204460144,-0.05385889858007431,0.3325161635875702,0.2190403938293457,-0.02141956239938736,0.3593042194843292,0.12453602254390717,-0.06671617180109024,0.36345991492271423,0.25819024443626404,-0.05317740887403488,0.34614741802215576,0.3116832971572876,-0.030803129076957703,0.2583295404911041,0.23298713564872742,-0.04003795608878136,0.29206642508506775,0.1603790819644928,-0.06524600088596344,0.30670058727264404,0.25377756357192993,-0.04405825212597847,0.29828646779060364,0.30249708890914917,-0.02130937948822975
cerrar_izquierda,0.3974892795085907,0.5480238795280457,-5.812681820316357e-07,0.5024998188018799,0.5104329586029053,-0.029195277020335197,0.5912145376205444,0.3914310932159424,-0.03971731290221214,0.5754329562187195,0.2753790616989136,-0.05172831937670708,0.49735763669013977,0.25433164834976196,-0.05670766904950142,0.5675221681594849,0.22330839931964874,0.00019531880388967693,0.6076031923294067,0.1374315619468689,-0.03702913597226143,0.5806437730789185,0.2406909465789795,-0.05670712888240814,0.554477870464325,0.2827504575252533,-0.06610275059938431,0.5034012794494629,0.2050776481628418,-0.007737339474260807,0.5427447557449341,0.11715476214885712,-0.05109556391835213,0.5255780816078186,0.2441306710243225,-0.06276785582304001,0.49989086389541626,0.2855435013771057,-0.05900342017412186,0.43712911009788513,0.20518749952316284,-0.022396519780158997,0.4714113175868988,0.1345747858285904,-0.07135257124900818,0.46849650144577026,0.2670215964317322,-0.06053726375102997,0.44354185461997986,0.31435805559158325,-0.038953278213739395,0.363052099943161,0.2175580859184265,-0.03901916369795799,0.4085317850112915,0.15518757700920105,-0.06612902134656906,0.4174950420856476,0.2480202466249466,-0.04645160213112831,0.40143346786499023,0.2923077344894409,-0.024061575531959534
cerrar_izquierda,0.5091259479522705,0.5493077039718628,-5.724995162381674e-07,0.6170032024383545,0.5132222771644592,-0.0275738462805748,0.7063109874725342,0.4000053405761719,-0.04210980609059334,0.6872625350952148,0.29125067591667175,-0.05784618854522705,0.6105988621711731,0.26418331265449524,-0.06604752689599991,0.6683095097541809,0.23083984851837158,-0.010554403066635132,0.7180298566818237,0.1513339728116989,-0.05293386057019234,0.6974007487297058,0.265419602394104,-0.07326220721006393,0.6731921434402466,0.30913180112838745,-0.08292995393276215,0.604727029800415,0.21422742307186127,-0.020131736993789673,0.659136176109314,0.13096576929092407,-0.06571084260940552,0.6455713510513306,0.2662869691848755,-0.07456310093402863,0.6171250939369202,0.3021087646484375,-0.07044966518878937,0.5405848026275635,0.2157994955778122,-0.03585848957300186,0.5901186466217041,0.1473269760608673,-0.08754277229309082,0.5878477096557617,0.2878371477127075,-0.0709075778722763,0.5597673654556274,0.3304944336414337,-0.046572793275117874,0.4699169397354126,0.23013490438461304,-0.05322203412652016,0.5281997919082642,0.17335572838783264,-0.08256487548351288,0.5341947674751282,0.27066701650619507,-0.060363031923770905,0.510488748550415,0.3089388906955719,-0.03700781986117363
cerrar_izquierda,0.5701774954795837,0.5391042232513428,-4.943846079186187e-07,0.6737837195396423,0.48358339071273804,-0.028409188613295555,0.755549430847168,0.35563158988952637,-0.04314201697707176,0.7297446131706238,0.2527042627334595,-0.05929037556052208,0.6507547497749329,0.24015860259532928,-0.06788725405931473,0.7042713165283203,0.17810672521591187,-0.0054191723465919495,0.7439796924591064,0.09894773364067078,-0.04655908793210983,0.7374776005744934,0.21646913886070251,-0.06908443570137024,0.718725323677063,0.2645750045776367,-0.08120487630367279,0.6391777396202087,0.17113181948661804,-0.015712281689047813,0.6870549321174622,0.08673001825809479,-0.06013859063386917,0.6892802119255066,0.22244416177272797,-0.0722486600279808,0.6638935804367065,0.2622744143009186,-0.07128719985485077,0.5733218193054199,0.18495407700538635,-0.032673951238393784,0.6174172759056091,0.12225635349750519,-0.08393288403749466,0.6289827823638916,0.25926265120506287,-0.0718897134065628,0.6024221181869507,0.3013928234577179,-0.05148625746369362,0.5032370686531067,0.2148655503988266,-0.0514826774597168,0.5596211552619934,0.15569645166397095,-0.08233462274074554,0.5745709538459778,0.25109201669692993,-0.06324281543493271,0.5511869192123413,0.29095524549484253,-0.04252341389656067
cerrar_izquierda,0.7019243836402893,0.5612109899520874,-5.120215291753993e-07,0.7951384782791138,0.49129560589790344,-0.028641313314437866,0.866284191608429,0.37180039286613464,-0.048197463154792786,0.8567409515380859,0.27427247166633606,-0.07040304690599442,0.7850102782249451,0.26917874813079834,-0.08444244414567947,0.7879199385643005,0.20430980622768402,-0.005027723498642445,0.8335800766944885,0.12589427828788757,-0.053389642387628555,0.840906023979187,0.24303606152534485,-0.07911762595176697,0.826324462890625,0.2959969639778137,-0.0908893421292305,0.7311737537384033,0.20669102668762207,-0.015639590099453926,0.7902048826217651,0.13219839334487915,-0.06690351665019989,0.799381673336029,0.2659089267253876,-0.08085419982671738,0.7692031860351562,0.3054834008216858,-0.07922513782978058,0.677352249622345,0.2244870364665985,-0.03383254259824753,0.7406124472618103,0.17155003547668457,-0.08839865773916245,0.7530312538146973,0.3004598021507263,-0.07741240411996841,0.7208466529846191,0.34011295437812805,-0.05627558380365372,0.6220112442970276,0.25626736879348755,-0.054219506680965424,0.6924019455909729,0.20773640275001526,-0.08425536006689072,0.7072120904922485,0.298254132270813,-0.06671015173196793,0.6776299476623535,0.3376070559024811,-0.046345923095941544
cerrar_izquierda,0.7444873452186584,0.6541416645050049,-4.807220079783292e-07,0.8286640644073486,0.5874825716018677,-0.025323405861854553,0.8965917825698853,0.47472187876701355,-0.046045932918787,0.8934525847434998,0.39279669523239136,-0.06835980713367462,0.8313968777656555,0.40385159850120544,-0.08375433087348938,0.797967255115509,0.2927248775959015,-0.013658277690410614,0.870621919631958,0.25109046697616577,-0.057607751339673996,0.8797260522842407,0.3609355092048645,-0.08041262626647949,0.860231339931488,0.40248534083366394,-0.09261704981327057,0.7435560822486877,0.2987535297870636,-0.025078589096665382,0.8304174542427063,0.261077344417572,-0.07018766552209854,0.8419589400291443,0.3866509199142456,-0.0800192579627037,0.811110258102417,0.4182523787021637,-0.07870223373174667,0.6960985660552979,0.32512152194976807,-0.04232073202729225,0.7840414643287659,0.2985644042491913,-0.08884923905134201,0.7979887127876282,0.41649433970451355,-0.07715103030204773,0.7637399435043335,0.4472076892852783,-0.05949733033776283,0.6536697149276733,0.36883851885795593,-0.06163695827126503,0.737066388130188,0.3366703987121582,-0.08645232021808624,0.7539267539978027,0.41710522770881653,-0.07058197259902954,0.7242758870124817,0.44856297969818115,-0.053561124950647354
cerrar_izquierda,0.7121062874794006,0.7595898509025574,-5.014653083890153e-07,0.8013707995414734,0.6989668607711792,-0.022998757660388947,0.8705610632896423,0.6036661863327026,-0.044098082929849625,0.8719333410263062,0.5334637761116028,-0.06611385196447372,0.8120340704917908,0.5411841869354248,-0.08101489394903183,0.766353964805603,0.41220778226852417,-0.017822152003645897,0.8588211536407471,0.4010659158229828,-0.06217753887176514,0.8558386564254761,0.5117783546447754,-0.08686194568872452,0.8276863098144531,0.5340880751609802,-0.10266916453838348,0.7158198356628418,0.41174328327178955,-0.030329911038279533,0.8205926418304443,0.4097522497177124,-0.07420787960290909,0.8213132619857788,0.5305075645446777,-0.08370919525623322,0.7886973023414612,0.5438118577003479,-0.08492212742567062,0.6740357875823975,0.4373423457145691,-0.04774528369307518,0.7737321853637695,0.43239378929138184,-0.0911155566573143,0.7805302739143372,0.5467603206634521,-0.07796139270067215,0.7453208565711975,0.5639112591743469,-0.062376346439123154,0.6398884654045105,0.4803946018218994,-0.06742190569639206,0.7264022827148438,0.4711405336856842,-0.0903501957654953,0.7357314229011536,0.5478661060333252,-0.07532516121864319,0.7050243616104126,0.5665332674980164,-0.060519225895404816
cerrar_izquierda,0.7035465836524963,0.7934087514877319,-5.881808533558797e-07,0.7877518534660339,0.7354024648666382,-0.020875325426459312,0.8588787317276001,0.6575551629066467,-0.04432084038853645,0.8752887845039368,0.5922348499298096,-0.07102587819099426,0.817888617515564,0.5992755889892578,-0.09042031317949295,0.7710614800453186,0.4700169563293457,-0.012833529151976109,0.8599079847335815,0.45514625310897827,-0.06030355021357536,0.854540228843689,0.5654533505439758,-0.0858464241027832,0.8273435235023499,0.5892977118492126,-0.10062199831008911,0.7246971130371094,0.46718499064445496,-0.0280550979077816,0.8247658014297485,0.4610235095024109,-0.07387788593769073,0.8202633857727051,0.5807175636291504,-0.08197289705276489,0.7887705564498901,0.5941426157951355,-0.0806448683142662,0.6841980814933777,0.48817095160484314,-0.04916246607899666,0.7807438373565674,0.4840116798877716,-0.09154027700424194,0.7813571095466614,0.5940040349960327,-0.07708243280649185,0.7468798160552979,0.6104457974433899,-0.059811271727085114,0.6500065326690674,0.5262049436569214,-0.07303138077259064,0.7337450981140137,0.520222544670105,-0.09224563837051392,0.7384568452835083,0.5927634239196777,-0.07610737532377243,0.7075403332710266,0.6108520030975342,-0.06062173843383789
cerrar_izquierda,0.6849511861801147,0.834915816783905,-4.110821976155421e-07,0.7763581871986389,0.7889069318771362,-0.022138768807053566,0.8421013355255127,0.7239617109298706,-0.04495491459965706,0.8592302799224854,0.6660851240158081,-0.06928455829620361,0.8098016977310181,0.6622051000595093,-0.08727483451366425,0.7536696791648865,0.531572163105011,-0.016438087448477745,0.8498688340187073,0.5368102192878723,-0.06051686033606529,0.8400702476501465,0.6345503926277161,-0.08515613526105881,0.8097450733184814,0.6530030369758606,-0.09992213547229767,0.7125211358070374,0.5277174115180969,-0.028553321957588196,0.8221096992492676,0.5385472178459167,-0.07115764170885086,0.8126246929168701,0.649246871471405,-0.07851586490869522,0.781171441078186,0.6593610644340515,-0.07715903222560883,0.6781032085418701,0.5495492219924927,-0.04591480642557144,0.7819569110870361,0.5597892999649048,-0.08620183169841766,0.7770355939865112,0.6603522300720215,-0.07266214489936829,0.7433763146400452,0.6715493202209473,-0.056306514889001846,0.6495853662490845,0.5888258814811707,-0.06588049978017807,0.7328709959983826,0.5927757024765015,-0.08588528633117676,0.7351224422454834,0.6577647924423218,-0.07161486893892288,0.7076587677001953,0.6704587340354919,-0.05722224712371826
cerrar_izquierda,0.6319640278816223,0.834834098815918,-3.4354422950855223e-07,0.7076740860939026,0.8019708395004272,-0.026877079159021378,0.7757092118263245,0.7348047494888306,-0.05100749805569649,0.7714915871620178,0.6780925393104553,-0.07512331008911133,0.7119024395942688,0.6701540350914001,-0.0930439755320549,0.7273458242416382,0.5552316308021545,-0.024298621341586113,0.8029047250747681,0.5518959760665894,-0.06687043607234955,0.7835725545883179,0.6433815360069275,-0.08942659944295883,0.7530840039253235,0.6590337157249451,-0.10295237600803375,0.6793716549873352,0.5408234596252441,-0.03400622308254242,0.7646613121032715,0.5449726581573486,-0.07607107609510422,0.748166024684906,0.650077223777771,-0.08503244072198868,0.7162491083145142,0.6533126831054688,-0.085182324051857,0.6333443522453308,0.553194522857666,-0.04852594807744026,0.7141246795654297,0.5582476258277893,-0.09004252403974533,0.7059015035629272,0.6592483520507812,-0.07762228697538376,0.6729903221130371,0.664649248123169,-0.062494900077581406,0.5893954634666443,0.5831696391105652,-0.06521321088075638,0.6602154970169067,0.5900341272354126,-0.08702417463064194,0.6612013578414917,0.6621142625808716,-0.07135095447301865,0.6346410512924194,0.6727816462516785,-0.05617162585258484
cerrar_izquierda,0.5335401296615601,0.8331184387207031,-3.38192478466226e-07,0.6091386079788208,0.8087027668952942,-0.03806281089782715,0.685583233833313,0.7385410070419312,-0.06509972363710403,0.6667546629905701,0.6763564944267273,-0.08915974199771881,0.5989471673965454,0.6690576076507568,-0.10648287087678909,0.6443648934364319,0.5517334342002869,-0.034868091344833374,0.7108931541442871,0.5450450778007507,-0.07628025859594345,0.6902905702590942,0.6390624642372131,-0.09785839170217514,0.6617153882980347,0.651961624622345,-0.11140512675046921,0.5895399451255798,0.5327078700065613,-0.03798393905162811,0.6619294881820679,0.540015697479248,-0.07991360872983932,0.6436197757720947,0.6458654999732971,-0.09074486792087555,0.6122257113456726,0.6420310139656067,-0.09283841401338577,0.5386471152305603,0.5437734127044678,-0.04595629870891571,0.6036922931671143,0.5526713132858276,-0.08747995644807816,0.5965353846549988,0.6540001034736633,-0.07684612274169922,0.5655351877212524,0.6556506156921387,-0.06366758793592453,0.4886628985404968,0.5698414444923401,-0.0567769780755043,0.5503519773483276,0.5797565579414368,-0.07933932542800903,0.5535293817520142,0.6504648923873901,-0.06489519774913788,0.5290626287460327,0.6582666635513306,-0.050723396241664886
cerrar_izquierda,0.4622414708137512,0.8391510248184204,-4.030143827549182e-07,0.5379830598831177,0.8229902386665344,-0.04036998748779297,0.6186131238937378,0.7533642053604126,-0.06511805951595306,0.5982754826545715,0.6925221681594849,-0.08652590960264206,0.5257281064987183,0.6946237087249756,-0.1007326990365982,0.585494875907898,0.5689957737922668,-0.03297741711139679,0.6487926840782166,0.5582570433616638,-0.0732119232416153,0.6228185296058655,0.654430627822876,-0.09315378963947296,0.5943065881729126,0.662164568901062,-0.10575854033231735,0.531886100769043,0.5495344400405884,-0.034831952303647995,0.5959607362747192,0.5590681433677673,-0.07656198740005493,0.5752115249633789,0.6642640829086304,-0.08714735507965088,0.5475888848304749,0.6561298966407776,-0.08898289501667023,0.48073574900627136,0.5580520033836365,-0.04207656905055046,0.536525309085846,0.566679060459137,-0.08483199775218964,0.5275081396102905,0.670254111289978,-0.07503383606672287,0.49920833110809326,0.6698228716850281,-0.061689019203186035,0.42891886830329895,0.5788416266441345,-0.052418068051338196,0.48216453194618225,0.5914557576179504,-0.07574523240327835,0.48400619626045227,0.6635355949401855,-0.062056783586740494,0.4612247347831726,0.6688112616539001,-0.048218853771686554
cerrar_izquierda,0.37280505895614624,0.8496029376983643,-4.2867827687587123e-07,0.45253199338912964,0.8389850854873657,-0.04388412460684776,0.5380244851112366,0.7658590078353882,-0.0649280697107315,0.5124608278274536,0.7011992335319519,-0.08164067566394806,0.4392625093460083,0.7037531137466431,-0.09123062342405319,0.5179084539413452,0.5906857848167419,-0.024723902344703674,0.5692471861839294,0.5726875066757202,-0.059981200844049454,0.5430547595024109,0.6618157029151917,-0.07984796911478043,0.5185637474060059,0.6711572408676147,-0.09351561963558197,0.4626927077770233,0.5687072277069092,-0.023368744179606438,0.5135741233825684,0.5670367479324341,-0.06180131062865257,0.49251893162727356,0.6665977835655212,-0.07509639114141464,0.4678076207637787,0.6611763834953308,-0.07909686118364334,0.411327064037323,0.5734975337982178,-0.028269359841942787,0.45137909054756165,0.5801675319671631,-0.06626443564891815,0.4437711536884308,0.676833987236023,-0.06072221323847771,0.41966450214385986,0.6773289442062378,-0.051173869520425797,0.359762042760849,0.5917702913284302,-0.03706415742635727,0.4004679322242737,0.606717050075531,-0.05692441016435623,0.40107017755508423,0.6728777885437012,-0.04722878336906433,0.3813875913619995,0.6747714281082153,-0.03723672032356262
cerrar_izquierda,0.26776838302612305,0.8612269163131714,-3.2405512229161104e-07,0.34588107466697693,0.8533920049667358,-0.04424743354320526,0.4271472096443176,0.7855428457260132,-0.06664158403873444,0.38819265365600586,0.7223835587501526,-0.0841984674334526,0.30756646394729614,0.7311335802078247,-0.09474462270736694,0.4075756371021271,0.6051929593086243,-0.031770769506692886,0.4574986696243286,0.5860903263092041,-0.06732245534658432,0.43285417556762695,0.6811460852622986,-0.08355686068534851,0.41121670603752136,0.6900985836982727,-0.09354501217603683,0.3524581491947174,0.5806319713592529,-0.0295545756816864,0.3957042694091797,0.5881752967834473,-0.0651501715183258,0.374843031167984,0.6914995908737183,-0.07517717033624649,0.3538287878036499,0.6779835820198059,-0.0771038755774498,0.30038100481033325,0.5874292850494385,-0.03294811770319939,0.3305164575576782,0.6044623851776123,-0.06961020082235336,0.3218766450881958,0.7011838555335999,-0.061653755605220795,0.306632936000824,0.6918914914131165,-0.050419628620147705,0.24917225539684296,0.6046247482299805,-0.03967129439115524,0.27358952164649963,0.6258033514022827,-0.05614946410059929,0.27833837270736694,0.6962522268295288,-0.041574541479349136,0.27069440484046936,0.6987314820289612,-0.028209900483489037
cerrar_izquierda,0.23057174682617188,0.8589702248573303,-3.779062751618767e-07,0.30932584404945374,0.8536685705184937,-0.05019918084144592,0.3919340968132019,0.7822645902633667,-0.07428775727748871,0.35026153922080994,0.7152413725852966,-0.0918385237455368,0.2689010500907898,0.7222390174865723,-0.1016930565237999,0.3758692443370819,0.6070258617401123,-0.03676027059555054,0.4170672595500946,0.5898071527481079,-0.072993203997612,0.3887351155281067,0.682193398475647,-0.08972205221652985,0.3666699528694153,0.6914290189743042,-0.10091716051101685,0.3167771100997925,0.5840712785720825,-0.032724909484386444,0.35280001163482666,0.5819406509399414,-0.07192797213792801,0.33257198333740234,0.6882516741752625,-0.08191010355949402,0.31401771306991577,0.6797735691070557,-0.08334346860647202,0.2635047435760498,0.5891422033309937,-0.034929078072309494,0.2865687906742096,0.5931646823883057,-0.07441594451665878,0.280908465385437,0.6935554146766663,-0.06456338614225388,0.26745498180389404,0.6902104616165161,-0.0519801564514637,0.21056470274925232,0.6037667393684387,-0.041201379150152206,0.23083281517028809,0.6147451400756836,-0.06088224798440933,0.23678140342235565,0.6861873865127563,-0.04705627262592316,0.23108023405075073,0.6885198354721069,-0.0342072956264019
cerrar_izquierda,0.1306043565273285,0.8020031452178955,-3.5618043625618157e-07,0.21095235645771027,0.7986029982566833,-0.041952814906835556,0.2945093810558319,0.7196658253669739,-0.05951188877224922,0.25160491466522217,0.6374489665031433,-0.07382366806268692,0.1689760535955429,0.6304831504821777,-0.07909907400608063,0.2881477475166321,0.567805290222168,-0.016238030046224594,0.32230615615844727,0.4981650114059448,-0.056162793189287186,0.30066564679145813,0.5947127938270569,-0.07501854747533798,0.28108933568000793,0.6208358407020569,-0.08365079760551453,0.2302670031785965,0.5458767414093018,-0.01475776918232441,0.25481995940208435,0.496979296207428,-0.05667821690440178,0.23994000256061554,0.6090224385261536,-0.06757770478725433,0.22500430047512054,0.6125202178955078,-0.06631582975387573,0.17674222588539124,0.5441468954086304,-0.020985493436455727,0.19265709817409515,0.5012804269790649,-0.0640665590763092,0.1876702755689621,0.6116702556610107,-0.053270816802978516,0.17720401287078857,0.6208541989326477,-0.03625936806201935,0.12121637165546417,0.5485858917236328,-0.030652903020381927,0.14236193895339966,0.5346636176109314,-0.05130003020167351,0.14583633840084076,0.6109859347343445,-0.03519409894943237,0.13876038789749146,0.6222256422042847,-0.018314063549041748
cerrar_izquierda,0.14254701137542725,0.7692487835884094,-2.1840558872554539e-07,0.22321556508541107,0.7563785910606384,-0.04265762120485306,0.2944372296333313,0.6677650809288025,-0.059115320444107056,0.243016317486763,0.5839057564735413,-0.07176506519317627,0.16492320597171783,0.5861546993255615,-0.07458237558603287,0.28601300716400146,0.5228556990623474,-0.015260301530361176,0.31121087074279785,0.4481288194656372,-0.055504459887742996,0.29103949666023254,0.5437037944793701,-0.07250592112541199,0.2749091386795044,0.5680660009384155,-0.07884800434112549,0.22698362171649933,0.5081565976142883,-0.012831902131438255,0.2424888014793396,0.4430185556411743,-0.05431363731622696,0.23109902441501617,0.5587002635002136,-0.06027126684784889,0.22374138236045837,0.565499484539032,-0.05442593991756439,0.17101682722568512,0.5129538178443909,-0.018857581540942192,0.17781957983970642,0.45921996235847473,-0.06039680540561676,0.17840877175331116,0.5685786604881287,-0.046134497970342636,0.17869707942008972,0.5783522725105286,-0.02596820890903473,0.11394364386796951,0.523060142993927,-0.028668304905295372,0.12251698225736618,0.4946441352367401,-0.045047447085380554,0.1305498480796814,0.5680756568908691,-0.02649088017642498,0.13284632563591003,0.5816484093666077,-0.008324827067553997
cerrar_izquierda,0.16800770163536072,0.6861735582351685,-4.451956101547694e-07,0.24505919218063354,0.6610084772109985,-0.035668689757585526,0.30241677165031433,0.5600191354751587,-0.050044793635606766,0.24545276165008545,0.4779398441314697,-0.06177873909473419,0.17445909976959229,0.46859419345855713,-0.06432213634252548,0.2939850091934204,0.43371522426605225,-0.01941828429698944,0.3212887942790985,0.338713675737381,-0.06071661785244942,0.30186742544174194,0.43646013736724854,-0.07612133771181107,0.2875974476337433,0.47473978996276855,-0.08081520348787308,0.23298117518424988,0.41797739267349243,-0.020322933793067932,0.2560604512691498,0.3314170837402344,-0.059214454144239426,0.24157874286174774,0.44280174374580383,-0.0610719732940197,0.23275388777256012,0.4645586609840393,-0.052890852093696594,0.17642682790756226,0.42156922817230225,-0.028752729296684265,0.1871798038482666,0.34636974334716797,-0.06738060712814331,0.18480375409126282,0.4524984359741211,-0.04841666296124458,0.1821713149547577,0.4756426513195038,-0.02591547742486,0.11761156469583511,0.43310490250587463,-0.040357865393161774,0.1260305941104889,0.3825685381889343,-0.056650083512067795,0.13578325510025024,0.4534141719341278,-0.034929774701595306,0.13956457376480103,0.47731056809425354,-0.01422804594039917
cerrar_izquierda,0.2531460225582123,0.6745544672012329,-5.067955726190121e-07,0.32918012142181396,0.6575299501419067,-0.037212248891592026,0.39976102113723755,0.5493564605712891,-0.05015062168240547,0.3526499271392822,0.4606732130050659,-0.05983627215027809,0.27924537658691406,0.45744267106056213,-0.05987224727869034,0.38069140911102295,0.40856969356536865,-0.01846969500184059,0.4160829782485962,0.3140270709991455,-0.05854643136262894,0.3971629738807678,0.41784384846687317,-0.07346217334270477,0.38066691160202026,0.4586862623691559,-0.07800643891096115,0.3215073347091675,0.3979206085205078,-0.018856674432754517,0.3497995138168335,0.318615585565567,-0.05899723246693611,0.33774814009666443,0.4388628602027893,-0.06271293014287949,0.32411646842956543,0.45608797669410706,-0.05492820218205452,0.2670403718948364,0.4046452045440674,-0.026561317965388298,0.280729204416275,0.33271417021751404,-0.06712577491998672,0.2832314968109131,0.44474926590919495,-0.049013253301382065,0.2770296037197113,0.46203210949897766,-0.026419969275593758,0.20798099040985107,0.4167872965335846,-0.03733912855386734,0.222076877951622,0.37084290385246277,-0.054469406604766846,0.23482966423034668,0.4481011629104614,-0.0313776358962059,0.23408079147338867,0.46817824244499207,-0.009339765645563602
cerrar_izquierda,0.3480970859527588,0.6753297448158264,-5.013135933040758e-07,0.4274667501449585,0.6463541388511658,-0.030378982424736023,0.4987671375274658,0.541972279548645,-0.042598988860845566,0.4587135314941406,0.46034741401672363,-0.05398736894130707,0.38857364654541016,0.46008631587028503,-0.05695130303502083,0.48123303055763245,0.40660133957862854,-0.013867909088730812,0.5233814120292664,0.3124152421951294,-0.05307132750749588,0.5072554349899292,0.41347241401672363,-0.06854606419801712,0.4861036539077759,0.4556577205657959,-0.0739104300737381,0.4217878580093384,0.392814964056015,-0.01914283074438572,0.4585929214954376,0.31279245018959045,-0.05675593763589859,0.4463287591934204,0.4301740229129791,-0.06152951717376709,0.4267222583293915,0.4509609043598175,-0.05618249252438545,0.36528894305229187,0.3989757001399994,-0.031048160046339035,0.3899005353450775,0.3300216495990753,-0.07136423140764236,0.39181551337242126,0.44217750430107117,-0.05549316853284836,0.3784410357475281,0.46500885486602783,-0.03492717072367668,0.3038738965988159,0.41333669424057007,-0.04537072405219078,0.32829979062080383,0.36754029989242554,-0.06481827795505524,0.3422200083732605,0.44409552216529846,-0.04356276988983154,0.3371807634830475,0.46913623809814453,-0.0228864848613739
cerrar_izquierda,0.41581279039382935,0.6730875372886658,-4.934066168971185e-07,0.49931028485298157,0.6454463005065918,-0.024771669879555702,0.5748639702796936,0.5412741899490356,-0.037149444222450256,0.5501505136489868,0.4639529883861542,-0.05069085210561752,0.481182336807251,0.4654484689235687,-0.05713662877678871,0.5528212785720825,0.3808199465274811,-0.007944870740175247,0.6008509397506714,0.3188570439815521,-0.04772599786520004,0.5841550230979919,0.42114585638046265,-0.06746479868888855,0.5610740780830383,0.4612031579017639,-0.07671898603439331,0.49716588854789734,0.3686893880367279,-0.017937494441866875,0.5443877577781677,0.3095269799232483,-0.059439077973365784,0.5315407514572144,0.4297811985015869,-0.06829765439033508,0.5074756145477295,0.4574217200279236,-0.0647537112236023,0.44020408391952515,0.3792325258255005,-0.03412724286317825,0.4745776653289795,0.32657045125961304,-0.07701252400875092,0.47911980748176575,0.44142985343933105,-0.06460452079772949,0.46290260553359985,0.4689893126487732,-0.04581237956881523,0.37826862931251526,0.4024597406387329,-0.05242331698536873,0.41459542512893677,0.3691960871219635,-0.07444377988576889,0.4286072254180908,0.45138677954673767,-0.0556071437895298,0.41978687047958374,0.47936683893203735,-0.036640625447034836
cerrar_izquierda,0.5002264976501465,0.6704457998275757,-3.378076769422478e-07,0.5829747319221497,0.6358539462089539,-0.03019103594124317,0.6574479341506958,0.5415440797805786,-0.04674144461750984,0.6305369138717651,0.46324917674064636,-0.06330111622810364,0.5627369284629822,0.46464502811431885,-0.07245738059282303,0.6252532601356506,0.3898847997188568,-0.015531610697507858,0.676590621471405,0.3224889039993286,-0.053671352565288544,0.6650638580322266,0.42025047540664673,-0.07279099524021149,0.6441289186477661,0.4624902904033661,-0.08220333606004715,0.5718096494674683,0.377149760723114,-0.022715628147125244,0.627184271812439,0.3119637370109558,-0.06321394443511963,0.6182838678359985,0.4250880777835846,-0.07296926528215408,0.5921650528907776,0.4583738446235657,-0.07094063609838486,0.5177114605903625,0.38217848539352417,-0.0359116867184639,0.5659744143486023,0.32896342873573303,-0.07924198359251022,0.5665499567985535,0.44094669818878174,-0.068890281021595,0.5424991846084595,0.4749497175216675,-0.05131950229406357,0.4586247503757477,0.3994941711425781,-0.051489055156707764,0.5107702612876892,0.37042656540870667,-0.07637660950422287,0.5182737708091736,0.45039254426956177,-0.060851067304611206,0.49748533964157104,0.47962191700935364,-0.04381972551345825
cerrar_izquierda,0.5643032193183899,0.6674976944923401,-3.673814319427038e-07,0.6435454487800598,0.6277269124984741,-0.02598845399916172,0.7160149812698364,0.5307470560073853,-0.04069450870156288,0.6961683630943298,0.45810824632644653,-0.05611100792884827,0.6310798525810242,0.4628909230232239,-0.06461869925260544,0.6788440942764282,0.37803229689598083,-0.011370488442480564,0.7322149276733398,0.32212746143341064,-0.04468366131186485,0.72566819190979,0.419230580329895,-0.06206865236163139,0.7059916853904724,0.4596846103668213,-0.07156869024038315,0.627062201499939,0.3664461374282837,-0.01957741752266884,0.6845057010650635,0.3175184726715088,-0.05508773401379585,0.6801033616065979,0.4272589683532715,-0.0642891675233841,0.6536916494369507,0.4580402970314026,-0.06387967616319656,0.5748081207275391,0.373455673456192,-0.033137883991003036,0.628100574016571,0.3278883695602417,-0.07111747562885284,0.6315063834190369,0.43610474467277527,-0.06094888225197792,0.6061545014381409,0.4693748652935028,-0.04591900855302811,0.5178866386413574,0.39519187808036804,-0.0489501953125,0.5739595890045166,0.3700900673866272,-0.07156878709793091,0.582229495048523,0.4485606253147125,-0.05701661854982376,0.5607172250747681,0.4783857762813568,-0.041769348084926605
cerrar_izquierda,0.13441011309623718,0.41153740882873535,-4.087140723640914e-07,0.201358363032341,0.349841833114624,-0.02831735461950302,0.22960543632507324,0.23982350528240204,-0.03644445165991783,0.1934271901845932,0.15242251753807068,-0.0437631718814373,0.13791681826114655,0.1360558569431305,-0.041934337466955185,0.23692628741264343,0.16133129596710205,0.00770270312204957,0.24736793339252472,0.0801413506269455,-0.023158034309744835,0.2271478921175003,0.16150528192520142,-0.03730786219239235,0.22360827028751373,0.19609113037586212,-0.04226252809166908,0.1858532577753067,0.1495046466588974,0.006772778928279877,0.19474166631698608,0.06408965587615967,-0.025697631761431694,0.17970111966133118,0.16024377942085266,-0.028066415339708328,0.18050497770309448,0.1876949667930603,-0.019027668982744217,0.13586527109146118,0.1534481942653656,-0.002097119577229023,0.13839292526245117,0.07745062559843063,-0.035875577479600906,0.13790583610534668,0.16492551565170288,-0.023249706253409386,0.14060349762439728,0.19419869780540466,-0.003948585595935583,0.08531854301691055,0.16475963592529297,-0.013943270780146122,0.09135713428258896,0.10694428533315659,-0.028280386701226234,0.09741029888391495,0.1640218198299408,-0.011889311484992504,0.10067008435726166,0.19366802275180817,0.005788134876638651
cerrar_izquierda,0.15184803307056427,0.4142856001853943,-4.236296433646203e-07,0.21784035861492157,0.35355472564697266,-0.023614468052983284,0.24612051248550415,0.2401062548160553,-0.030055567622184753,0.2137969732284546,0.15212281048297882,-0.03670921549201012,0.1579555869102478,0.13712270557880402,-0.03488986939191818,0.25010430812835693,0.1641274392604828,0.006967877969145775,0.26284855604171753,0.0804094448685646,-0.021072058007121086,0.2428445816040039,0.16256803274154663,-0.03304840624332428,0.2386636734008789,0.19586145877838135,-0.037359513342380524,0.1999938189983368,0.15227732062339783,0.003852430498227477,0.20945145189762115,0.06512294709682465,-0.025605186820030212,0.19609829783439636,0.1611575186252594,-0.02589479833841324,0.1970166563987732,0.18764115869998932,-0.016367238014936447,0.15064211189746857,0.1575307548046112,-0.006140909157693386,0.15249700844287872,0.07941194623708725,-0.03730778023600578,0.1541280746459961,0.1678267866373062,-0.02248004451394081,0.15685492753982544,0.19891045987606049,-0.002669688779860735,0.10050774365663528,0.17022807896137238,-0.018741119652986526,0.10564494132995605,0.1098720133304596,-0.03226253017783165,0.11385952681303024,0.16784974932670593,-0.014529626816511154,0.11788632720708847,0.19981658458709717,0.0036659922916442156
cerrar_izquierda,0.20825758576393127,0.4123762249946594,-4.625680674053001e-07,0.2720850110054016,0.35312724113464355,-0.01648896187543869,0.2996436059474945,0.2425905466079712,-0.021722638979554176,0.2675541341304779,0.16225501894950867,-0.02841797098517418,0.21380393207073212,0.1423993855714798,-0.028234029188752174,0.2983786463737488,0.17036235332489014,0.0027203347999602556,0.317333459854126,0.08231226354837418,-0.024616390466690063,0.3002502918243408,0.16273319721221924,-0.0358709916472435,0.29219532012939453,0.19869926571846008,-0.0401604063808918,0.24918337166309357,0.1591845452785492,-0.003885590471327305,0.2643614411354065,0.07049483060836792,-0.030655015259981155,0.2531280815601349,0.16614922881126404,-0.030584784224629402,0.24899190664291382,0.19258320331573486,-0.022984066978096962,0.20043155550956726,0.1657004952430725,-0.015886351466178894,0.2066853940486908,0.0854811742901802,-0.04502853378653526,0.2097242921590805,0.17315205931663513,-0.02938873879611492,0.2078072726726532,0.2018827497959137,-0.010980308055877686,0.15019632875919342,0.1796160191297531,-0.02946600876748562,0.15830481052398682,0.11522345244884491,-0.04235191270709038,0.16853685677051544,0.17594923079013824,-0.02283646911382675,0.16981181502342224,0.20735487341880798,-0.00464940769597888
cerrar_izquierda,0.23794244229793549,0.41550904512405396,-4.49623030363e-07,0.304166704416275,0.3570302128791809,-0.020012278109788895,0.33737459778785706,0.24094010889530182,-0.02483813464641571,0.3017791211605072,0.15426239371299744,-0.03002890571951866,0.24556641280651093,0.14193883538246155,-0.027605975046753883,0.33010023832321167,0.1702844798564911,0.0029697753489017487,0.35015153884887695,0.0877741128206253,-0.021965673193335533,0.33333298563957214,0.17087675631046295,-0.03181399405002594,0.3254843056201935,0.2010805308818817,-0.03607222065329552,0.28214266896247864,0.15914376080036163,-0.002451857551932335,0.29871323704719543,0.06949621438980103,-0.028758332133293152,0.2879672348499298,0.16547216475009918,-0.02797793410718441,0.28338873386383057,0.1932545304298401,-0.01931881345808506,0.23412880301475525,0.16502094268798828,-0.01348898932337761,0.24044857919216156,0.0826169028878212,-0.04240303859114647,0.24584731459617615,0.17160534858703613,-0.026621993631124496,0.24369469285011292,0.2049703150987625,-0.007528744172304869,0.1835174262523651,0.17849133908748627,-0.026633577421307564,0.19365724921226501,0.11526291072368622,-0.04001551494002342,0.20467406511306763,0.17362862825393677,-0.02172444947063923,0.204827219247818,0.20616690814495087,-0.004134094342589378
cerrar_izquierda,0.2705955505371094,0.416403591632843,-4.484055580178392e-07,0.33660179376602173,0.35656750202178955,-0.02016259729862213,0.36785995960235596,0.24094842374324799,-0.024771593511104584,0.33234524726867676,0.15532347559928894,-0.029955269768834114,0.2767753601074219,0.1427227258682251,-0.027941735461354256,0.3551233112812042,0.16686265170574188,0.004787259269505739,0.37537330389022827,0.08536962419748306,-0.020068371668457985,0.3632492125034332,0.16850164532661438,-0.030589263886213303,0.3545163869857788,0.19995613396167755,-0.034972891211509705,0.30752015113830566,0.15749114751815796,-0.00010103329987032339,0.3240910470485687,0.06872041523456573,-0.02605597674846649,0.31704074144363403,0.1656067967414856,-0.026255261152982712,0.31081971526145935,0.19429118931293488,-0.018161477521061897,0.26034680008888245,0.1647716462612152,-0.010707533918321133,0.26843568682670593,0.08337970823049545,-0.039640314877033234,0.27563709020614624,0.17260080575942993,-0.024372398853302002,0.2715647220611572,0.20689335465431213,-0.005348196253180504,0.20971864461898804,0.179521843791008,-0.02339128777384758,0.22121372818946838,0.1142226830124855,-0.036870330572128296,0.23330417275428772,0.17288057506084442,-0.018491707742214203,0.23280587792396545,0.20713111758232117,-0.0005891307373531163
cerrar_izquierda,0.3719678819179535,0.4003608524799347,-4.483050588532933e-07,0.43860727548599243,0.3507351875305176,-0.021095382049679756,0.4828115701675415,0.24184320867061615,-0.028281746432185173,0.44776487350463867,0.157535582780838,-0.03550651669502258,0.3901344835758209,0.13555669784545898,-0.03690711781382561,0.46406030654907227,0.14967361092567444,-0.002086999360471964,0.4841580390930176,0.072908416390419,-0.030038613826036453,0.47617828845977783,0.15436291694641113,-0.043908294290304184,0.46376559138298035,0.18967898190021515,-0.04983358457684517,0.4132051169872284,0.1402783840894699,-0.006870751269161701,0.43321114778518677,0.05648510158061981,-0.03408752754330635,0.43100786209106445,0.1527748554944992,-0.03833415359258652,0.4182738959789276,0.18139293789863586,-0.03390839695930481,0.3644940257072449,0.14748267829418182,-0.01652810536324978,0.37798237800598145,0.0670519471168518,-0.048895370215177536,0.3873670995235443,0.16318005323410034,-0.035462088882923126,0.37789130210876465,0.1990809440612793,-0.01775519549846649,0.3106990456581116,0.1633710414171219,-0.027545830234885216,0.3286151587963104,0.1003737598657608,-0.04600531980395317,0.34419432282447815,0.1664302945137024,-0.027808023616671562,0.3416844606399536,0.20246973633766174,-0.009129251353442669
cerrar_izquierda,0.4075923562049866,0.40662702918052673,-4.320292248394253e-07,0.4726769030094147,0.3534752130508423,-0.02318059839308262,0.5072290897369385,0.23880045115947723,-0.030602525919675827,0.46165525913238525,0.16118982434272766,-0.037408746778964996,0.4020552933216095,0.1478143185377121,-0.03792254254221916,0.4808341860771179,0.1507595330476761,-0.0033739430364221334,0.49402230978012085,0.07478566467761993,-0.0302698016166687,0.4878290593624115,0.157740518450737,-0.04251856729388237,0.4793914258480072,0.1899312287569046,-0.047995250672101974,0.4309428334236145,0.14831024408340454,-0.007202605251222849,0.4473375678062439,0.0593244731426239,-0.0361824594438076,0.44650381803512573,0.15532493591308594,-0.0396760068833828,0.43574967980384827,0.18888242542743683,-0.033800769597291946,0.38328883051872253,0.16019754111766815,-0.016073809936642647,0.3928510546684265,0.07765212655067444,-0.0497746579349041,0.4050148129463196,0.17271459102630615,-0.036373354494571686,0.39824849367141724,0.21248425543308258,-0.01799561269581318,0.3315887451171875,0.18005448579788208,-0.026524968445301056,0.34769728779792786,0.11847507208585739,-0.045934535562992096,0.36345428228378296,0.1847788691520691,-0.02898341976106167,0.3615628778934479,0.22185282409191132,-0.011213942430913448
cerrar_izquierda,0.47579118609428406,0.4119963049888611,-4.840617293666583e-07,0.5410114526748657,0.36357128620147705,-0.022069072350859642,0.5795595645904541,0.2477618008852005,-0.030162516981363297,0.5385391712188721,0.1676120162010193,-0.03851298242807388,0.4783957004547119,0.15731856226921082,-0.04002504050731659,0.5576598644256592,0.1569560021162033,-0.004526423290371895,0.5702600479125977,0.07976757735013962,-0.03540901094675064,0.5640597343444824,0.16775433719158173,-0.04905605688691139,0.5551720857620239,0.19846223294734955,-0.05517543479800224,0.5072059631347656,0.15349961817264557,-0.010981696657836437,0.5253226161003113,0.06601430475711823,-0.0452582873404026,0.5252515077590942,0.1679132580757141,-0.04982255771756172,0.511944055557251,0.1986188292503357,-0.044085122644901276,0.45845937728881836,0.16357755661010742,-0.02284439653158188,0.47152233123779297,0.07974395900964737,-0.06053127348423004,0.4831591248512268,0.18312756717205048,-0.04618247225880623,0.47152695059776306,0.22215765714645386,-0.026799747720360756,0.4044246971607208,0.18144583702087402,-0.036358702927827835,0.42341384291648865,0.12256624549627304,-0.05730624496936798,0.4395223557949066,0.1919054239988327,-0.040718305855989456,0.43567532300949097,0.2247449904680252,-0.023436343297362328
cerrar_izquierda,0.5294167399406433,0.4296955168247223,-3.907354937382479e-07,0.5977867841720581,0.3781580328941345,-0.021685102954506874,0.6383811235427856,0.2683194875717163,-0.029575124382972717,0.605928897857666,0.18781180679798126,-0.03857177123427391,0.5480331182479858,0.183832585811615,-0.0415726900100708,0.602666974067688,0.16142410039901733,-0.00048489944310858846,0.6198790073394775,0.08145911991596222,-0.028537068516016006,0.6202714443206787,0.1677514910697937,-0.04291171208024025,0.6111788153648376,0.20517906546592712,-0.04965762421488762,0.557310163974762,0.16201500594615936,-0.006200683303177357,0.5771917104721069,0.07490357756614685,-0.037235572934150696,0.5838070511817932,0.1731601506471634,-0.04383837804198265,0.5711143016815186,0.21202145516872406,-0.03994491696357727,0.5119190216064453,0.17585350573062897,-0.017192143946886063,0.5296582579612732,0.0987744927406311,-0.05271245539188385,0.5451028347015381,0.1961503028869629,-0.04169732704758644,0.5335143208503723,0.24081477522850037,-0.023949487134814262,0.4621376097202301,0.19955189526081085,-0.029903549700975418,0.49021029472351074,0.13404180109500885,-0.05082659423351288,0.507397472858429,0.2001323103904724,-0.03562847897410393,0.49949413537979126,0.24137666821479797,-0.018747931346297264
cerrar_izquierda,0.571953296661377,0.4161026179790497,-3.8761621112826106e-07,0.6463924050331116,0.3657357394695282,-0.02090884931385517,0.6920062303543091,0.26195693016052246,-0.0296672023832798,0.6605267524719238,0.18462598323822021,-0.03918958455324173,0.6050390601158142,0.17103910446166992,-0.04267489165067673,0.6547478437423706,0.1703934371471405,-0.0025266592856496572,0.679129958152771,0.09349250793457031,-0.033133022487163544,0.6773261427879333,0.17726251482963562,-0.04765298590064049,0.6673449873924255,0.21224547922611237,-0.05382861942052841,0.6100254654884338,0.16394366323947906,-0.008730116300284863,0.6377310752868652,0.07853314280509949,-0.04155848175287247,0.639441728591919,0.1766674518585205,-0.047590166330337524,0.6241459846496582,0.21106292307376862,-0.043144069612026215,0.5647408962249756,0.1711341142654419,-0.020156919956207275,0.5890034437179565,0.0977553203701973,-0.05716213956475258,0.6002254486083984,0.196551114320755,-0.04514818638563156,0.5873470902442932,0.2364056557416916,-0.02675258368253708,0.515052855014801,0.18765172362327576,-0.03300125524401665,0.5466140508651733,0.128347709774971,-0.05407324433326721,0.5615401268005371,0.19689831137657166,-0.03790590167045593,0.5522571802139282,0.23457536101341248,-0.020527854561805725
cerrar_izquierda,0.6699150204658508,0.39280855655670166,-3.351469501922111e-07,0.7421485185623169,0.343467116355896,-0.020908894017338753,0.7870571613311768,0.24681644141674042,-0.031985461711883545,0.7615190148353577,0.17524577677249908,-0.044562965631484985,0.7090370655059814,0.16253146529197693,-0.05109547823667526,0.7436214089393616,0.1548469066619873,-0.0007959242211654782,0.7736955285072327,0.08278559148311615,-0.035240333527326584,0.7747679948806763,0.165211021900177,-0.053128909319639206,0.761417806148529,0.2014486938714981,-0.060897618532180786,0.7028186917304993,0.14947791397571564,-0.008130335249006748,0.7399689555168152,0.07045772671699524,-0.04408494383096695,0.7437556982040405,0.16667971014976501,-0.05315440148115158,0.7228255271911621,0.19477741420269012,-0.050578683614730835,0.6608220338821411,0.15559542179107666,-0.021326972171664238,0.6972658038139343,0.08534328639507294,-0.060593463480472565,0.7071735858917236,0.18156766891479492,-0.05035863071680069,0.6870844960212708,0.21277405321598053,-0.03322304040193558,0.6136044859886169,0.17118681967258453,-0.03599175810813904,0.658223569393158,0.12051478773355484,-0.05888840928673744,0.6717919707298279,0.18908612430095673,-0.04438170790672302,0.6555955410003662,0.22069407999515533,-0.02826431579887867
cerrar_izquierda,0.6959689855575562,0.3818555176258087,-3.332151834456454e-07,0.7705439925193787,0.3321371078491211,-0.020637067034840584,0.8158567547798157,0.23900899291038513,-0.031837914139032364,0.7917962670326233,0.1679520159959793,-0.04455440118908882,0.7408137321472168,0.1507108509540558,-0.051386259496212006,0.7710751295089722,0.14582033455371857,0.0009101830655708909,0.8043695092201233,0.07933824509382248,-0.033788032829761505,0.8040971755981445,0.158090278506279,-0.0524064376950264,0.7876169681549072,0.1944158375263214,-0.060723926872015,0.7322335839271545,0.13827428221702576,-0.006814547814428806,0.7741014361381531,0.060776516795158386,-0.04296688362956047,0.7762318849563599,0.1562916338443756,-0.05264682695269585,0.7520649433135986,0.18523788452148438,-0.050428226590156555,0.6922351717948914,0.1433391273021698,-0.020533515140414238,0.7320589423179626,0.07488510757684708,-0.06090663745999336,0.7407550811767578,0.17081119120121002,-0.0512465238571167,0.7178274393081665,0.20068858563899994,-0.0343395359814167,0.6460885405540466,0.15902909636497498,-0.03563781455159187,0.6927993893623352,0.11296005547046661,-0.05972014367580414,0.703711211681366,0.1816926747560501,-0.04568273201584816,0.6833811402320862,0.20924362540245056,-0.029861383140087128
cerrar_izquierda,0.7501033544540405,0.42118269205093384,-2.7900534860236803e-07,0.8200787901878357,0.37228524684906006,-0.01741795428097248,0.8652817010879517,0.290246844291687,-0.029333820566534996,0.8512743711471558,0.22332847118377686,-0.04383796080946922,0.8067271113395691,0.21290236711502075,-0.05324947088956833,0.8148580193519592,0.19275248050689697,0.0003292861219961196,0.8503899574279785,0.12682044506072998,-0.03322703391313553,0.8568408489227295,0.20145834982395172,-0.052272237837314606,0.8435878157615662,0.24454066157341003,-0.0605180524289608,0.7786756753921509,0.18583831191062927,-0.009192909114062786,0.8251113295555115,0.11208421736955643,-0.04335802420973778,0.8297948837280273,0.20271065831184387,-0.053635843098163605,0.8050626516342163,0.23801611363887787,-0.05239738151431084,0.7422524094581604,0.18899182975292206,-0.024113398045301437,0.7895529270172119,0.12568353116512299,-0.06035701185464859,0.7972044348716736,0.21404114365577698,-0.052054908126592636,0.772448718547821,0.24737942218780518,-0.03696567565202713,0.7004706263542175,0.2021392583847046,-0.0404994823038578,0.7532276511192322,0.15574778616428375,-0.0611727349460125,0.7652721405029297,0.22044768929481506,-0.04719618707895279,0.7450990676879883,0.25272825360298157,-0.03195919841527939
cerrar_izquierda,0.746617317199707,0.48947691917419434,-3.356045397140406e-07,0.8114193677902222,0.43817466497421265,-0.018629031255841255,0.8567813038825989,0.3502080738544464,-0.031270597130060196,0.8386507034301758,0.28849413990974426,-0.04534883424639702,0.7920940518379211,0.2882874011993408,-0.05325111001729965,0.8009101748466492,0.24151112139225006,-0.0035432339645922184,0.8487951755523682,0.1970480978488922,-0.03719373792409897,0.8475024104118347,0.2780238687992096,-0.05439172312617302,0.8283646106719971,0.3096565902233124,-0.06312144547700882,0.7628402709960938,0.23638319969177246,-0.01327047124505043,0.8216644525527954,0.18212127685546875,-0.04795007035136223,0.822641134262085,0.274937242269516,-0.054816894233226776,0.796252965927124,0.2976789176464081,-0.05231655016541481,0.7267560958862305,0.2441582977771759,-0.02858135662972927,0.7860509157180786,0.1999230980873108,-0.0649183839559555,0.7911505699157715,0.2871133089065552,-0.05557828024029732,0.7618474960327148,0.30786678194999695,-0.041478231549263,0.6887515783309937,0.2638137936592102,-0.04558945074677467,0.7499229907989502,0.23509268462657928,-0.06615214794874191,0.7588456273078918,0.2986091077327728,-0.053777240216732025,0.7323265671730042,0.319970965385437,-0.04076482728123665
cerrar_izquierda,0.7367688417434692,0.5323881506919861,-3.0670727824144706e-07,0.8012211322784424,0.48532694578170776,-0.0212264321744442,0.851375162601471,0.4010571837425232,-0.03678789734840393,0.8348656892776489,0.34091731905937195,-0.0527530275285244,0.7877979278564453,0.34353673458099365,-0.06268491595983505,0.7895992994308472,0.271992951631546,-0.010825789533555508,0.8461683988571167,0.24493831396102905,-0.044350139796733856,0.8418334722518921,0.3269580006599426,-0.06205947324633598,0.8218840956687927,0.3552021384239197,-0.07232187688350677,0.7499244213104248,0.2667188346385956,-0.02009890414774418,0.8193840980529785,0.23140615224838257,-0.055011823773384094,0.8177012801170349,0.3243396580219269,-0.061818450689315796,0.7915671467781067,0.34519484639167786,-0.06002780795097351,0.7144462466239929,0.27864953875541687,-0.0344683974981308,0.7832837104797363,0.2515750229358673,-0.07007232308387756,0.7858645915985107,0.33787447214126587,-0.06103412061929703,0.7566801309585571,0.3561020791530609,-0.048115748912096024,0.6807410717010498,0.3054009675979614,-0.05081022530794144,0.7475384473800659,0.28818950057029724,-0.07126858830451965,0.7552016377449036,0.35033902525901794,-0.05989086627960205,0.7294391393661499,0.36922916769981384,-0.04795297607779503
cerrar_izquierda,0.21691003441810608,0.5698014497756958,-4.000927731340198e-07,0.2873624563217163,0.5316070318222046,-0.03250058367848396,0.3514780104160309,0.43042266368865967,-0.04517752677202225,0.31523460149765015,0.35295405983924866,-0.05490628257393837,0.24920223653316498,0.3392806351184845,-0.05614282563328743,0.30310940742492676,0.30039989948272705,-0.01426391489803791,0.31889718770980835,0.22860772907733917,-0.053483277559280396,0.31369152665138245,0.327711284160614,-0.06887327134609222,0.3050454556941986,0.36153143644332886,-0.07414591312408447,0.24783438444137573,0.29429617524147034,-0.015042443759739399,0.2584705650806427,0.23864857852458954,-0.05464281141757965,0.25949975848197937,0.3503519892692566,-0.057412125170230865,0.25351688265800476,0.3676162660121918,-0.04898344352841377,0.19663193821907043,0.3055349886417389,-0.023120621219277382,0.19940640032291412,0.28507551550865173,-0.061332520097494125,0.21111668646335602,0.3815934956073761,-0.04517018795013428,0.21234013140201569,0.3878994584083557,-0.025188874453306198,0.14450794458389282,0.32463735342025757,-0.03399980068206787,0.1514110267162323,0.3184465169906616,-0.04955869913101196,0.16743038594722748,0.38692519068717957,-0.03035595454275608,0.17137910425662994,0.39630335569381714,-0.011383953504264355
cerrar_izquierda,0.3580891489982605,0.5299217104911804,-4.5723442099188105e-07,0.43088918924331665,0.48911988735198975,-0.024006158113479614,0.49416473507881165,0.39216357469558716,-0.03659436106681824,0.4743645191192627,0.3077196478843689,-0.04806235060095787,0.414222776889801,0.28186821937561035,-0.052807096391916275,0.4518513083457947,0.2512419521808624,-0.011656154878437519,0.48230576515197754,0.19577428698539734,-0.0444321408867836,0.474479079246521,0.2890331745147705,-0.05807148665189743,0.4557381868362427,0.3158435821533203,-0.06474198400974274,0.3962066173553467,0.24639154970645905,-0.01812339574098587,0.4277777671813965,0.19120940566062927,-0.05410706624388695,0.4293115735054016,0.2999115586280823,-0.060427334159612656,0.40889763832092285,0.3154410719871521,-0.05674825236201286,0.34391018748283386,0.2633691430091858,-0.02907571941614151,0.37318021059036255,0.2343408763408661,-0.07246416807174683,0.3880549669265747,0.3396538197994232,-0.06128542870283127,0.3709149956703186,0.3542247414588928,-0.04361473768949509,0.290886253118515,0.29444563388824463,-0.04072398692369461,0.33023834228515625,0.27014583349227905,-0.06707321852445602,0.34744760394096375,0.34433865547180176,-0.05071624740958214,0.33200615644454956,0.36215993762016296,-0.032270632684230804
cerrar_izquierda,0.15344320237636566,0.642241358757019,-3.665419967546768e-07,0.20457546412944794,0.599816083908081,-0.02475057728588581,0.23587188124656677,0.5108820199966431,-0.03364275395870209,0.1931404322385788,0.4506404995918274,-0.040843501687049866,0.1441812962293625,0.44148433208465576,-0.040714845061302185,0.23266543447971344,0.432098388671875,-0.008138125762343407,0.24270261824131012,0.3651179075241089,-0.03794874623417854,0.23058027029037476,0.43738529086112976,-0.04874090477824211,0.22416865825653076,0.46621644496917725,-0.05141526833176613,0.1862526386976242,0.4276411533355713,-0.009695117361843586,0.19344596564769745,0.36606454849243164,-0.04024548456072807,0.18817107379436493,0.45231467485427856,-0.04126139357686043,0.18624621629714966,0.4727511405944824,-0.03321627900004387,0.14384043216705322,0.43484562635421753,-0.017109105363488197,0.14143306016921997,0.38454219698905945,-0.050289805978536606,0.14919131994247437,0.4681107699871063,-0.03789355605840683,0.15259727835655212,0.49030861258506775,-0.020087173208594322,0.10029853135347366,0.4487077593803406,-0.026405079290270805,0.10257745534181595,0.41321656107902527,-0.043309107422828674,0.1150776818394661,0.47005176544189453,-0.02872881107032299,0.12022168934345245,0.4912923574447632,-0.012542088516056538
cerrar_izquierda,0.16277818381786346,0.5921434164047241,-3.5415976640251756e-07,0.21640855073928833,0.5490991473197937,-0.02606010064482689,0.25101399421691895,0.4577574133872986,-0.03524575009942055,0.21751204133033752,0.3883255422115326,-0.042923908680677414,0.1678077131509781,0.37261858582496643,-0.04228196665644646,0.2500712275505066,0.3754817247390747,-0.0035726861096918583,0.25906407833099365,0.30996525287628174,-0.03425069898366928,0.24470284581184387,0.3875846266746521,-0.04589052498340607,0.2405359297990799,0.41330069303512573,-0.04934421181678772,0.20413684844970703,0.3696727454662323,-0.004849225748330355,0.2111913561820984,0.3108891248703003,-0.03600814566016197,0.20369216799736023,0.4006741940975189,-0.03584422916173935,0.20354080200195312,0.41457077860832214,-0.02683262526988983,0.16014190018177032,0.3769652247428894,-0.012824594043195248,0.16043752431869507,0.32721376419067383,-0.04627620428800583,0.1656200885772705,0.4110722839832306,-0.03076217509806156,0.16895751655101776,0.42763182520866394,-0.011119330301880836,0.11388114094734192,0.3902665972709656,-0.02314000204205513,0.120669886469841,0.35663729906082153,-0.038597844541072845,0.1301533728837967,0.41472670435905457,-0.021526353433728218,0.13356465101242065,0.4330018162727356,-0.003778468118980527
cerrar_izquierda,0.3317541480064392,0.4333321452140808,-5.464298737933859e-07,0.40271076560020447,0.3895121216773987,-0.023742539808154106,0.45795267820358276,0.26662129163742065,-0.03357931599020958,0.4316987991333008,0.1696590632200241,-0.042955707758665085,0.3675699830055237,0.16560502350330353,-0.044590551406145096,0.42111635208129883,0.15670464932918549,-0.012455821968615055,0.43967461585998535,0.08090557157993317,-0.045902084559202194,0.4404377341270447,0.18392406404018402,-0.05816399306058884,0.43008023500442505,0.21129484474658966,-0.0640721395611763,0.3679775297641754,0.1582173854112625,-0.018968364223837852,0.3891233205795288,0.10168936103582382,-0.055145714432001114,0.39633363485336304,0.2153724730014801,-0.05792994797229767,0.3792972266674042,0.22113463282585144,-0.05284935608506203,0.3174908459186554,0.17555589973926544,-0.030756870284676552,0.33878833055496216,0.132887601852417,-0.07263323664665222,0.3579506278038025,0.2426186203956604,-0.05645601078867912,0.34490764141082764,0.25622090697288513,-0.03688926622271538,0.2647438645362854,0.19958117604255676,-0.04385349527001381,0.2964625954627991,0.1668778657913208,-0.06721096485853195,0.3142406940460205,0.24420490860939026,-0.04861349239945412,0.30145370960235596,0.26451459527015686,-0.030085157603025436
cerrar_izquierda,0.4682425558567047,0.43761923909187317,-4.4930234821549675e-07,0.5391236543655396,0.39687830209732056,-0.02337420918047428,0.5945008993148804,0.291285902261734,-0.03564014285802841,0.5703358054161072,0.204044908285141,-0.04726754501461983,0.5085440278053284,0.17770186066627502,-0.051829684525728226,0.5584454536437988,0.17725998163223267,-0.010634632781147957,0.5899174213409424,0.12218406796455383,-0.04289522022008896,0.5790898203849792,0.21248674392700195,-0.056470658630132675,0.5627466440200806,0.23754562437534332,-0.06380394101142883,0.507260799407959,0.17020729184150696,-0.01739591732621193,0.5439927577972412,0.11803792417049408,-0.05281214788556099,0.5394867658615112,0.2250794917345047,-0.05688874423503876,0.519862949848175,0.24003562331199646,-0.0522838719189167,0.4569834768772125,0.18102315068244934,-0.029170595109462738,0.49218854308128357,0.13643541932106018,-0.07076192647218704,0.4989323914051056,0.24507717788219452,-0.05557699128985405,0.478687047958374,0.26616936922073364,-0.036588121205568314,0.4045134484767914,0.20400622487068176,-0.04222879558801651,0.4492337703704834,0.17703020572662354,-0.0688401609659195,0.457712858915329,0.2542020082473755,-0.05284666642546654,0.4382800757884979,0.2736034095287323,-0.03561199828982353
cerrar_izquierda,0.5364649295806885,0.4364904463291168,-3.97328761891913e-07,0.6062325239181519,0.3979976773262024,-0.024707917124032974,0.663675844669342,0.2976536154747009,-0.03713608905673027,0.6441068053245544,0.20922869443893433,-0.04903736338019371,0.5835060477256775,0.17980948090553284,-0.05518020689487457,0.6373617649078369,0.17708313465118408,-0.006898213177919388,0.6721844673156738,0.13665375113487244,-0.03454609960317612,0.6624016761779785,0.21324282884597778,-0.04797716438770294,0.6474708318710327,0.219713494181633,-0.05746084824204445,0.5849961042404175,0.16489452123641968,-0.012980008497834206,0.6242769360542297,0.12574467062950134,-0.04702434688806534,0.6189773082733154,0.2275264412164688,-0.054226119071245193,0.5985391139984131,0.23710639774799347,-0.052627284079790115,0.533829927444458,0.17266657948493958,-0.023829564452171326,0.5712556838989258,0.13578668236732483,-0.06677824258804321,0.5737093687057495,0.24571752548217773,-0.05539736524224281,0.5490750074386597,0.2660924792289734,-0.03885352984070778,0.48004451394081116,0.19580982625484467,-0.035743147134780884,0.5279152989387512,0.1700950562953949,-0.06496267765760422,0.5330969095230103,0.24758224189281464,-0.05159497261047363,0.5106555819511414,0.2659316658973694,-0.0360417366027832
cerrar_izquierda,0.590441882610321,0.42767006158828735,-3.865980886530451e-07,0.6659883260726929,0.3827112317085266,-0.022617533802986145,0.7216566205024719,0.2898956835269928,-0.0367765910923481,0.7120913863182068,0.20197482407093048,-0.051842063665390015,0.654401957988739,0.1687411069869995,-0.06006656959652901,0.6871803402900696,0.1839587241411209,-0.007184751331806183,0.7271764278411865,0.11819908022880554,-0.044198837131261826,0.713991641998291,0.20121870934963226,-0.0616915188729763,0.6947095990180969,0.22816458344459534,-0.07015834003686905,0.6405475735664368,0.17294301092624664,-0.015080834738910198,0.6845666170120239,0.0992739200592041,-0.05687778815627098,0.6759701371192932,0.20028775930404663,-0.06580880284309387,0.6552196741104126,0.22331947088241577,-0.06222434714436531,0.5932157635688782,0.177763432264328,-0.02842041663825512,0.637324333190918,0.1255151480436325,-0.07466421276330948,0.636278510093689,0.22924600541591644,-0.0636109858751297,0.6133247017860413,0.25367602705955505,-0.04468440264463425,0.5438293814659119,0.19475197792053223,-0.042980972677469254,0.597842812538147,0.16307413578033447,-0.07027751952409744,0.6010821461677551,0.23493222892284393,-0.056069839745759964,0.5776733756065369,0.25542524456977844,-0.039474472403526306
cerrar_izquierda,0.647651731967926,0.4313241243362427,-3.870995044508163e-07,0.7200347781181335,0.3866647183895111,-0.021304840222001076,0.7749534845352173,0.29843196272850037,-0.034790512174367905,0.7688808441162109,0.21686464548110962,-0.04950270801782608,0.7161906361579895,0.18264497816562653,-0.057593848556280136,0.7291394472122192,0.1833813190460205,-0.001436512335203588,0.777955174446106,0.13837751746177673,-0.03863527253270149,0.7664473652839661,0.22052522003650665,-0.05597308650612831,0.7441010475158691,0.2451917678117752,-0.06367107480764389,0.685600996017456,0.1756860911846161,-0.009090276435017586,0.7397079467773438,0.12830528616905212,-0.04789524897933006,0.7293096780776978,0.23009933531284332,-0.053762130439281464,0.7031849026679993,0.24509717524051666,-0.04898746684193611,0.6433007121086121,0.1806289702653885,-0.023109525442123413,0.6992782950401306,0.14664126932621002,-0.06759161502122879,0.6933103203773499,0.24856676161289215,-0.0557992123067379,0.6629566550254822,0.2655228078365326,-0.03729600831866264,0.5997885465621948,0.1958685964345932,-0.038367968052625656,0.6611241698265076,0.17344802618026733,-0.06437960267066956,0.6620533466339111,0.24702022969722748,-0.050306536257267,0.6332077980041504,0.2655559182167053,-0.034042198210954666
cerrar_izquierda,0.698241114616394,0.423770546913147,-3.783348176966683e-07,0.7759081721305847,0.3821147680282593,-0.0176523607224226,0.8302750587463379,0.2927543520927429,-0.029002850875258446,0.8243557214736938,0.21025635302066803,-0.04198111221194267,0.7712720036506653,0.18064860999584198,-0.04926443099975586,0.7946697473526001,0.2003510594367981,-0.004092623945325613,0.8387097120285034,0.13710448145866394,-0.037091538310050964,0.8253365755081177,0.21725349128246307,-0.054548926651477814,0.8032089471817017,0.24037392437458038,-0.06437969952821732,0.7534856200218201,0.18911918997764587,-0.013321717269718647,0.8016464710235596,0.11824604123830795,-0.049524836242198944,0.7914999723434448,0.21451397240161896,-0.058738823980093,0.7656249403953552,0.2316754311323166,-0.057767104357481,0.7111229300498962,0.19130536913871765,-0.027231376618146896,0.7597780227661133,0.1344304382801056,-0.0650574341416359,0.7561387419700623,0.2300678789615631,-0.053144581615924835,0.7281491160392761,0.24869167804718018,-0.03707677125930786,0.6659974455833435,0.20295777916908264,-0.04232049733400345,0.7206335663795471,0.16668927669525146,-0.06465226411819458,0.7230300903320312,0.23451322317123413,-0.04988977685570717,0.6978378295898438,0.25458815693855286,-0.03502446040511131
cerrar_izquierda,0.7261120676994324,0.5029407739639282,-3.535876942351024e-07,0.7967664003372192,0.4554411768913269,-0.019549746066331863,0.8461689352989197,0.3719664514064789,-0.0352446474134922,0.8359299898147583,0.3004447817802429,-0.0518326573073864,0.786657452583313,0.27578210830688477,-0.06185488402843475,0.794769287109375,0.24895870685577393,-0.010303240269422531,0.8509347438812256,0.2129640281200409,-0.048119671642780304,0.8414336442947388,0.2957894504070282,-0.0672227144241333,0.8179906010627747,0.3169860541820526,-0.07836903631687164,0.7504539489746094,0.23978768289089203,-0.020658956840634346,0.8173577785491943,0.19620822370052338,-0.05943942815065384,0.8114807605743408,0.29283955693244934,-0.06675262004137039,0.7847184538841248,0.3057185411453247,-0.0652754157781601,0.7096987962722778,0.2482413649559021,-0.03630674630403519,0.7760607004165649,0.22338953614234924,-0.07740617543458939,0.7735399603843689,0.31888678669929504,-0.06771855801343918,0.7411202192306519,0.3289155662059784,-0.05404504016041756,0.6726224422454834,0.2711726129055023,-0.05352741852402687,0.7393806576728821,0.2657060921192169,-0.07913832366466522,0.7397148013114929,0.3323194086551666,-0.06950252503156662,0.7075091600418091,0.34144651889801025,-0.05858171358704567
cerrar_izquierda,0.7084259986877441,0.664017915725708,-3.7246084616526787e-07,0.784061849117279,0.6209803223609924,-0.020943477749824524,0.8381797075271606,0.5495700240135193,-0.03992748260498047,0.8380301594734192,0.4868001937866211,-0.059411488473415375,0.7876748442649841,0.46692946553230286,-0.07216384261846542,0.774773359298706,0.38762226700782776,-0.011915252543985844,0.8506969809532166,0.38980695605278015,-0.05387168005108833,0.8381549715995789,0.47583913803100586,-0.07872546464204788,0.813683807849884,0.49207738041877747,-0.09418950229883194,0.7330561280250549,0.3782370388507843,-0.02293555997312069,0.8195638656616211,0.38525712490081787,-0.06524608284235,0.8074095845222473,0.4811286926269531,-0.07580652087926865,0.7812850475311279,0.4904082417488098,-0.07643680274486542,0.6967690587043762,0.3946307897567749,-0.039328981190919876,0.7793931365013123,0.4098000228404999,-0.07934968918561935,0.7699772119522095,0.5005048513412476,-0.07068745046854019,0.7391067743301392,0.5050504207611084,-0.05820678919553757,0.6679040193557739,0.4284401834011078,-0.05810778588056564,0.7370167374610901,0.45234668254852295,-0.08131318539381027,0.7324367761611938,0.5117747783660889,-0.0731906071305275,0.7035055160522461,0.513015627861023,-0.06330419331789017
cerrar_izquierda,0.679088294506073,0.720075249671936,-3.309017415631388e-07,0.7387673854827881,0.6843857169151306,-0.0171700157225132,0.7869852781295776,0.6279537677764893,-0.034677740186452866,0.7928546071052551,0.5822186470031738,-0.05328385531902313,0.7507193684577942,0.5753155946731567,-0.06633032113313675,0.7272124290466309,0.4735562205314636,-0.010775906033813953,0.8023585081100464,0.4820791482925415,-0.045417893677949905,0.7957780957221985,0.5546520352363586,-0.06606262177228928,0.7745806574821472,0.5694119930267334,-0.07860765606164932,0.6921932697296143,0.47007787227630615,-0.02068258263170719,0.7732146978378296,0.49114423990249634,-0.051468007266521454,0.7653581500053406,0.5716999173164368,-0.05784393846988678,0.7442480325698853,0.5730035305023193,-0.058483511209487915,0.6636707782745361,0.4912099838256836,-0.03488050028681755,0.7391880750656128,0.5107584595680237,-0.0638442188501358,0.7338860630989075,0.5874360203742981,-0.05356370285153389,0.7104369401931763,0.5921744108200073,-0.04267961159348488,0.6418613791465759,0.5271042585372925,-0.051464371383190155,0.7022987008094788,0.5466503500938416,-0.0667848140001297,0.7003706693649292,0.5962623953819275,-0.05666927993297577,0.6793593764305115,0.6010501980781555,-0.04666817933320999
cerrar_izquierda,0.7088199853897095,0.7321693897247314,-3.203043092980806e-07,0.7759881019592285,0.7032479643821716,-0.013488751836121082,0.8250535130500793,0.6519001126289368,-0.02895171009004116,0.8392499089241028,0.6095067262649536,-0.04609258100390434,0.8023837208747864,0.6063156723976135,-0.058419711887836456,0.7686932682991028,0.49717387557029724,-0.008200952783226967,0.8436617851257324,0.514646053314209,-0.04005241394042969,0.8358570337295532,0.5850891470909119,-0.05952630564570427,0.8152830004692078,0.5985469818115234,-0.07166480273008347,0.7382356524467468,0.49490419030189514,-0.01900373585522175,0.821025550365448,0.5243044495582581,-0.04744428023695946,0.8103841543197632,0.6018547415733337,-0.05320388078689575,0.7894048094749451,0.6040787696838379,-0.05381903052330017,0.7132405042648315,0.5161648392677307,-0.033598288893699646,0.7920502424240112,0.5448867082595825,-0.05987143889069557,0.7830314636230469,0.6143168807029724,-0.05057031661272049,0.7597565650939941,0.6168246865272522,-0.040730059146881104,0.6947346925735474,0.551466703414917,-0.050283417105674744,0.7567038536071777,0.5739392638206482,-0.06322173029184341,0.7526637315750122,0.6196249723434448,-0.05353963002562523,0.732361376285553,0.6241062879562378,-0.04438692331314087
cerrar_izquierda,0.7179914712905884,0.6912406086921692,-2.489539951966435e-07,0.7765384316444397,0.6786027550697327,-0.02033621445298195,0.8268776535987854,0.6418113112449646,-0.03875499218702316,0.8384981155395508,0.6045591235160828,-0.056796595454216,0.8031491637229919,0.5917395353317261,-0.07041947543621063,0.7935094237327576,0.48969292640686035,-0.019303133711218834,0.8622991442680359,0.5202854871749878,-0.05031215399503708,0.8464555740356445,0.5805292725563049,-0.06849750131368637,0.8246435523033142,0.5849536657333374,-0.08018475770950317,0.7629066109657288,0.4791533350944519,-0.025941986590623856,0.835892915725708,0.5197249054908752,-0.05379986763000488,0.8180873394012451,0.589160680770874,-0.05856096372008324,0.7984372973442078,0.5850930213928223,-0.058986976742744446,0.7347019910812378,0.49246150255203247,-0.03633894771337509,0.8003730177879333,0.5290516018867493,-0.06252872198820114,0.7870196104049683,0.5922937393188477,-0.053781475871801376,0.7664294242858887,0.588941752910614,-0.0448831245303154,0.710616409778595,0.5205025672912598,-0.04915345832705498,0.7608435750007629,0.552924394607544,-0.06326790153980255,0.7540566325187683,0.5942379236221313,-0.05526058375835419,0.7357039451599121,0.5923500657081604,-0.04770229011774063
cerrar_izquierda,0.7152474522590637,0.7304402589797974,-2.322801151422027e-07,0.7662155032157898,0.7222199440002441,-0.017566081136465073,0.8137775659561157,0.6900302171707153,-0.03500170633196831,0.8214552402496338,0.6539657711982727,-0.05265408009290695,0.7871230244636536,0.6393894553184509,-0.0663624182343483,0.7867172956466675,0.5434123873710632,-0.017870644107460976,0.8478768467903137,0.5651880502700806,-0.04787712171673775,0.838132917881012,0.6238856911659241,-0.06497182697057724,0.8199627995491028,0.6356687545776367,-0.07508621364831924,0.7558676600456238,0.5324124097824097,-0.024862639605998993,0.8209269642829895,0.5696430802345276,-0.05077866464853287,0.8087431788444519,0.6367747783660889,-0.05567881464958191,0.7923866510391235,0.6363236308097839,-0.05615703761577606,0.7278488874435425,0.5465449094772339,-0.0352587029337883,0.7869390249252319,0.5844590067863464,-0.05976804718375206,0.7765772342681885,0.644679069519043,-0.051973436027765274,0.7580287456512451,0.6431991457939148,-0.043719686567783356,0.7035982012748718,0.5754287838935852,-0.047716159373521805,0.7502476572990417,0.6107156276702881,-0.0610116608440876,0.7452477216720581,0.6491712331771851,-0.05369824171066284,0.728877604007721,0.6477980613708496,-0.04640340805053711
cerrar_izquierda,0.6947308778762817,0.7522338032722473,-1.9503917769725376e-07,0.7492068409919739,0.742759108543396,-0.017415396869182587,0.7957295179367065,0.7101975083351135,-0.0347488597035408,0.8039063811302185,0.6789616346359253,-0.05232321098446846,0.7701176404953003,0.67291659116745,-0.065948985517025,0.7632660865783691,0.5649406909942627,-0.017651710659265518,0.8261074423789978,0.5909923911094666,-0.04620867222547531,0.8167543411254883,0.6477376222610474,-0.06344954669475555,0.7982914447784424,0.6560769081115723,-0.07465854287147522,0.7330318093299866,0.5580549836158752,-0.02487405575811863,0.8006134629249573,0.5976061224937439,-0.04973778501152992,0.7899454236030579,0.6615526080131531,-0.055131543427705765,0.773247241973877,0.6594316959381104,-0.0570942647755146,0.7068562507629395,0.5748234391212463,-0.03535296022891998,0.7687036395072937,0.6117232441902161,-0.0581933856010437,0.7596307992935181,0.6695050001144409,-0.05089523270726204,0.740375280380249,0.6676675081253052,-0.04408751055598259,0.685484766960144,0.6056522130966187,-0.0480588898062706,0.7345504760742188,0.6389655470848083,-0.060243990272283554,0.7293298840522766,0.675678551197052,-0.05346817150712013,0.7118405103683472,0.6744664907455444,-0.04754137992858887
cerrar_izquierda,0.6425371766090393,0.8035107254981995,-2.157402150260168e-07,0.6953251361846924,0.7990837693214417,-0.024487849324941635,0.7401294112205505,0.7724142670631409,-0.0443861149251461,0.7459374666213989,0.743138313293457,-0.06311600655317307,0.7111173272132874,0.737553596496582,-0.07818484306335449,0.7133122682571411,0.6219785809516907,-0.023138592019677162,0.7686511278152466,0.6506638526916504,-0.0513027161359787,0.7585899233818054,0.7041335105895996,-0.06925953179597855,0.7421485781669617,0.7130799293518066,-0.08107325434684753,0.6810876727104187,0.616411566734314,-0.0264903474599123,0.7385088205337524,0.6628451943397522,-0.05033522844314575,0.7280667424201965,0.7221124172210693,-0.0572008416056633,0.7129318714141846,0.7196714878082275,-0.06065230444073677,0.6529802083969116,0.6342517137527466,-0.033432647585868835,0.7057152986526489,0.6791541576385498,-0.05504035949707031,0.6992632746696472,0.7296213507652283,-0.04968183860182762,0.6832644939422607,0.7274008393287659,-0.044418446719646454,0.6291994452476501,0.6649033427238464,-0.04322822764515877,0.6708401441574097,0.6989234089851379,-0.05421766638755798,0.6689569354057312,0.7327213287353516,-0.04780840128660202,0.655595064163208,0.7326658964157104,-0.04213300347328186
cerrar_izquierda,0.6015785932540894,0.826774537563324,-2.1294388830028765e-07,0.6549524664878845,0.8267289996147156,-0.023894397541880608,0.6967757940292358,0.8082026839256287,-0.04556816443800926,0.7032140493392944,0.783304750919342,-0.0662093460559845,0.6666915416717529,0.7788925170898438,-0.08348201960325241,0.6749831438064575,0.6466073393821716,-0.02834845893085003,0.7335124611854553,0.6864144802093506,-0.05691216140985489,0.7206435203552246,0.7404035329818726,-0.07382959872484207,0.7007765173912048,0.7508058547973633,-0.08478418737649918,0.6418010592460632,0.6429550647735596,-0.03239385411143303,0.7024810910224915,0.7030021548271179,-0.05570225790143013,0.6885347366333008,0.7612838745117188,-0.061487339437007904,0.672069251537323,0.7584192752838135,-0.06517451256513596,0.6124791502952576,0.6643057465553284,-0.039536502212285995,0.6689253449440002,0.7206031084060669,-0.06122259050607681,0.6588463187217712,0.7687371373176575,-0.05636773258447647,0.6418535709381104,0.766348123550415,-0.052107132971286774,0.5872634053230286,0.698611855506897,-0.04932519793510437,0.631463348865509,0.7414564490318298,-0.06063908711075783,0.6270022988319397,0.7721539735794067,-0.05523019656538963,0.6132848262786865,0.7706323862075806,-0.050663188099861145
cerrar_izquierda,0.5526504516601562,0.8563737273216248,-1.4966518335768342e-07,0.6028669476509094,0.8578368425369263,-0.025798136368393898,0.6424301266670227,0.840808629989624,-0.04761127009987831,0.6526656746864319,0.8187123537063599,-0.0681111067533493,0.6207375526428223,0.8145875930786133,-0.08510986715555191,0.634276807308197,0.6812482476234436,-0.026959391310811043,0.6888391971588135,0.7243931293487549,-0.05465630814433098,0.67490553855896,0.7728996276855469,-0.07153887301683426,0.6557777523994446,0.7793184518814087,-0.08275900036096573,0.6017910838127136,0.6760678887367249,-0.029922861605882645,0.6561232209205627,0.7373085618019104,-0.0536867119371891,0.641284704208374,0.791286289691925,-0.05973111093044281,0.6262935996055603,0.7860357165336609,-0.06326916813850403,0.5712494850158691,0.6944305896759033,-0.03644304350018501,0.6209802031517029,0.753740131855011,-0.05835135281085968,0.6099750995635986,0.7991257309913635,-0.05412178859114647,0.594628095626831,0.7944711446762085,-0.04997507855296135,0.5449959635734558,0.725328266620636,-0.04590121656656265,0.5848249793052673,0.771397054195404,-0.05750574171543121,0.5790604948997498,0.8001834750175476,-0.05298425257205963,0.5657055974006653,0.7961838841438293,-0.04896063730120659
cerrar_izquierda,0.4877598285675049,0.8673639297485352,-1.4265680192693253e-07,0.5373718738555908,0.8748983144760132,-0.032831501215696335,0.5827922224998474,0.8614646792411804,-0.056203391402959824,0.5813079476356506,0.8382360339164734,-0.07618445158004761,0.5400983095169067,0.8329804539680481,-0.09246257692575455,0.5801928043365479,0.6968626976013184,-0.03236784785985947,0.627640426158905,0.7483645677566528,-0.06079268455505371,0.608436107635498,0.7982972860336304,-0.07886756956577301,0.5879547595977783,0.8007588386535645,-0.09105950593948364,0.5435144305229187,0.6858211159706116,-0.03093944676220417,0.5872235298156738,0.7551022171974182,-0.05593317747116089,0.5707443356513977,0.8108991384506226,-0.06461256742477417,0.556286096572876,0.8064563870429993,-0.06988207995891571,0.5093291997909546,0.6994301080703735,-0.03315962851047516,0.5487655997276306,0.7673667669296265,-0.05606841668486595,0.5382718443870544,0.8156557679176331,-0.054365407675504684,0.5241400599479675,0.8102523684501648,-0.05164191499352455,0.47940608859062195,0.7253684401512146,-0.03855845704674721,0.5130228400230408,0.7807599306106567,-0.05032937601208687,0.5076315402984619,0.8126134276390076,-0.04687946289777756,0.4952971041202545,0.8081430792808533,-0.043480489403009415
cerrar_izquierda,0.403698205947876,0.8834211826324463,-1.9891280089723296e-07,0.45376262068748474,0.8927679657936096,-0.0337434858083725,0.5087963938713074,0.8642895817756653,-0.05378321185708046,0.499906986951828,0.826974093914032,-0.0703282356262207,0.45011982321739197,0.8257383704185486,-0.08268285542726517,0.5034535527229309,0.7086199522018433,-0.024312607944011688,0.5462456345558167,0.7381084561347961,-0.050848837941884995,0.5280277132987976,0.7916738986968994,-0.06750846654176712,0.5084049701690674,0.7939730286598206,-0.07933714240789413,0.463814377784729,0.6921848654747009,-0.022847380489110947,0.5021308064460754,0.7413538098335266,-0.048542171716690063,0.4891109764575958,0.8037276864051819,-0.05844757705926895,0.47568878531455994,0.79911208152771,-0.06329462677240372,0.4265878200531006,0.704302191734314,-0.025781424716114998,0.4598844349384308,0.7594411373138428,-0.05013686791062355,0.4526222348213196,0.8149620890617371,-0.04922163859009743,0.43778693675994873,0.8085225224494934,-0.046350229531526566,0.3936275839805603,0.7300052046775818,-0.032057151198387146,0.4236915111541748,0.7825015783309937,-0.04579648748040199,0.41968032717704773,0.8186913132667542,-0.04386870935559273,0.4060649871826172,0.8112607002258301,-0.04123491048812866
cerrar_izquierda,0.31537437438964844,0.8862156867980957,-1.83468813474974e-07,0.3692302703857422,0.8912466764450073,-0.041446901857852936,0.42130404710769653,0.8560073375701904,-0.06490057706832886,0.398258239030838,0.8152459263801575,-0.08250876516103745,0.34216228127479553,0.8160269856452942,-0.09507469832897186,0.41603410243988037,0.6972067356109619,-0.0329168327152729,0.44332998991012573,0.7264206409454346,-0.06073935329914093,0.4262542724609375,0.7846286296844482,-0.07686027884483337,0.4092238247394562,0.7866065502166748,-0.08823735266923904,0.37350329756736755,0.6780798435211182,-0.02729666605591774,0.3942633271217346,0.7280987501144409,-0.055149659514427185,0.38354045152664185,0.79693204164505,-0.06501878798007965,0.37246301770210266,0.7884588837623596,-0.069353386759758,0.33355215191841125,0.6890486478805542,-0.026426827535033226,0.34939807653427124,0.7444908022880554,-0.0532706081867218,0.3474021852016449,0.8041822910308838,-0.05253570154309273,0.3380327820777893,0.7922416925430298,-0.04949193820357323,0.2978183329105377,0.7115768194198608,-0.029255665838718414,0.3124438226222992,0.7696213126182556,-0.04492322728037834,0.31474393606185913,0.8097069263458252,-0.04375426098704338,0.3079184293746948,0.7960883378982544,-0.04135198891162872
cerrar_izquierda,0.28236904740333557,0.8447636365890503,-9.239382592340917e-08,0.32925501465797424,0.8518609404563904,-0.03866496682167053,0.37062591314315796,0.8115833401679993,-0.05871525779366493,0.32803118228912354,0.7724913954734802,-0.0731055811047554,0.2776181995868683,0.7600038647651672,-0.08272790908813477,0.3701696991920471,0.6637358069419861,-0.029813097789883614,0.3808816969394684,0.6755614280700684,-0.06036514788866043,0.3738076984882355,0.7361084222793579,-0.07671060413122177,0.36562514305114746,0.7421683669090271,-0.08657776564359665,0.32686135172843933,0.6481203436851501,-0.024906892329454422,0.33098387718200684,0.6758200526237488,-0.05474243313074112,0.32878750562667847,0.7490533590316772,-0.06398042291402817,0.32654401659965515,0.7401746511459351,-0.0664839968085289,0.2859702706336975,0.6606581807136536,-0.025290217250585556,0.2896205186843872,0.6887147426605225,-0.05682048201560974,0.2940095067024231,0.7544462084770203,-0.05338665843009949,0.2943328619003296,0.7444809675216675,-0.04654884710907936,0.24864588677883148,0.685012936592102,-0.028541026636958122,0.25593557953834534,0.7193500995635986,-0.04869887977838516,0.2643429934978485,0.7632710337638855,-0.044247180223464966,0.2671392261981964,0.7532123327255249,-0.03762815147638321
cerrar_izquierda,0.17138421535491943,0.8462004661560059,-2.828054732617602e-07,0.21705476939678192,0.8246285915374756,-0.04248819500207901,0.2456895112991333,0.7544615864753723,-0.06328120082616806,0.19146910309791565,0.7080876231193542,-0.07820560038089752,0.1363692283630371,0.6943988800048828,-0.08370606601238251,0.24810051918029785,0.6424667239189148,-0.034280646592378616,0.24592801928520203,0.5875506401062012,-0.07605224847793579,0.23408035933971405,0.670185387134552,-0.09237347543239594,0.2312755137681961,0.690544605255127,-0.09912936389446259,0.19699279963970184,0.6336621642112732,-0.02980625443160534,0.19482871890068054,0.5873954892158508,-0.07271914929151535,0.1895642876625061,0.680802583694458,-0.07495996356010437,0.19416171312332153,0.6879057288169861,-0.06719715148210526,0.15211041271686554,0.6397452354431152,-0.032986488193273544,0.14230114221572876,0.6078997254371643,-0.07038187980651855,0.14777183532714844,0.6907090544700623,-0.05349821597337723,0.15912272036075592,0.6921589970588684,-0.034438371658325195,0.109342060983181,0.6545948386192322,-0.04031544551253319,0.10382919013500214,0.6514617800712585,-0.057307712733745575,0.11574211716651917,0.7034236192703247,-0.04316644370555878,0.1284773349761963,0.7024871706962585,-0.02872004546225071
cerrar_izquierda,0.17775607109069824,0.8291724920272827,-2.899823243751598e-07,0.22682438790798187,0.8070764541625977,-0.043005719780921936,0.2536575198173523,0.7313214540481567,-0.06403999775648117,0.19559021294116974,0.6839519143104553,-0.07958627492189407,0.1413341611623764,0.6686894297599792,-0.08563869446516037,0.25636667013168335,0.6248015761375427,-0.03429277986288071,0.25663405656814575,0.5610944032669067,-0.07863280177116394,0.24644158780574799,0.6417261958122253,-0.09611766785383224,0.24355387687683105,0.6665083169937134,-0.10269831120967865,0.20445366203784943,0.6176272630691528,-0.03007744811475277,0.20201072096824646,0.5628849864006042,-0.07553508877754211,0.19881102442741394,0.6552911400794983,-0.07858097553253174,0.20334632694721222,0.6645911335945129,-0.07086504995822906,0.15849800407886505,0.6243933439254761,-0.03387364745140076,0.14835812151432037,0.5833132266998291,-0.07398711889982224,0.15488514304161072,0.665780782699585,-0.05687990039587021,0.16513171792030334,0.6696391701698303,-0.03688284382224083,0.1147242933511734,0.6382740139961243,-0.04187767580151558,0.10942372679710388,0.6243519186973572,-0.060422737151384354,0.12101468443870544,0.6792110204696655,-0.04556625708937645,0.13187845051288605,0.683288037776947,-0.030294738709926605
cerrar_izquierda,0.18269437551498413,0.7586597800254822,-3.215398862721486e-07,0.2355266511440277,0.7288333177566528,-0.03714422509074211,0.2648613154888153,0.6398754715919495,-0.05313385650515556,0.20764702558517456,0.5804800987243652,-0.0649719312787056,0.1531275510787964,0.5607219338417053,-0.0676117092370987,0.26586785912513733,0.5381126403808594,-0.021681226789951324,0.274458110332489,0.4638402760028839,-0.06014057248830795,0.26365920901298523,0.5444644689559937,-0.0757652148604393,0.2548118233680725,0.579369068145752,-0.08103664964437485,0.21269863843917847,0.5294215679168701,-0.01914064772427082,0.21722964942455292,0.45903480052948,-0.05656256899237633,0.21497903764247894,0.5511505603790283,-0.05960829555988312,0.21267807483673096,0.5703075528144836,-0.052669458091259,0.16496002674102783,0.5371977686882019,-0.023935221135616302,0.1633729338645935,0.47950810194015503,-0.0596323199570179,0.17171253263950348,0.5644936561584473,-0.044685397297143936,0.17248716950416565,0.5813724398612976,-0.02622917667031288,0.1168183758854866,0.553625762462616,-0.032186392694711685,0.12186674773693085,0.5268133878707886,-0.04991031438112259,0.1354817897081375,0.5810835957527161,-0.03555329144001007,0.13988706469535828,0.591023862361908,-0.020270509645342827
cerrar_izquierda,0.22032669186592102,0.7309525609016418,-3.480913335351943e-07,0.2771274149417877,0.6990945339202881,-0.03560303896665573,0.31589818000793457,0.6079328656196594,-0.050983868539333344,0.2632247805595398,0.5450062155723572,-0.06315591931343079,0.20554547011852264,0.5376697778701782,-0.06606900691986084,0.3080788850784302,0.5027642846107483,-0.018241122364997864,0.32432085275650024,0.42670607566833496,-0.056559234857559204,0.3133679926395416,0.5105686783790588,-0.07170043885707855,0.3036053776741028,0.5362997651100159,-0.077385812997818,0.25735124945640564,0.4966123104095459,-0.018537502735853195,0.2707709074020386,0.42326536774635315,-0.056952040642499924,0.2660772502422333,0.5187261700630188,-0.06098548322916031,0.2600623369216919,0.5302070379257202,-0.054994601756334305,0.21041738986968994,0.5057753324508667,-0.026194605976343155,0.21431803703308105,0.44705864787101746,-0.06378736346960068,0.22000902891159058,0.5373269319534302,-0.04908599331974983,0.21822614967823029,0.5480480790138245,-0.030632903799414635,0.162106454372406,0.5226461887359619,-0.0372023843228817,0.1704404056072235,0.4922449588775635,-0.054158467799425125,0.1810685396194458,0.5506353378295898,-0.03800923004746437,0.18067169189453125,0.5607227087020874,-0.022234424948692322
cerrar_izquierda,0.299968957901001,0.7193417549133301,-3.551249960764835e-07,0.3643089830875397,0.6959715485572815,-0.029012909159064293,0.41466426849365234,0.6055830717086792,-0.041502922773361206,0.3723343312740326,0.5327413082122803,-0.05256716161966324,0.31173890829086304,0.5249494910240173,-0.05607528239488602,0.4013030230998993,0.4946494996547699,-0.01331245619803667,0.4306955635547638,0.41255486011505127,-0.0476679801940918,0.42089855670928955,0.4917660057544708,-0.06306948512792587,0.40505462884902954,0.5300354361534119,-0.0691419318318367,0.351757675409317,0.4852534532546997,-0.01597435586154461,0.37046557664871216,0.4183240532875061,-0.04991144314408302,0.3686317503452301,0.5109809041023254,-0.05614449828863144,0.357578843832016,0.5310801863670349,-0.05250057578086853,0.3065129816532135,0.49263647198677063,-0.024700729176402092,0.31253236532211304,0.4365040957927704,-0.058462973684072495,0.3222547173500061,0.524395763874054,-0.046764474362134933,0.31724491715431213,0.5439434051513672,-0.030983155593276024,0.2589210867881775,0.5075322985649109,-0.03614319860935211,0.2670951187610626,0.4804314076900482,-0.05420404672622681,0.28216031193733215,0.5406505465507507,-0.04003357142210007,0.283158540725708,0.557770848274231,-0.025003697723150253
cerrar_izquierda,0.37945109605789185,0.7204676866531372,-3.2219207923844806e-07,0.44007018208503723,0.6863439083099365,-0.023540204390883446,0.4873465299606323,0.5942177176475525,-0.03522225841879845,0.4486396312713623,0.5322251915931702,-0.046796344220638275,0.38947129249572754,0.5344849824905396,-0.05133698508143425,0.4664354622364044,0.48279881477355957,-0.011040396988391876,0.49979519844055176,0.4102410674095154,-0.04416346549987793,0.4962990880012512,0.49183765053749084,-0.05919278413057327,0.4808581471443176,0.527493417263031,-0.06626201421022415,0.41647714376449585,0.47484496235847473,-0.017623018473386765,0.4463282525539398,0.4123348593711853,-0.05112753063440323,0.44757869839668274,0.507862389087677,-0.05854322016239166,0.43053534626960754,0.5261715054512024,-0.05669986456632614,0.3699212968349457,0.4852250814437866,-0.029442917555570602,0.39069437980651855,0.4386292099952698,-0.06497365236282349,0.4010680615901947,0.5300819277763367,-0.05606960505247116,0.385669469833374,0.5464798808097839,-0.042601995170116425,0.32113930583000183,0.50612473487854,-0.04310537502169609,0.34729987382888794,0.4918915331363678,-0.06364362686872482,0.3629509508609772,0.551996648311615,-0.05160849168896675,0.3536546528339386,0.563377857208252,-0.038587555289268494
cerrar_izquierda,0.4439496695995331,0.7083850502967834,-3.4155715411543497e-07,0.5097007751464844,0.669141948223114,-0.02175448276102543,0.5616509914398193,0.5729906558990479,-0.032079339027404785,0.5302254557609558,0.5083361864089966,-0.042486704885959625,0.47396978735923767,0.5159550309181213,-0.04608888551592827,0.5356667041778564,0.4551413059234619,-0.010792913846671581,0.5710049271583557,0.3907754421234131,-0.042135484516620636,0.567203938961029,0.47387269139289856,-0.056218016892671585,0.5501272082328796,0.5110468864440918,-0.06320538371801376,0.4858260750770569,0.44498592615127563,-0.017938660457730293,0.5200098752975464,0.39566299319267273,-0.049421269446611404,0.5203758478164673,0.49054327607154846,-0.05662929266691208,0.5000209808349609,0.5078352689743042,-0.0558718703687191,0.4379064440727234,0.4569952189922333,-0.030061600729823112,0.4669622480869293,0.42401835322380066,-0.0642809197306633,0.4773213565349579,0.5150669813156128,-0.057898569852113724,0.45846882462501526,0.5306633114814758,-0.04715282842516899,0.3895016312599182,0.4824146032333374,-0.043985139578580856,0.42792367935180664,0.480559378862381,-0.06534092128276825,0.44353556632995605,0.5416845679283142,-0.056924864649772644,0.4292944073677063,0.5523332357406616,-0.046942174434661865
cerrar_izquierda,0.4659741520881653,0.712310791015625,-3.333969402774528e-07,0.5312304496765137,0.6763045787811279,-0.023020394146442413,0.588305652141571,0.5858099460601807,-0.035324715077877045,0.5652590990066528,0.5231421589851379,-0.04815778508782387,0.508296549320221,0.52947998046875,-0.053938768804073334,0.5566708445549011,0.4624760150909424,-0.010643831454217434,0.597299337387085,0.3999681770801544,-0.044794224202632904,0.5965404510498047,0.4824177324771881,-0.061821531504392624,0.5799920558929443,0.5164415836334229,-0.07106795161962509,0.5079393982887268,0.45212313532829285,-0.018427636474370956,0.5482394099235535,0.4048892557621002,-0.05298181250691414,0.5512115955352783,0.4983885884284973,-0.06233127415180206,0.5307462215423584,0.513635516166687,-0.0632597804069519,0.4622042179107666,0.46356749534606934,-0.03162088245153427,0.4993399381637573,0.4300842583179474,-0.06797206401824951,0.5088186264038086,0.5215125679969788,-0.061621520668268204,0.486918568611145,0.5363975167274475,-0.05106491968035698,0.4166717529296875,0.48865634202957153,-0.04706962779164314,0.4627940058708191,0.49205079674720764,-0.07041683048009872,0.4737530052661896,0.552905261516571,-0.06336317956447601,0.452993780374527,0.5615410804748535,-0.05442185699939728
cerrar_izquierda,0.4324546456336975,0.6646234393119812,-3.152979388687527e-07,0.49846914410591125,0.626535177230835,-0.020508939400315285,0.5489883422851562,0.5292811989784241,-0.029715515673160553,0.5210311412811279,0.46064624190330505,-0.039361245930194855,0.4650426506996155,0.4585224390029907,-0.0424385704100132,0.5318641066551208,0.4162652790546417,-0.007092943415045738,0.5676971673965454,0.34940105676651,-0.03801070153713226,0.5606071352958679,0.428021103143692,-0.05334080010652542,0.5425627827644348,0.46405160427093506,-0.06117219105362892,0.4834573566913605,0.4038209617137909,-0.015020804479718208,0.5171141624450684,0.3400794267654419,-0.04637104645371437,0.5142775177955627,0.43163391947746277,-0.05367409065365791,0.4963555634021759,0.45704200863838196,-0.052053943276405334,0.43491941690444946,0.4116883873939514,-0.028123561292886734,0.4626835584640503,0.3700870871543884,-0.06137309595942497,0.4689953923225403,0.458888977766037,-0.054571669548749924,0.4513323903083801,0.4790942966938019,-0.0430292971432209,0.3848932683467865,0.43272531032562256,-0.04320221021771431,0.4196830987930298,0.42932069301605225,-0.06389865279197693,0.430559903383255,0.4882549047470093,-0.05528811365365982,0.416255384683609,0.4986920952796936,-0.04515967518091202
cerrar_izquierda,0.40736034512519836,0.6858620047569275,-3.4712152796601004e-07,0.47327369451522827,0.6476162672042847,-0.01835908368229866,0.5253052711486816,0.5553371906280518,-0.028021197766065598,0.5000049471855164,0.4860951006412506,-0.038550227880477905,0.4437856376171112,0.4849357604980469,-0.043369900435209274,0.5081288814544678,0.44142287969589233,-0.010608025826513767,0.5435446500778198,0.36204978823661804,-0.04056289419531822,0.539603054523468,0.4407851994037628,-0.05521511286497116,0.5220551490783691,0.4810381531715393,-0.062148187309503555,0.4589731693267822,0.43103641271591187,-0.019010396674275398,0.49069637060165405,0.36297574639320374,-0.046554502099752426,0.4902886748313904,0.4555770456790924,-0.052762314677238464,0.4710734188556671,0.47999805212020874,-0.05212841555476189,0.41006845235824585,0.4396294057369232,-0.03164609894156456,0.43537384271621704,0.38088011741638184,-0.061782944947481155,0.4453715980052948,0.4725136458873749,-0.05237605422735214,0.42922571301460266,0.4979119598865509,-0.0401841439306736,0.35695552825927734,0.4604063332080841,-0.04574597626924515,0.3874954879283905,0.4332602322101593,-0.06396666169166565,0.40507814288139343,0.4945427477359772,-0.05102231353521347,0.39695191383361816,0.5149912238121033,-0.03801750764250755
cerrar_izquierda,0.4266723692417145,0.6790714859962463,-3.6285678106651176e-07,0.4931679964065552,0.6454700231552124,-0.02282652258872986,0.5497799515724182,0.5521726012229919,-0.033792003989219666,0.5229367613792419,0.4837629199028015,-0.0448252372443676,0.4666542112827301,0.48018601536750793,-0.048639558255672455,0.532417893409729,0.4317820072174072,-0.011552461422979832,0.5686456561088562,0.3632262349128723,-0.0451468825340271,0.5614938139915466,0.44703343510627747,-0.059983618557453156,0.5430116653442383,0.4838687479496002,-0.06690249592065811,0.4818687438964844,0.41774576902389526,-0.018984457477927208,0.5169524550437927,0.3600381016731262,-0.05361734703183174,0.5134976506233215,0.45822787284851074,-0.060895759612321854,0.49384328722953796,0.4783366024494171,-0.05886877700686455,0.4323241710662842,0.424542099237442,-0.031733036041259766,0.4621012806892395,0.3851405084133148,-0.06787823140621185,0.46859192848205566,0.4802524447441101,-0.0599537119269371,0.4498341381549835,0.4971766173839569,-0.047364261001348495,0.3810712993144989,0.4443216025829315,-0.04650649055838585,0.4194667339324951,0.4442726969718933,-0.06895922869443893,0.43094953894615173,0.5079056024551392,-0.0599030926823616,0.4157163202762604,0.5168180465698242,-0.04896814003586769
cerrar_izquierda,0.4347909390926361,0.6847684383392334,-3.7824221976734407e-07,0.4974950850009918,0.646885097026825,-0.020141148939728737,0.5432434678077698,0.5488792657852173,-0.029013045132160187,0.5082888007164001,0.48549461364746094,-0.03791426122188568,0.4521189332008362,0.4829888939857483,-0.03975171223282814,0.5279197096824646,0.4431443214416504,-0.010729756206274033,0.5616598725318909,0.3716203272342682,-0.04233699291944504,0.551702618598938,0.45568928122520447,-0.05522851273417473,0.5338138341903687,0.48718786239624023,-0.06149458512663841,0.4772946238517761,0.4313570261001587,-0.019031710922718048,0.5076520442962646,0.36536067724227905,-0.05117158219218254,0.5026668906211853,0.46209365129470825,-0.05566854029893875,0.4854552447795868,0.48140662908554077,-0.052229709923267365,0.4280296862125397,0.43992167711257935,-0.032328177243471146,0.45075926184654236,0.3897538185119629,-0.06614597141742706,0.45713552832603455,0.4820161461830139,-0.05543867126107216,0.4417756199836731,0.49900710582733154,-0.041605766862630844,0.3773854374885559,0.4604560136795044,-0.04733354598283768,0.40422287583351135,0.4489137828350067,-0.06757616251707077,0.4178410768508911,0.5100844502449036,-0.05603320151567459,0.4098467230796814,0.5202253460884094,-0.04395904019474983
cerrar_izquierda,0.22434644401073456,0.7040636539459229,-3.514949753480323e-07,0.28452423214912415,0.668260395526886,-0.03293778747320175,0.32315462827682495,0.570776104927063,-0.04662100970745087,0.269786536693573,0.5086668729782104,-0.057522017508745193,0.20878618955612183,0.4978441596031189,-0.05952678248286247,0.3121108412742615,0.4671241343021393,-0.016365082934498787,0.32501253485679626,0.3892850875854492,-0.054057199507951736,0.3200029730796814,0.4738020598888397,-0.06965334713459015,0.31073784828186035,0.5039042234420776,-0.07525211572647095,0.25892573595046997,0.46113696694374084,-0.017194632440805435,0.2698465585708618,0.3922938108444214,-0.053213946521282196,0.2722776234149933,0.48821938037872314,-0.05699296295642853,0.26519349217414856,0.5009297728538513,-0.0515764057636261,0.2104363739490509,0.4705955386161804,-0.025132417678833008,0.21433719992637634,0.4123115539550781,-0.061078719794750214,0.22549113631248474,0.5041325688362122,-0.04606259614229202,0.22170564532279968,0.517629086971283,-0.027887824922800064,0.16041502356529236,0.4873148202896118,-0.03613050654530525,0.17105647921562195,0.4561002254486084,-0.05297613516449928,0.18593738973140717,0.5164814591407776,-0.03634257987141609,0.18536564707756042,0.5287553071975708,-0.01999286748468876
cerrar_izquierda,0.22579126060009003,0.6948834657669067,-3.8854821582390286e-07,0.2841162085533142,0.6584113836288452,-0.029495324939489365,0.32313764095306396,0.5605546832084656,-0.04187726974487305,0.27163568139076233,0.49841833114624023,-0.05238810554146767,0.21159152686595917,0.4885145425796509,-0.05421330779790878,0.31112390756607056,0.45645421743392944,-0.013924400322139263,0.3261204659938812,0.3739875257015228,-0.0517134852707386,0.3202790915966034,0.45952484011650085,-0.06745532155036926,0.3093640208244324,0.4942944645881653,-0.07258014380931854,0.25793203711509705,0.4522717297077179,-0.016254285350441933,0.27089637517929077,0.37788447737693787,-0.05203883349895477,0.2723427712917328,0.47605279088020325,-0.05599057301878929,0.26365116238594055,0.49317583441734314,-0.050361838191747665,0.20959465205669403,0.4626431167125702,-0.025349752977490425,0.21441249549388885,0.3997921347618103,-0.06082699075341225,0.2245407998561859,0.4935697019100189,-0.045691777020692825,0.21928563714027405,0.5104364156723022,-0.027105947956442833,0.15955370664596558,0.4807416498661041,-0.03716098889708519,0.17129600048065186,0.443706214427948,-0.05319352075457573,0.18538260459899902,0.5047786831855774,-0.03561938926577568,0.18356812000274658,0.5198909044265747,-0.018538670614361763
cerrar_izquierda,0.2264253795146942,0.6935309171676636,-4.017479966478277e-07,0.2852993905544281,0.6556847095489502,-0.030649473890662193,0.32620272040367126,0.5569891929626465,-0.04278116673231125,0.2758706510066986,0.49390822649002075,-0.05247125402092934,0.21422690153121948,0.492199182510376,-0.05314022675156593,0.3122534453868866,0.4535315930843353,-0.014975225552916527,0.32782262563705444,0.3734215795993805,-0.05068518966436386,0.31980276107788086,0.4621889591217041,-0.06452237814664841,0.30928725004196167,0.490730345249176,-0.06932833045721054,0.2593896687030792,0.4485011398792267,-0.017149392515420914,0.27345404028892517,0.37419700622558594,-0.05144105851650238,0.2725870609283447,0.4732009172439575,-0.05375244840979576,0.26367437839508057,0.4873707890510559,-0.04733753949403763,0.21135549247264862,0.4582144618034363,-0.02602355368435383,0.21663548052310944,0.3953641653060913,-0.060203708708286285,0.2253144532442093,0.48890647292137146,-0.044175904244184494,0.21978653967380524,0.5048034191131592,-0.02535082958638668,0.16158106923103333,0.4749402105808258,-0.037776414304971695,0.17193681001663208,0.4357070326805115,-0.05219140276312828,0.1849716156721115,0.49622583389282227,-0.03353336453437805,0.18287819623947144,0.5119242072105408,-0.016052652150392532
cerrar_izquierda,0.22766797244548798,0.6891598701477051,-4.0570003534412535e-07,0.2889142334461212,0.6547285318374634,-0.03139638900756836,0.3304256200790405,0.5543678998947144,-0.04313986375927925,0.2774270474910736,0.4887891411781311,-0.05180913582444191,0.2164982706308365,0.4856133460998535,-0.05142724886536598,0.31669652462005615,0.44839149713516235,-0.016659528017044067,0.3323817849159241,0.3702516555786133,-0.05144678056240082,0.3243227005004883,0.46049147844314575,-0.0644150823354721,0.3147624433040619,0.48637261986732483,-0.06922952085733414,0.26349759101867676,0.4447460472583771,-0.017995305359363556,0.2772221863269806,0.3716031312942505,-0.05134928226470947,0.276328980922699,0.47106024622917175,-0.052622776478528976,0.26811355352401733,0.48344120383262634,-0.0460287481546402,0.21515870094299316,0.45557060837745667,-0.025931207463145256,0.21979257464408875,0.39300239086151123,-0.0596911646425724,0.22927068173885345,0.48636898398399353,-0.04272321239113808,0.22567375004291534,0.49989911913871765,-0.02370135486125946,0.16500988602638245,0.4728730022907257,-0.03675687685608864,0.17311391234397888,0.43514031171798706,-0.05117514356970787,0.1873331069946289,0.49714747071266174,-0.03202378749847412,0.18698453903198242,0.5116822719573975,-0.014423852786421776
cerrar_izquierda,0.23177748918533325,0.6935293078422546,-3.8092647969278914e-07,0.2914349436759949,0.6550765037536621,-0.030728338286280632,0.33117762207984924,0.5545330047607422,-0.043160419911146164,0.27540579438209534,0.49186941981315613,-0.053049951791763306,0.2119777798652649,0.4944201707839966,-0.05395045503973961,0.3188028931617737,0.45324450731277466,-0.015317996963858604,0.3327290117740631,0.37350916862487793,-0.050282977521419525,0.3250430226325989,0.4632525146007538,-0.06387244164943695,0.314646452665329,0.4918239116668701,-0.06894002854824066,0.265034943819046,0.4498406946659088,-0.017638415098190308,0.2772119343280792,0.3764880895614624,-0.05173526704311371,0.2778775691986084,0.475446879863739,-0.05424162372946739,0.26935702562332153,0.48986634612083435,-0.0482499934732914,0.21607835590839386,0.46043258905410767,-0.02654561772942543,0.2202683985233307,0.3968101143836975,-0.06113503500819206,0.2307770550251007,0.4915514588356018,-0.04530072957277298,0.22580137848854065,0.5082893371582031,-0.02658744901418686,0.1654527187347412,0.4777296185493469,-0.03828565776348114,0.17589682340621948,0.439583420753479,-0.053513552993535995,0.1904536634683609,0.5012996196746826,-0.035232920199632645,0.18928685784339905,0.5170208215713501,-0.018039876595139503
cerrar_izquierda,0.23130963742733002,0.6895748376846313,-3.720003860507859e-07,0.29338741302490234,0.6504297256469727,-0.028027044609189034,0.3355012536048889,0.553382396697998,-0.04017290100455284,0.2832942008972168,0.49063682556152344,-0.0504424162209034,0.21949037909507751,0.4944784641265869,-0.05237091705203056,0.3217388689517975,0.452908992767334,-0.01504706870764494,0.33814382553100586,0.3721499443054199,-0.04900968819856644,0.3308948874473572,0.46114298701286316,-0.06265988945960999,0.31971269845962524,0.49160242080688477,-0.06791511178016663,0.2686082422733307,0.4475487172603607,-0.01822822168469429,0.2821026146411896,0.37468981742858887,-0.050331443548202515,0.28274738788604736,0.4721040725708008,-0.05280965194106102,0.27355000376701355,0.4887494444847107,-0.04762621596455574,0.22002030909061432,0.45699843764305115,-0.027433093637228012,0.2255556583404541,0.39272981882095337,-0.05950033664703369,0.2355387955904007,0.4859597086906433,-0.04358256235718727,0.23001940548419952,0.5061051845550537,-0.025670673698186874,0.16949376463890076,0.4734909236431122,-0.039264142513275146,0.18026870489120483,0.4350952208042145,-0.053050048649311066,0.1942284256219864,0.49551334977149963,-0.034665562212467194,0.19288578629493713,0.5137424468994141,-0.017792819067835808
cerrar_izquierda,0.2038891315460205,0.4343149662017822,-3.930573768684553e-07,0.2735903263092041,0.37600934505462646,-0.024559589102864265,0.30497854948043823,0.25431931018829346,-0.033514123409986496,0.27091658115386963,0.16332070529460907,-0.0428699292242527,0.20705248415470123,0.14442414045333862,-0.04294850677251816,0.30447918176651,0.16566988825798035,-2.1959180230624042e-05,0.32080626487731934,0.07276695966720581,-0.03448778763413429,0.3089275062084198,0.17017140984535217,-0.04953029751777649,0.30058473348617554,0.2053924947977066,-0.055454470217227936,0.25049349665641785,0.15804287791252136,-0.005636144895106554,0.2599642872810364,0.06481535732746124,-0.03976421058177948,0.2554038465023041,0.17210891842842102,-0.041196104139089584,0.25069522857666016,0.19754911959171295,-0.03294333070516586,0.19499050080776215,0.17023241519927979,-0.01825040578842163,0.19729959964752197,0.08613899350166321,-0.05406193435192108,0.20819894969463348,0.1865655481815338,-0.03600196912884712,0.2075054943561554,0.21642741560935974,-0.014183284714818,0.13820943236351013,0.19040122628211975,-0.033380504697561264,0.1483875811100006,0.13646487891674042,-0.05026724189519882,0.16479738056659698,0.2003837525844574,-0.030459865927696228,0.16747000813484192,0.22811727225780487,-0.010832512751221657
cerrar_izquierda,0.20904086530208588,0.4205753803253174,-4.83213227653323e-07,0.27803564071655273,0.3609430193901062,-0.025113582611083984,0.30901312828063965,0.24313631653785706,-0.0362420380115509,0.26361849904060364,0.15270936489105225,-0.047074396163225174,0.20357461273670197,0.13353069126605988,-0.048519816249608994,0.3119926154613495,0.1564221978187561,-0.006704625673592091,0.3270009756088257,0.060289859771728516,-0.04226786270737648,0.31085097789764404,0.15367677807807922,-0.0557364895939827,0.30421388149261475,0.18792416155338287,-0.060996055603027344,0.25594913959503174,0.14951620995998383,-0.013541661202907562,0.26935791969299316,0.04830259084701538,-0.05066418647766113,0.26118525862693787,0.1595211774110794,-0.05085591971874237,0.2581767737865448,0.18508799374103546,-0.041158270090818405,0.20133836567401886,0.16037879884243011,-0.02694108337163925,0.20440320670604706,0.06691011041402817,-0.06659597158432007,0.2137714922428131,0.17188142240047455,-0.047861937433481216,0.21508145332336426,0.2005465030670166,-0.025051778182387352,0.14470359683036804,0.18061326444149017,-0.042520951479673386,0.1525820791721344,0.12180018424987793,-0.06366202980279922,0.16873669624328613,0.190450519323349,-0.04444991424679756,0.17280110716819763,0.21768592298030853,-0.024851934984326363
cerrar_izquierda,0.46915289759635925,0.4150890111923218,-4.066334895469481e-07,0.5369528532028198,0.37032264471054077,-0.022546550258994102,0.5808467268943787,0.25268566608428955,-0.03301413357257843,0.5428263545036316,0.17267754673957825,-0.04344303905963898,0.48200806975364685,0.1552298367023468,-0.046909134835004807,0.5503532886505127,0.1543758511543274,-0.010660220868885517,0.5770171880722046,0.07200229167938232,-0.04567033052444458,0.5775337219238281,0.16445431113243103,-0.061530712991952896,0.5699539184570312,0.19957903027534485,-0.06915432959794998,0.4995196461677551,0.15151414275169373,-0.01858006790280342,0.5291675925254822,0.05605417490005493,-0.05620700493454933,0.5323264598846436,0.16369740664958954,-0.06148799881339073,0.5177838802337646,0.19323968887329102,-0.05605921149253845,0.4489400386810303,0.1652456670999527,-0.03191816061735153,0.4731096625328064,0.07280804216861725,-0.07238199561834335,0.4886515736579895,0.17438773810863495,-0.057818714529275894,0.475970983505249,0.20442891120910645,-0.03894391655921936,0.3940218687057495,0.18878844380378723,-0.046726204454898834,0.4264829456806183,0.1387869417667389,-0.07164575904607773,0.4429643452167511,0.21038296818733215,-0.05554366856813431,0.43181511759757996,0.2366045117378235,-0.038836147636175156
cerrar_izquierda,0.4687502384185791,0.4248179495334625,-4.5940242898723227e-07,0.5346344113349915,0.37571167945861816,-0.022506963461637497,0.5784435868263245,0.25553008913993835,-0.03234228491783142,0.5417170524597168,0.1715630143880844,-0.04210250824689865,0.4824462831020355,0.15135164558887482,-0.04393446445465088,0.5519521236419678,0.15688197314739227,-0.00920647569000721,0.5756944417953491,0.07424750179052353,-0.04336363822221756,0.570982813835144,0.16978417336940765,-0.057475436478853226,0.5584729313850403,0.19983449578285217,-0.06406557559967041,0.5008368492126465,0.15348249673843384,-0.017292426899075508,0.5298600792884827,0.06215044856071472,-0.05411236733198166,0.5317577123641968,0.16961413621902466,-0.057782132178545,0.5157676935195923,0.19496016204357147,-0.051295116543769836,0.45006945729255676,0.16703632473945618,-0.030917389318346977,0.47481927275657654,0.08585736900568008,-0.07169576734304428,0.4882107079029083,0.1928299218416214,-0.05619258061051369,0.4721776843070984,0.22140967845916748,-0.0363796204328537,0.39602646231651306,0.19095024466514587,-0.04598815739154816,0.4303777813911438,0.14735737442970276,-0.07078197598457336,0.4460647702217102,0.22055217623710632,-0.05424685403704643,0.43257248401641846,0.24333162605762482,-0.03681712597608566
cerrar_izquierda,0.4623152017593384,0.4224187135696411,-4.6154121946528903e-07,0.5294036269187927,0.37507927417755127,-0.022039692848920822,0.5724592804908752,0.2540786564350128,-0.030743205919861794,0.5327593684196472,0.1710517406463623,-0.03928869217634201,0.4743821918964386,0.14537787437438965,-0.039989206939935684,0.5463075637817383,0.15903975069522858,-0.007646854501217604,0.5720878839492798,0.07491399347782135,-0.041507311165332794,0.5677071213722229,0.16900847852230072,-0.05474643036723137,0.5536112785339355,0.19924236834049225,-0.060560643672943115,0.4950450360774994,0.15570774674415588,-0.015440554358065128,0.5231846570968628,0.060983702540397644,-0.05155624821782112,0.5260475277900696,0.17145776748657227,-0.05385243520140648,0.5101638436317444,0.19625213742256165,-0.04633567854762077,0.44435015320777893,0.16978049278259277,-0.028902584686875343,0.46612024307250977,0.08386694639921188,-0.06987861543893814,0.4823024868965149,0.19398680329322815,-0.05280598625540733,0.46830621361732483,0.2223345935344696,-0.031680069863796234,0.38897010684013367,0.194082111120224,-0.043655771762132645,0.41994333267211914,0.1468341201543808,-0.06824348121881485,0.4378404915332794,0.2192797064781189,-0.0505940318107605,0.42649292945861816,0.24040409922599792,-0.03235390782356262
cerrar_izquierda,0.7098484635353088,0.4426884651184082,-2.962183032195753e-07,0.7888292074203491,0.3860098719596863,-0.01913285441696644,0.8342251777648926,0.2861522436141968,-0.03129299730062485,0.814591646194458,0.20869052410125732,-0.0458536334335804,0.7638428211212158,0.18250225484371185,-0.054168518632650375,0.7877218723297119,0.19198167324066162,0.00355486199259758,0.8328862190246582,0.12571963667869568,-0.03322989493608475,0.8330717086791992,0.20386874675750732,-0.05611332133412361,0.8129507899284363,0.24231019616127014,-0.06831569224596024,0.7450182437896729,0.1819753646850586,-0.005887838080525398,0.796506941318512,0.1088772863149643,-0.0419573076069355,0.8002976775169373,0.20139065384864807,-0.05411268770694733,0.775668740272522,0.2301677018404007,-0.05550927296280861,0.7022061944007874,0.18732494115829468,-0.021626412868499756,0.7564014196395874,0.12355362623929977,-0.060269422829151154,0.7653824090957642,0.21709758043289185,-0.05141158029437065,0.7380997538566589,0.2447792887687683,-0.03744959086179733,0.657352089881897,0.20558777451515198,-0.039195604622364044,0.7203938961029053,0.1729733645915985,-0.06359885632991791,0.7285535335540771,0.2399410903453827,-0.0516028068959713,0.700031042098999,0.26271262764930725,-0.03854504972696304
cerrar_izquierda,0.7153725624084473,0.433747261762619,-2.2945894784243137e-07,0.7912158370018005,0.3787440061569214,-0.01965976320207119,0.8361120820045471,0.2785245180130005,-0.03227539360523224,0.817585289478302,0.20028018951416016,-0.046933937817811966,0.7685668468475342,0.170881986618042,-0.05558290332555771,0.7856206893920898,0.183283269405365,0.0010671498021110892,0.8288272023200989,0.11869149655103683,-0.033783379942178726,0.8331466913223267,0.19242596626281738,-0.05589074641466141,0.8140472173690796,0.2320130616426468,-0.06771636754274368,0.7448510527610779,0.17362111806869507,-0.007925160229206085,0.7955842018127441,0.09799395501613617,-0.043088044971227646,0.8049160242080688,0.18741050362586975,-0.056801099330186844,0.7811627388000488,0.21974247694015503,-0.05934884026646614,0.7034643888473511,0.17902086675167084,-0.022564401850104332,0.7561532258987427,0.10872607678174973,-0.06159358099102974,0.7695267200469971,0.20384594798088074,-0.05392632633447647,0.7437542676925659,0.23581238090991974,-0.04041169956326485,0.6598069667816162,0.1981319785118103,-0.038870736956596375,0.7226091623306274,0.16133339703083038,-0.06537646800279617,0.7323477268218994,0.22925426065921783,-0.054367486387491226,0.7043229937553406,0.25529927015304565,-0.04152494668960571
cerrar_izquierda,0.7106337547302246,0.4316908121109009,-2.5768312639229407e-07,0.7871255874633789,0.3739178776741028,-0.018878664821386337,0.8323110938072205,0.2794276475906372,-0.03171411529183388,0.8148671388626099,0.20372037589550018,-0.04718245193362236,0.7657067775726318,0.17481793463230133,-0.05657128244638443,0.7789995670318604,0.18264758586883545,0.003296749899163842,0.8230457901954651,0.11417607963085175,-0.03397000953555107,0.8272620439529419,0.19057148694992065,-0.056947916746139526,0.8092331290245056,0.23079706728458405,-0.06854467839002609,0.7387200593948364,0.17322872579097748,-0.006275361403822899,0.7915563583374023,0.0963604599237442,-0.04376443102955818,0.7985736131668091,0.1885863095521927,-0.05710321292281151,0.7741504311561584,0.221680149435997,-0.05847743898630142,0.697906494140625,0.17826971411705017,-0.021998189389705658,0.7535843849182129,0.11145161092281342,-0.06214168295264244,0.7636523842811584,0.20668187737464905,-0.05464528501033783,0.7363513112068176,0.23854975402355194,-0.0405876524746418,0.654812753200531,0.1971040964126587,-0.03944326564669609,0.7190724611282349,0.16391822695732117,-0.0653049424290657,0.727270245552063,0.23075497150421143,-0.05460074543952942,0.6984658241271973,0.2554944157600403,-0.0417630709707737
cerrar_izquierda,0.7192777991294861,0.6477699875831604,-3.060945630295464e-07,0.7951816320419312,0.5963114500045776,-0.017207400873303413,0.8416884541511536,0.5220763683319092,-0.034483883529901505,0.8360235095024109,0.46652716398239136,-0.05340910702943802,0.790630042552948,0.4570372402667999,-0.06696362793445587,0.7614056468009949,0.3720555603504181,-0.00890131201595068,0.8414337038993835,0.359451562166214,-0.04700072854757309,0.8420043587684631,0.437874972820282,-0.07156965881586075,0.822734534740448,0.470727801322937,-0.0863817036151886,0.7249794602394104,0.36718320846557617,-0.020137596875429153,0.8172768354415894,0.3512892723083496,-0.05568886548280716,0.8189640641212463,0.4419543445110321,-0.06425169855356216,0.7976925373077393,0.4695057272911072,-0.06465348601341248,0.6955843567848206,0.38510188460350037,-0.036397889256477356,0.7845707535743713,0.37605732679367065,-0.0695478767156601,0.7863074541091919,0.4604242146015167,-0.060642894357442856,0.7609336972236633,0.48202070593833923,-0.04901570826768875,0.6737211346626282,0.42005011439323425,-0.055034711956977844,0.7488570213317871,0.4209049642086029,-0.07367859035730362,0.7523448467254639,0.477049857378006,-0.06446192413568497,0.72744220495224,0.49144279956817627,-0.054733969271183014
cerrar_izquierda,0.7254530787467957,0.6680690050125122,-3.2974460850709875e-07,0.7995891571044922,0.622983992099762,-0.01641092263162136,0.8481841087341309,0.5558175444602966,-0.03313660994172096,0.8459446430206299,0.5012584924697876,-0.05086708441376686,0.8017790913581848,0.489424467086792,-0.06255001574754715,0.7766557335853577,0.40466535091400146,-0.009055403992533684,0.8570792078971863,0.4015965163707733,-0.047943588346242905,0.8484634160995483,0.48251616954803467,-0.07138841599225998,0.8241093754768372,0.5038175582885742,-0.0856626108288765,0.7431427836418152,0.3962753117084503,-0.020859071984887123,0.8359656929969788,0.3914085030555725,-0.05862903594970703,0.8283702731132507,0.4833994507789612,-0.06645215302705765,0.8033620119094849,0.49944016337394714,-0.06568155437707901,0.7153352499008179,0.4107142984867096,-0.037640247493982315,0.8036953210830688,0.4133687913417816,-0.07277760654687881,0.7973531484603882,0.498831570148468,-0.06332238763570786,0.7675612568855286,0.5093716979026794,-0.051000624895095825,0.6934947371482849,0.442618727684021,-0.05653619021177292,0.7654818296432495,0.45777732133865356,-0.07606840878725052,0.7633065581321716,0.5144845843315125,-0.06714003533124924,0.7356023788452148,0.5208609104156494,-0.057447198778390884
cerrar_izquierda,0.7079706788063049,0.795191764831543,-2.8672300800280937e-07,0.7835147380828857,0.7654472589492798,-0.012773326598107815,0.8283252120018005,0.7170636057853699,-0.02836303599178791,0.8396840691566467,0.677691638469696,-0.04589013382792473,0.8030977845191956,0.6808130741119385,-0.059151239693164825,0.7601929306983948,0.5591932535171509,-0.008915994316339493,0.841943621635437,0.5815432071685791,-0.04054742306470871,0.8343679904937744,0.6484717130661011,-0.06083276867866516,0.8098267912864685,0.6617810726165771,-0.07402852177619934,0.7322413325309753,0.558837890625,-0.02042502351105213,0.8239831328392029,0.5884913206100464,-0.04909827560186386,0.81438148021698,0.6653614640235901,-0.05541829392313957,0.7907034754753113,0.6704264879226685,-0.056754183024168015,0.7114163041114807,0.5822471976280212,-0.03546435013413429,0.7967515587806702,0.608701229095459,-0.06196187809109688,0.7885533571243286,0.6787748336791992,-0.05373752489686012,0.7633160352706909,0.6836047768592834,-0.04483410716056824,0.697013258934021,0.6205907464027405,-0.05251249670982361,0.7623264789581299,0.6404139399528503,-0.06581573188304901,0.759442925453186,0.6849275231361389,-0.057024288922548294,0.738868772983551,0.6893078088760376,-0.049039073288440704
cerrar_izquierda,0.7043994069099426,0.7993971705436707,-2.6607807512846193e-07,0.7789618372917175,0.7715233564376831,-0.012095543555915356,0.8233560919761658,0.7230547666549683,-0.027602462098002434,0.8350903987884521,0.6854929327964783,-0.045329611748456955,0.7981940507888794,0.6882139444351196,-0.058817993849515915,0.7583077549934387,0.5659186244010925,-0.008202723227441311,0.8390690684318542,0.587853193283081,-0.03980876877903938,0.8321850299835205,0.6540594100952148,-0.060397110879421234,0.8085429668426514,0.667178213596344,-0.07385219633579254,0.7299379706382751,0.5648268461227417,-0.020092453807592392,0.8201609253883362,0.5942228436470032,-0.049491338431835175,0.8108320236206055,0.6706857681274414,-0.05672644078731537,0.7874655723571777,0.6759175062179565,-0.05846700444817543,0.7087114453315735,0.5877220034599304,-0.03544462099671364,0.7930325865745544,0.614403247833252,-0.062047090381383896,0.7850672006607056,0.6838259696960449,-0.054423023015260696,0.7600055932998657,0.6880282759666443,-0.04587399959564209,0.693856954574585,0.625447690486908,-0.0527319572865963,0.7588779926300049,0.6464667916297913,-0.06610780954360962,0.7559173703193665,0.6901326775550842,-0.057795945554971695,0.7355214357376099,0.6934642195701599,-0.050162479281425476
