gesture,x0,y0,z0,x1,y1,z1,x2,y2,z2,x3,y3,z3,x4,y4,z4,x5,y5,z5,x6,y6,z6,x7,y7,z7,x8,y8,z8,x9,y9,z9,x10,y10,z10,x11,y11,z11,x12,y12,z12,x13,y13,z13,x14,y14,z14,x15,y15,z15,x16,y16,z16,x17,y17,z17,x18,y18,z18,x19,y19,z19,x20,y20,z20
pinza_izquierda,0.16330870985984802,0.6520618796348572,6.893453985412634e-08,0.23367682099342346,0.6093313097953796,-0.03274743631482124,0.29963427782058716,0.5269250869750977,-0.052588123828172684,0.3262597918510437,0.45074206590652466,-0.07371824234724045,0.2792682349681854,0.4174095392227173,-0.09182257205247879,0.259761244058609,0.37441256642341614,-0.020119130611419678,0.2802462577819824,0.29651185870170593,-0.06990732252597809,0.27293673157691956,0.3492670953273773,-0.10944446921348572,0.25738662481307983,0.4043707847595215,-0.1287597268819809,0.20757175981998444,0.3465423285961151,-0.027534175664186478,0.2153722047805786,0.21905601024627686,-0.0546242855489254,0.21683481335639954,0.1354617476463318,-0.0809481143951416,0.21390706300735474,0.04935598373413086,-0.10099052637815475,0.15589922666549683,0.3521454930305481,-0.043467264622449875,0.15395468473434448,0.22334635257720947,-0.07128985971212387,0.15260638296604156,0.13766136765480042,-0.09749124944210052,0.15284579992294312,0.05553993582725525,-0.11523420363664627,0.104840949177742,0.38422372937202454,-0.06292720884084702,0.07979568839073181,0.28737959265708923,-0.08391420543193817,0.060808271169662476,0.22171272337436676,-0.09618852287530899,0.046736449003219604,0.1560235321521759,-0.10521934181451797
pinza_izquierda,0.1562095582485199,0.7077805399894714,4.8130775809340776e-08,0.23707109689712524,0.6744943857192993,-0.040033336728811264,0.3156885504722595,0.585334300994873,-0.062421999871730804,0.35082635283470154,0.5029750466346741,-0.08545022457838058,0.29734861850738525,0.4738570749759674,-0.10480925440788269,0.27668386697769165,0.41267988085746765,-0.02509099245071411,0.30333057045936584,0.3340107500553131,-0.07980090379714966,0.2909490466117859,0.397981733083725,-0.12289314717054367,0.2699747085571289,0.4567105174064636,-0.14447663724422455,0.2208275943994522,0.38019654154777527,-0.03251909837126732,0.22997145354747772,0.24570170044898987,-0.06477499008178711,0.23154745995998383,0.15737712383270264,-0.0948239341378212,0.22985553741455078,0.06385359168052673,-0.11704392731189728,0.1633012592792511,0.3869365453720093,-0.04964116960763931,0.1650519073009491,0.25039786100387573,-0.083358995616436,0.16776302456855774,0.15729251503944397,-0.11432246118783951,0.1711573600769043,0.06635937094688416,-0.1348520815372467,0.1065421923995018,0.42159926891326904,-0.07079493254423141,0.08147728443145752,0.3200151026248932,-0.09667417407035828,0.06138378381729126,0.24903394281864166,-0.11265935003757477,0.046364039182662964,0.17626580595970154,-0.12430848181247711
pinza_izquierda,0.17507436871528625,0.6782753467559814,5.4756782219556044e-08,0.25453418493270874,0.6408909559249878,-0.03509887307882309,0.33125561475753784,0.556602954864502,-0.055759068578481674,0.36650288105010986,0.47660401463508606,-0.07755555957555771,0.3181568384170532,0.44178006052970886,-0.0963255912065506,0.29278427362442017,0.38991236686706543,-0.022214258089661598,0.3183625340461731,0.3078150749206543,-0.07505673170089722,0.3097066283226013,0.3642537593841553,-0.11771831661462784,0.2919468283653259,0.4186544120311737,-0.13921622931957245,0.23805712163448334,0.3579075336456299,-0.03021504357457161,0.24915657937526703,0.2260420024394989,-0.060370832681655884,0.253996342420578,0.13941791653633118,-0.09019353985786438,0.2544344663619995,0.04933023452758789,-0.1128096655011177,0.18219764530658722,0.3628420829772949,-0.04708103835582733,0.18522493541240692,0.2295374721288681,-0.0779542401432991,0.18989436328411102,0.1385207176208496,-0.10765396803617477,0.19532498717308044,0.05109402537345886,-0.12780845165252686,0.12656627595424652,0.3946498930454254,-0.06754888594150543,0.10362909734249115,0.29263150691986084,-0.09073062241077423,0.08629634976387024,0.22244684398174286,-0.1050037071108818,0.07428131997585297,0.1522582471370697,-0.11569096148014069
pinza_izquierda,0.1749354749917984,0.6845890283584595,1.568831997644793e-08,0.2550305128097534,0.6462703943252563,-0.03401537612080574,0.3303447961807251,0.5603081583976746,-0.05391819402575493,0.3648797869682312,0.48136043548583984,-0.07540681213140488,0.3171239495277405,0.44846832752227783,-0.09352684766054153,0.29087716341018677,0.39149007201194763,-0.019013557583093643,0.314423143863678,0.3097456991672516,-0.07224582135677338,0.3057452440261841,0.3729216158390045,-0.11505492776632309,0.28928980231285095,0.4309060573577881,-0.13635891675949097,0.2365836352109909,0.3610287308692932,-0.02788657881319523,0.24615348875522614,0.23001906275749207,-0.0584145151078701,0.2502829134464264,0.14647647738456726,-0.08820465207099915,0.2513011693954468,0.05766579508781433,-0.1102331131696701,0.18061178922653198,0.36746758222579956,-0.04587211087346077,0.18333248794078827,0.23442989587783813,-0.07696551084518433,0.18747393786907196,0.14340606331825256,-0.10667279362678528,0.19276684522628784,0.054573267698287964,-0.12642279267311096,0.12549954652786255,0.4006141424179077,-0.06745561212301254,0.1013348400592804,0.2992742955684662,-0.09041079878807068,0.0837928056716919,0.22840219736099243,-0.10446197539567947,0.0715080201625824,0.1576002836227417,-0.11471845209598541
pinza_izquierda,0.17342928051948547,0.6942996382713318,4.797905006626024e-08,0.25523969531059265,0.6599922180175781,-0.03569619357585907,0.33342552185058594,0.5746123790740967,-0.05604645237326622,0.37026482820510864,0.49424275755882263,-0.07753559947013855,0.3213399648666382,0.46132558584213257,-0.09601318091154099,0.2913513779640198,0.4050351679325104,-0.021794909611344337,0.3172040581703186,0.3255685567855835,-0.07443434000015259,0.30974119901657104,0.38467884063720703,-0.11652666330337524,0.293659508228302,0.4407004714012146,-0.137617290019989,0.23765772581100464,0.37384167313575745,-0.029938830062747,0.24814210832118988,0.24302026629447937,-0.060339681804180145,0.2523924708366394,0.15879520773887634,-0.09002690762281418,0.2533041834831238,0.07079413533210754,-0.11228027939796448,0.18219582736492157,0.37965232133865356,-0.047132138162851334,0.18525421619415283,0.24780984222888947,-0.07873596996068954,0.18994930386543274,0.15717965364456177,-0.10902711004018784,0.19545391201972961,0.07017630338668823,-0.12943120300769806,0.12704110145568848,0.41174647212028503,-0.06795693933963776,0.10275182127952576,0.31171727180480957,-0.09181362390518188,0.08498761057853699,0.24193191528320312,-0.10687337070703506,0.07259856164455414,0.17209699749946594,-0.1180897131562233
pinza_izquierda,0.17722344398498535,0.6873775720596313,7.043314553811797e-08,0.2584317624568939,0.6537635922431946,-0.03508325293660164,0.3374025523662567,0.5721527338027954,-0.05602029338479042,0.37512537837028503,0.49303358793258667,-0.0780564397573471,0.32761919498443604,0.45723849534988403,-0.09730254858732224,0.29689761996269226,0.40174946188926697,-0.023224513977766037,0.32284313440322876,0.32100850343704224,-0.07453226298093796,0.3163120746612549,0.37706685066223145,-0.11501586437225342,0.3019588589668274,0.43168726563453674,-0.1352667212486267,0.2436147779226303,0.3703300952911377,-0.031472980976104736,0.2555082142353058,0.24020425975322723,-0.06123046204447746,0.2612815201282501,0.15758800506591797,-0.08978180587291718,0.26417234539985657,0.07108145952224731,-0.11122503131628036,0.18848539888858795,0.37541472911834717,-0.04845907539129257,0.19215963780879974,0.2431507557630539,-0.07972441613674164,0.19788119196891785,0.15281710028648376,-0.10922611504793167,0.20503884553909302,0.06621447205543518,-0.1291411966085434,0.1333165019750595,0.4070050120353699,-0.06891655176877975,0.10958947241306305,0.30616503953933716,-0.09303144365549088,0.09194649755954742,0.2363666594028473,-0.10794208943843842,0.08006291091442108,0.16660535335540771,-0.1189684122800827
pinza_izquierda,0.17924557626247406,0.6861259341239929,7.605339646943321e-08,0.26088398694992065,0.6520286798477173,-0.036083292216062546,0.33928248286247253,0.5704362988471985,-0.05724716931581497,0.3764817416667938,0.49178725481033325,-0.07942520081996918,0.32928547263145447,0.4554850459098816,-0.0986383929848671,0.29849302768707275,0.3997691869735718,-0.023282377049326897,0.3244239091873169,0.3185926675796509,-0.07570390403270721,0.3177684247493744,0.37641817331314087,-0.11707516014575958,0.30372941493988037,0.4317765235900879,-0.13774505257606506,0.2448423206806183,0.3682836890220642,-0.031014278531074524,0.2561658024787903,0.2383139282464981,-0.061754416674375534,0.2625207304954529,0.15626397728919983,-0.09104520082473755,0.26621299982070923,0.06950265169143677,-0.11288388073444366,0.18947210907936096,0.3734789490699768,-0.04769216105341911,0.19264352321624756,0.2416902482509613,-0.0797123983502388,0.1984918713569641,0.1517115831375122,-0.10956701636314392,0.20581771433353424,0.06482979655265808,-0.12950772047042847,0.13465851545333862,0.4049002528190613,-0.06795139610767365,0.11147081851959229,0.3037413954734802,-0.09230650216341019,0.09445780515670776,0.23360814154148102,-0.10739966481924057,0.08298259973526001,0.16340914368629456,-0.11847204715013504
pinza_izquierda,0.17731407284736633,0.68434739112854,3.139318138778435e-08,0.25820454955101013,0.6524102091789246,-0.03636649623513222,0.33737945556640625,0.569610595703125,-0.057562053203582764,0.37590426206588745,0.4918006658554077,-0.07977253198623657,0.3279769718647003,0.4591372311115265,-0.09875068068504333,0.2986096441745758,0.3994845747947693,-0.023742372170090675,0.32478848099708557,0.32104137539863586,-0.07659327983856201,0.3159072995185852,0.38361841440200806,-0.11821860074996948,0.2997242212295532,0.43983760476112366,-0.13915616273880005,0.24497464299201965,0.3675878047943115,-0.03170888125896454,0.2564258277416229,0.24083617329597473,-0.06282449513673782,0.26245003938674927,0.161361426115036,-0.09204138815402985,0.26610511541366577,0.07550841569900513,-0.11395460367202759,0.18919090926647186,0.3727205991744995,-0.048773445188999176,0.1932743340730667,0.24314624071121216,-0.0811099037528038,0.19914495944976807,0.1550615131855011,-0.11084906756877899,0.20646408200263977,0.06818518042564392,-0.13077247142791748,0.1340406835079193,0.404468834400177,-0.06947507709264755,0.11132392287254333,0.3045545816421509,-0.09370271116495132,0.09417475759983063,0.23570355772972107,-0.10866782814264297,0.08236157894134521,0.16597884893417358,-0.11981149762868881
pinza_izquierda,0.2361314594745636,0.672967791557312,9.35994748374469e-08,0.3249243497848511,0.6426530480384827,-0.03158828988671303,0.40499958395957947,0.5641360282897949,-0.05111262574791908,0.44124463200569153,0.48289352655410767,-0.07257054001092911,0.39360570907592773,0.4468993544578552,-0.09155446290969849,0.35778242349624634,0.3987196385860443,-0.018995150923728943,0.3835749626159668,0.3130854666233063,-0.06984105706214905,0.38705483078956604,0.369292289018631,-0.11053306609392166,0.38126140832901,0.4271687865257263,-0.13083836436271667,0.30441388487815857,0.36972904205322266,-0.027710821479558945,0.3147154450416565,0.2425592690706253,-0.056592218577861786,0.3259279727935791,0.16469889879226685,-0.08612647652626038,0.33437907695770264,0.08192861080169678,-0.10844473540782928,0.25036877393722534,0.3741791844367981,-0.04479636996984482,0.25343313813209534,0.24119946360588074,-0.07554494589567184,0.2592228353023529,0.15298610925674438,-0.10539441555738449,0.26698532700538635,0.06892156600952148,-0.12556613981723785,0.19786521792411804,0.4043816924095154,-0.06498945504426956,0.17532889544963837,0.3039286434650421,-0.08890067785978317,0.16063575446605682,0.2338039129972458,-0.10464119166135788,0.1529395580291748,0.16429224610328674,-0.11620764434337616
pinza_izquierda,0.3607756197452545,0.6684128642082214,1.5863936653204291e-07,0.449632465839386,0.6408776044845581,-0.037825535982847214,0.5336681604385376,0.5512442588806152,-0.05806460604071617,0.5743144750595093,0.4730569124221802,-0.07886971533298492,0.5295969247817993,0.43391820788383484,-0.09584272652864456,0.480890691280365,0.3902849555015564,-0.023560335859656334,0.507483720779419,0.31051939725875854,-0.07861799746751785,0.5191947221755981,0.3741632401943207,-0.12135443836450577,0.5220423936843872,0.4355432987213135,-0.14174340665340424,0.4273034632205963,0.36079204082489014,-0.02945602498948574,0.43396565318107605,0.23381756246089935,-0.06257738173007965,0.44699016213417053,0.15258842706680298,-0.09266527742147446,0.4590013325214386,0.06369063258171082,-0.11389482021331787,0.37363821268081665,0.3683062791824341,-0.0446486659348011,0.369822233915329,0.24169155955314636,-0.07638245075941086,0.3767454922199249,0.15589174628257751,-0.10296647995710373,0.387724369764328,0.06974828243255615,-0.11988551169633865,0.3230971693992615,0.40188297629356384,-0.06401463598012924,0.2967150807380676,0.3080272376537323,-0.08481704443693161,0.2786727547645569,0.24083369970321655,-0.0962597131729126,0.26921236515045166,0.17079174518585205,-0.10459321737289429
pinza_izquierda,0.3590015769004822,0.6595213413238525,1.6870635022314673e-07,0.4471825063228607,0.6304370164871216,-0.035509202629327774,0.5286316871643066,0.5444064140319824,-0.056102726608514786,0.5717160105705261,0.46862176060676575,-0.07788889855146408,0.5306917428970337,0.4248958230018616,-0.09640258550643921,0.4763760268688202,0.38304567337036133,-0.02229168452322483,0.5040125250816345,0.30144500732421875,-0.07660198956727982,0.5167410373687744,0.3626953363418579,-0.11949571222066879,0.5198784470558167,0.4234314262866974,-0.14011776447296143,0.4252833425998688,0.3524262607097626,-0.029247619211673737,0.4351576566696167,0.22405146062374115,-0.0608360692858696,0.44879549741744995,0.1431232988834381,-0.09097568690776825,0.46097317337989807,0.05473002791404724,-0.11279530078172684,0.37330305576324463,0.35850760340690613,-0.04507498815655708,0.3709658682346344,0.23221510648727417,-0.0752129778265953,0.378102570772171,0.14570090174674988,-0.10157530009746552,0.38848406076431274,0.05999442934989929,-0.11891160905361176,0.3232894539833069,0.39079317450523376,-0.06490913033485413,0.2977018654346466,0.2954578995704651,-0.08463136106729507,0.2808687090873718,0.22730323672294617,-0.09536167979240417,0.27209222316741943,0.15779197216033936,-0.10351326316595078
pinza_izquierda,0.35638266801834106,0.6552780866622925,1.4005752291268436e-07,0.4473213851451874,0.6252688765525818,-0.03452308848500252,0.529975175857544,0.5347089767456055,-0.053280893713235855,0.5709356069564819,0.4583027958869934,-0.07354772090911865,0.527731716632843,0.419396311044693,-0.0901665911078453,0.47681233286857605,0.37444210052490234,-0.018443474546074867,0.5040779113769531,0.29491883516311646,-0.07294221222400665,0.5161916613578796,0.3584040403366089,-0.11551200598478317,0.5189518928527832,0.4208027720451355,-0.13562500476837158,0.4249592423439026,0.3450475335121155,-0.026080189272761345,0.4347996711730957,0.21739956736564636,-0.057752564549446106,0.44854936003685,0.13726863265037537,-0.08699742704629898,0.4613078832626343,0.049060672521591187,-0.10773035138845444,0.372718870639801,0.3520442247390747,-0.04311717674136162,0.37027299404144287,0.22738204896450043,-0.07391960173845291,0.37820306420326233,0.1417469084262848,-0.10002516955137253,0.38960331678390503,0.056086719036102295,-0.11673187464475632,0.3229838013648987,0.38460779190063477,-0.06423445791006088,0.29803091287612915,0.289345383644104,-0.08418732136487961,0.2812732458114624,0.2214832901954651,-0.09485116600990295,0.27243080735206604,0.15146303176879883,-0.10281050950288773
pinza_izquierda,0.35302984714508057,0.6520805358886719,1.6089592236312455e-07,0.4436412453651428,0.6240190267562866,-0.036807022988796234,0.5265611410140991,0.5358988046646118,-0.057200223207473755,0.5674463510513306,0.4595155715942383,-0.07860029488801956,0.5240910053253174,0.41979485750198364,-0.096494160592556,0.4728156626224518,0.37392956018447876,-0.022134268656373024,0.50038081407547,0.2953369915485382,-0.0777214840054512,0.51259845495224,0.35683298110961914,-0.12118472158908844,0.515648365020752,0.4169115722179413,-0.14207716286182404,0.4209134578704834,0.3440800607204437,-0.028886690735816956,0.43191421031951904,0.21713124215602875,-0.06173418089747429,0.44639265537261963,0.1367586851119995,-0.0917571410536766,0.45967110991477966,0.04985508322715759,-0.1131356805562973,0.3688637912273407,0.3509862720966339,-0.045058924704790115,0.36661267280578613,0.2255997210741043,-0.07677867263555527,0.3744090795516968,0.13951686024665833,-0.10360302031040192,0.3857667148113251,0.05415719747543335,-0.12082749605178833,0.31952857971191406,0.38419827818870544,-0.06540679931640625,0.29474151134490967,0.289796382188797,-0.08650743216276169,0.27781933546066284,0.22138267755508423,-0.09822965413331985,0.26875847578048706,0.1507745385169983,-0.10690988600254059
pinza_izquierda,0.34774020314216614,0.654951274394989,2.031716093142677e-07,0.43761107325553894,0.624832808971405,-0.035933371633291245,0.5208211541175842,0.5360977053642273,-0.056478314101696014,0.5634941458702087,0.4597412347793579,-0.07845237851142883,0.5215101838111877,0.41879788041114807,-0.09723280370235443,0.4673071503639221,0.37705719470977783,-0.021066009998321533,0.493904709815979,0.2932717204093933,-0.07463742792606354,0.5070905089378357,0.34982872009277344,-0.11593258380889893,0.5108073353767395,0.4109437167644501,-0.13547927141189575,0.4160178005695343,0.3469766676425934,-0.028097692877054214,0.4260171949863434,0.21983039379119873,-0.0592639222741127,0.44166234135627747,0.14056381583213806,-0.08755885809659958,0.457271933555603,0.054302871227264404,-0.10773860663175583,0.3642615079879761,0.35265377163887024,-0.044465020298957825,0.3618054986000061,0.22538240253925323,-0.07513799518346786,0.3698810935020447,0.13862738013267517,-0.10100514441728592,0.3816644549369812,0.053796201944351196,-0.11793042719364166,0.31487131118774414,0.38398653268814087,-0.06502944976091385,0.2896549105644226,0.2889740467071533,-0.08613139390945435,0.272973895072937,0.22167260944843292,-0.09772617369890213,0.26435261964797974,0.15282535552978516,-0.10643912106752396
pinza_izquierda,0.343581885099411,0.6553409695625305,1.2144019478910195e-07,0.43405967950820923,0.6277984380722046,-0.03559896722435951,0.51644366979599,0.5421278476715088,-0.05555184185504913,0.5579321384429932,0.46567991375923157,-0.0765838474035263,0.5154711008071899,0.4278580844402313,-0.09393197298049927,0.4659012258052826,0.38043081760406494,-0.022321822121739388,0.4914743900299072,0.298332542181015,-0.07713998109102249,0.5004343390464783,0.3620532155036926,-0.11937016993761063,0.5016005039215088,0.42304888367652893,-0.1394517570734024,0.41385480761528015,0.3497713506221771,-0.029356949031352997,0.42318469285964966,0.2226153463125229,-0.06197438761591911,0.43711158633232117,0.1441437304019928,-0.09140198677778244,0.4509184956550598,0.05713739991188049,-0.11238931119441986,0.36091348528862,0.3552926182746887,-0.04552643746137619,0.3580930829048157,0.23076388239860535,-0.0772753655910492,0.36439502239227295,0.14473411440849304,-0.10400950163602829,0.3744746148586273,0.057952165603637695,-0.12121405452489853,0.3104481101036072,0.3868062496185303,-0.06564100831747055,0.28532928228378296,0.2922062277793884,-0.08651182055473328,0.2687308192253113,0.22534248232841492,-0.09801971912384033,0.25996512174606323,0.15601137280464172,-0.10656283050775528
pinza_izquierda,0.3335970342159271,0.6598885655403137,1.7190293988278427e-07,0.42355430126190186,0.630974292755127,-0.03505360707640648,0.5071794986724854,0.5419445037841797,-0.054656755179166794,0.550325334072113,0.46594929695129395,-0.0757950022816658,0.5065589547157288,0.4319504201412201,-0.09368813037872314,0.452925443649292,0.38143324851989746,-0.019519852474331856,0.4809296131134033,0.3033558130264282,-0.0750628188252449,0.49429476261138916,0.364841103553772,-0.11862277239561081,0.4979214668273926,0.4268423020839691,-0.13937510550022125,0.401723176240921,0.3523768484592438,-0.027611596509814262,0.4128004014492035,0.22504521906375885,-0.059474878013134,0.4270423352718353,0.14489975571632385,-0.08884964883327484,0.4401661157608032,0.05767136812210083,-0.10966654866933823,0.3500560224056244,0.3591179847717285,-0.04518875107169151,0.3490271270275116,0.23257794976234436,-0.07619403302669525,0.35616374015808105,0.14630094170570374,-0.10261217504739761,0.3669794797897339,0.06049641966819763,-0.11966054141521454,0.3006243109703064,0.3915116488933563,-0.06696325540542603,0.27509522438049316,0.2967655658721924,-0.08742888271808624,0.2582470774650574,0.22939471900463104,-0.0985335260629654,0.24962124228477478,0.159380704164505,-0.10683630406856537
pinza_izquierda,0.32659804821014404,0.6626240015029907,9.786361943042721e-08,0.4185726046562195,0.6402484774589539,-0.03562649339437485,0.5028610825538635,0.5500710010528564,-0.053802698850631714,0.5455816984176636,0.47125789523124695,-0.07326557487249374,0.5013494491577148,0.43817582726478577,-0.08902475237846375,0.45180681347846985,0.3865126371383667,-0.01940489187836647,0.48078644275665283,0.30890631675720215,-0.07410380989313126,0.4904543161392212,0.3736357092857361,-0.11654035747051239,0.49091264605522156,0.4342462420463562,-0.13685837388038635,0.39995503425598145,0.35516658425331116,-0.02683238871395588,0.4108145534992218,0.22938384115695953,-0.058733969926834106,0.42536142468452454,0.1512690782546997,-0.08758993446826935,0.43889400362968445,0.06336042284965515,-0.10816969722509384,0.34741413593292236,0.3605519235134125,-0.04394523426890373,0.34560999274253845,0.23555438220500946,-0.07576554268598557,0.35271015763282776,0.15037259459495544,-0.1028977632522583,0.3626832365989685,0.063547283411026,-0.1204395517706871,0.2973501682281494,0.3922171890735626,-0.06519626826047897,0.2717672288417816,0.29838910698890686,-0.08688440173864365,0.2552640438079834,0.23168081045150757,-0.09952013194561005,0.2465112954378128,0.1613031029701233,-0.10892884433269501
pinza_izquierda,0.33297181129455566,0.659151017665863,1.255809536360175e-07,0.42350271344184875,0.6331538558006287,-0.03464655950665474,0.5086132287979126,0.5430123209953308,-0.0533832311630249,0.5508192181587219,0.4663136899471283,-0.07340146601200104,0.504446804523468,0.43218719959259033,-0.08992619812488556,0.45438867807388306,0.38181042671203613,-0.020826656371355057,0.4822683036327362,0.30406495928764343,-0.07621148973703384,0.4939817190170288,0.3690788745880127,-0.11946215480566025,0.49654892086982727,0.4301866888999939,-0.1402522623538971,0.4032039940357208,0.35252001881599426,-0.028687510639429092,0.41521966457366943,0.2269241213798523,-0.060730718076229095,0.4307619035243988,0.14820975065231323,-0.09048725664615631,0.4448239505290985,0.06069451570510864,-0.11195290833711624,0.3512483239173889,0.35923901200294495,-0.04587861895561218,0.3500424921512604,0.23362097144126892,-0.07688196003437042,0.35864827036857605,0.14901316165924072,-0.10385478287935257,0.37056389451026917,0.06370672583580017,-0.12157970666885376,0.30181968212127686,0.3912478983402252,-0.06714066118001938,0.2779403328895569,0.29655706882476807,-0.08763749152421951,0.2612130641937256,0.22945040464401245,-0.09957105666399002,0.25247958302497864,0.15881061553955078,-0.10872723907232285
pinza_izquierda,0.6692823171615601,0.6347688436508179,3.42975255307465e-07,0.757114827632904,0.5965093374252319,-0.02506871707737446,0.8331522941589355,0.5236411094665527,-0.04463939741253853,0.8887194991111755,0.472341388463974,-0.06773962825536728,0.8932875990867615,0.4125882387161255,-0.0877063125371933,0.7693722248077393,0.3657863438129425,-0.017885079607367516,0.823338508605957,0.2989264726638794,-0.07256477326154709,0.853297233581543,0.35337695479393005,-0.11553210020065308,0.8646369576454163,0.41423454880714417,-0.13587866723537445,0.7326024770736694,0.33844155073165894,-0.030787792056798935,0.7555513978004456,0.21144095063209534,-0.06394850462675095,0.7888070344924927,0.12943139672279358,-0.09411757439374924,0.8155514001846313,0.051814764738082886,-0.11516087502241135,0.6932267546653748,0.3484751582145691,-0.05175318941473961,0.6915947198867798,0.21979142725467682,-0.08355880528688431,0.7068725824356079,0.13016536831855774,-0.11099213361740112,0.725258469581604,0.04525807499885559,-0.12865810096263885,0.6580759286880493,0.3881506621837616,-0.07562144845724106,0.6315138339996338,0.3019220232963562,-0.10000739246606827,0.6188741326332092,0.23089617490768433,-0.1125476211309433,0.6138279438018799,0.1612660437822342,-0.1207808181643486
pinza_izquierda,0.6733538508415222,0.62613844871521,3.426433465847367e-07,0.7598896026611328,0.587206244468689,-0.022456087172031403,0.8334109783172607,0.5166040658950806,-0.041990987956523895,0.8882001638412476,0.46660494804382324,-0.06573201715946198,0.8934473395347595,0.40632757544517517,-0.08649761974811554,0.7706409692764282,0.36103883385658264,-0.016706688329577446,0.8224028944969177,0.292946457862854,-0.07091778516769409,0.8520385026931763,0.34765633940696716,-0.11316877603530884,0.8636336326599121,0.40811988711357117,-0.13344113528728485,0.7355911135673523,0.3352965712547302,-0.030889712274074554,0.7570000290870667,0.21105514466762543,-0.06486021727323532,0.791763186454773,0.131282240152359,-0.0957154855132103,0.8199468851089478,0.05472400784492493,-0.11761884391307831,0.6980700492858887,0.3455694913864136,-0.052784211933612823,0.6943144798278809,0.21767674386501312,-0.08507047593593597,0.7102824449539185,0.12901008129119873,-0.11223582178354263,0.7289688587188721,0.04521229863166809,-0.13015154004096985,0.6648370623588562,0.384413480758667,-0.07736119627952576,0.6415534615516663,0.2958449423313141,-0.10164633393287659,0.6334871053695679,0.22393327951431274,-0.11427918076515198,0.6328762173652649,0.15315401554107666,-0.12316663563251495
pinza_izquierda,0.6769176125526428,0.6256093382835388,3.3205273552994186e-07,0.7659774422645569,0.5886961221694946,-0.021049775183200836,0.8402043581008911,0.5201355218887329,-0.03940226137638092,0.8952635526657104,0.47048628330230713,-0.062392544001340866,0.9044818878173828,0.4089375138282776,-0.08248616009950638,0.7808111310005188,0.36227577924728394,-0.012390428222715855,0.8332369327545166,0.2960439920425415,-0.06537482142448425,0.863376796245575,0.34888043999671936,-0.10709195584058762,0.8761433362960815,0.4087609648704529,-0.12691634893417358,0.7472238540649414,0.336426705121994,-0.026994850486516953,0.7708812355995178,0.21423178911209106,-0.058667704463005066,0.8060765862464905,0.1349603533744812,-0.08789882063865662,0.8350226283073425,0.05964747071266174,-0.10879552364349365,0.7108036279678345,0.3459687829017639,-0.04955655336380005,0.7111169099807739,0.21878474950790405,-0.08001533895730972,0.7269291877746582,0.1302974820137024,-0.10552103817462921,0.7449073195457458,0.0475936233997345,-0.12239468097686768,0.6779542565345764,0.38340380787849426,-0.07495595514774323,0.6595580577850342,0.2933289110660553,-0.09876490384340286,0.6517602205276489,0.22150956094264984,-0.11053656786680222,0.6500796675682068,0.15244007110595703,-0.11855174601078033
pinza_izquierda,0.6801338195800781,0.6303264498710632,3.5150480925949523e-07,0.7664614319801331,0.5937682390213013,-0.022170303389430046,0.8407825827598572,0.5281725525856018,-0.0415814071893692,0.8947300314903259,0.48064565658569336,-0.06517945230007172,0.9038671255111694,0.4191731810569763,-0.08571864664554596,0.7807922959327698,0.3694312870502472,-0.015959737822413445,0.8335291147232056,0.3045550584793091,-0.07003693282604218,0.8629825115203857,0.35926514863967896,-0.11234598606824875,0.8749023675918579,0.4194769561290741,-0.13249604403972626,0.7471754550933838,0.3425896167755127,-0.029897058382630348,0.7714710831642151,0.2194284051656723,-0.06313803791999817,0.8062472939491272,0.14021247625350952,-0.09377247095108032,0.834577202796936,0.06462693214416504,-0.11557638645172119,0.7102752327919006,0.35065972805023193,-0.051471613347530365,0.7092900276184082,0.2222089022397995,-0.08310914039611816,0.7250075340270996,0.1336808204650879,-0.10985700786113739,0.74326092004776,0.050807952880859375,-0.12744484841823578,0.67666095495224,0.38709503412246704,-0.07571514695882797,0.6567683815956116,0.29620784521102905,-0.09947968274354935,0.6495702862739563,0.22438038885593414,-0.11143917590379715,0.6491432189941406,0.1548483818769455,-0.11966259032487869
pinza_izquierda,0.6715534925460815,0.6252113580703735,3.602353615406173e-07,0.760903537273407,0.5912928581237793,-0.02213401161134243,0.8353149890899658,0.5281431674957275,-0.042356379330158234,0.8907553553581238,0.4810098707675934,-0.06708396226167679,0.8983476161956787,0.4179339110851288,-0.08905185759067535,0.777070939540863,0.36839476227760315,-0.016195518895983696,0.8298982977867126,0.30332690477371216,-0.07135305553674698,0.8586493730545044,0.35819685459136963,-0.11443345248699188,0.8703355193138123,0.4189208149909973,-0.1350255012512207,0.7431485056877136,0.34162795543670654,-0.030635271221399307,0.7674174904823303,0.21993373334407806,-0.06488066166639328,0.803292453289032,0.14198890328407288,-0.09562680870294571,0.8335846662521362,0.06682917475700378,-0.1174318939447403,0.7057910561561584,0.3500346541404724,-0.05287051200866699,0.7055046558380127,0.22355520725250244,-0.08518929779529572,0.7222197651863098,0.13566479086875916,-0.11151474714279175,0.7416905760765076,0.053035855293273926,-0.1287698596715927,0.6718471050262451,0.386822909116745,-0.07784523814916611,0.6528202295303345,0.2969362437725067,-0.10206515341997147,0.6468537449836731,0.2248498499393463,-0.1140165850520134,0.6476520895957947,0.15549997985363007,-0.12223062664270401
pinza_izquierda,0.665934681892395,0.6421982049942017,3.50189509390475e-07,0.7569887042045593,0.61279296875,-0.022487036883831024,0.8335418105125427,0.5549936294555664,-0.04291488230228424,0.8906283974647522,0.513258159160614,-0.06773820519447327,0.902201235294342,0.4516429901123047,-0.08935683965682983,0.7799888253211975,0.39055317640304565,-0.016474496573209763,0.8371243476867676,0.328687846660614,-0.07159687578678131,0.8639581799507141,0.38734349608421326,-0.11436797678470612,0.8735038042068481,0.4490303099155426,-0.13464660942554474,0.7487965822219849,0.36322107911109924,-0.03083961457014084,0.7801145911216736,0.24129994213581085,-0.0647631362080574,0.8188508152961731,0.16390740871429443,-0.09548106044530869,0.8513169288635254,0.08880674839019775,-0.11744934320449829,0.7121502161026001,0.3704056143760681,-0.053056053817272186,0.7183545231819153,0.2441362738609314,-0.08493739366531372,0.7390503883361816,0.15804553031921387,-0.11074981838464737,0.761610746383667,0.07743045687675476,-0.12763571739196777,0.6769601106643677,0.4050063490867615,-0.07811249047517776,0.6618746519088745,0.3123186230659485,-0.10172851383686066,0.6594643592834473,0.2388213723897934,-0.11327728629112244,0.6637310981750488,0.168122798204422,-0.12124472856521606
pinza_izquierda,0.696649432182312,0.7925401926040649,3.681481643980078e-07,0.7675338387489319,0.7867698669433594,-0.020416710525751114,0.8293256163597107,0.7614498734474182,-0.040072645992040634,0.8785964846611023,0.7574574947357178,-0.06145758181810379,0.8883096575737,0.7348793745040894,-0.07956749200820923,0.8002413511276245,0.6197007298469543,-0.02793065458536148,0.8536866903305054,0.5907531380653381,-0.07739216089248657,0.8691757917404175,0.6521740555763245,-0.11379947513341904,0.8702157735824585,0.7075266242027283,-0.13141249120235443,0.7683143615722656,0.6025344133377075,-0.04002242907881737,0.7931444644927979,0.5162844657897949,-0.07269897311925888,0.8295813202857971,0.4765523672103882,-0.09872686117887497,0.8618183135986328,0.43877875804901123,-0.11560020595788956,0.7330019474029541,0.6172009706497192,-0.05767885595560074,0.731611430644989,0.5273301601409912,-0.08753737062215805,0.7486348748207092,0.4737101197242737,-0.11136763542890549,0.7700780630111694,0.42041218280792236,-0.12613995373249054,0.704060971736908,0.6589614152908325,-0.07717720419168472,0.6806141138076782,0.6138826608657837,-0.09967600554227829,0.6740989089012146,0.5730220675468445,-0.11173398047685623,0.6749504804611206,0.528137743473053,-0.11918740719556808
pinza_izquierda,0.6985571384429932,0.7958013415336609,3.855197689972556e-07,0.7717288136482239,0.7924240827560425,-0.019622597843408585,0.8343973755836487,0.7694677710533142,-0.039330482482910156,0.8844915628433228,0.7677804827690125,-0.06162721663713455,0.9012987017631531,0.7513203024864197,-0.08093585073947906,0.8128191828727722,0.6312353014945984,-0.02551179751753807,0.8695690035820007,0.6044188141822815,-0.07559358328580856,0.8841003179550171,0.667576014995575,-0.11315729469060898,0.883061408996582,0.7231664657592773,-0.13132344186306,0.7836107611656189,0.6102648377418518,-0.038846515119075775,0.8163837790489197,0.5229651927947998,-0.07194584608078003,0.8497956991195679,0.46975427865982056,-0.10135634988546371,0.8759836554527283,0.4148491621017456,-0.12095998227596283,0.7494259476661682,0.6213159561157227,-0.057461947202682495,0.7527066469192505,0.5272268652915955,-0.0877181738615036,0.7682031393051147,0.467673122882843,-0.11303088068962097,0.7868344783782959,0.40683093667030334,-0.12866328656673431,0.7181510329246521,0.659569263458252,-0.07787562906742096,0.6980172395706177,0.607825517654419,-0.09982019662857056,0.6917717456817627,0.564917266368866,-0.11053112894296646,0.6920198202133179,0.5191085934638977,-0.11687964200973511
pinza_izquierda,0.7033998966217041,0.7915959358215332,2.9594460215776053e-07,0.7757042646408081,0.7861714959144592,-0.019381633028388023,0.8370628952980042,0.7593826651573181,-0.03930665925145149,0.8850147128105164,0.7527893781661987,-0.06202717870473862,0.9070702791213989,0.7342763543128967,-0.08227561414241791,0.8123570680618286,0.6227375268936157,-0.02745446376502514,0.866992175579071,0.590813398361206,-0.07618952542543411,0.8830402493476868,0.653558611869812,-0.1119362935423851,0.8824438452720642,0.7087190747261047,-0.12870152294635773,0.7859414219856262,0.6073595881462097,-0.040761347860097885,0.8151540160179138,0.5146284699440002,-0.07238319516181946,0.8396084308624268,0.4560086131095886,-0.1013883501291275,0.857106626033783,0.3930724859237671,-0.12169499695301056,0.7542811632156372,0.6206821203231812,-0.05887645483016968,0.7617124319076538,0.5256916284561157,-0.08742668479681015,0.7742037773132324,0.4624931216239929,-0.11016358435153961,0.7868430614471436,0.397991806268692,-0.12464181333780289,0.7238149046897888,0.6556336283683777,-0.07877129316329956,0.7135754823684692,0.5917046666145325,-0.0988558754324913,0.7125014662742615,0.5422377586364746,-0.10719449818134308,0.7144424915313721,0.49191445112228394,-0.1122908815741539
pinza_izquierda,0.7079641819000244,0.7967263460159302,2.3174742125320336e-07,0.7783213257789612,0.7888973951339722,-0.01632630079984665,0.8379732370376587,0.7601618766784668,-0.034281954169273376,0.8849119544029236,0.7516871094703674,-0.055562786757946014,0.9081665277481079,0.7316381931304932,-0.07448701560497284,0.8154301047325134,0.6255046129226685,-0.02007681131362915,0.8674721717834473,0.5953420996665955,-0.06698540598154068,0.8834400177001953,0.6565056443214417,-0.10359255224466324,0.8834543824195862,0.7098638415336609,-0.12156239151954651,0.7885636687278748,0.6112416386604309,-0.03348963335156441,0.8129733204841614,0.5214803814888,-0.06251002103090286,0.8313208818435669,0.46288710832595825,-0.09125812351703644,0.8434281349182129,0.39976951479911804,-0.11211101710796356,0.7575040459632874,0.6243749260902405,-0.05171364173293114,0.7652279734611511,0.5325883626937866,-0.07770685106515884,0.7766606211662292,0.4712793231010437,-0.0989961326122284,0.7882786989212036,0.4079654812812805,-0.1130688339471817,0.7283036708831787,0.658059298992157,-0.07167811691761017,0.7195756435394287,0.5946455597877502,-0.08955971896648407,0.7194466590881348,0.5456897616386414,-0.09685397893190384,0.7232947945594788,0.4943495988845825,-0.1015755832195282
pinza_izquierda,0.7041007876396179,0.7985730171203613,2.388677273756912e-07,0.7766417264938354,0.7952135801315308,-0.016152555122971535,0.839102566242218,0.7686083316802979,-0.03240882232785225,0.8859027624130249,0.7615435719490051,-0.05170219764113426,0.9087024927139282,0.7453450560569763,-0.06845895946025848,0.8193970918655396,0.6334525942802429,-0.018071351572871208,0.8716351389884949,0.6058673858642578,-0.06368881464004517,0.885868489742279,0.6661906242370605,-0.10013926029205322,0.8850761651992798,0.719294011592865,-0.1187177374958992,0.7916150689125061,0.6207370758056641,-0.03175799548625946,0.817542552947998,0.5338382720947266,-0.058569539338350296,0.838417649269104,0.47893500328063965,-0.08664029836654663,0.8532295227050781,0.4197094440460205,-0.10711738467216492,0.7593921422958374,0.6359922885894775,-0.05046913027763367,0.7696689367294312,0.5445705652236938,-0.07612832635641098,0.7815684080123901,0.4865809381008148,-0.0984998345375061,0.7955589890480042,0.4246470332145691,-0.11368492990732193,0.7289609909057617,0.6742967367172241,-0.07088541984558105,0.7139683961868286,0.621113121509552,-0.09069889038801193,0.7073891758918762,0.5796130299568176,-0.09924081712961197,0.7067074179649353,0.5337604880332947,-0.10454951226711273
pinza_izquierda,0.7020025849342346,0.7936541438102722,2.424333729322825e-07,0.7733641862869263,0.785712480545044,-0.015857046470046043,0.8336626887321472,0.7585251927375793,-0.03335050493478775,0.8795306086540222,0.7508429884910583,-0.053981125354766846,0.9050456285476685,0.7279348969459534,-0.07232267409563065,0.8121030926704407,0.6218616962432861,-0.02080441825091839,0.8644365072250366,0.590890645980835,-0.06701943278312683,0.8799008727073669,0.6508134007453918,-0.10278864204883575,0.8801438808441162,0.7038333415985107,-0.12019682675600052,0.7838796973228455,0.6092920303344727,-0.03444737568497658,0.8088997006416321,0.5176669359207153,-0.06301610171794891,0.829005777835846,0.45944857597351074,-0.09106866270303726,0.8435676097869873,0.39697015285491943,-0.11116553097963333,0.7510214447975159,0.6239186525344849,-0.05273248255252838,0.7616323232650757,0.5315284729003906,-0.07885253429412842,0.777153730392456,0.4700247645378113,-0.10011354088783264,0.7939732670783997,0.4064085781574249,-0.11403299123048782,0.7201152443885803,0.6585937142372131,-0.07257550209760666,0.708507239818573,0.595981776714325,-0.09135422855615616,0.7070980668067932,0.5475645065307617,-0.09860492497682571,0.710473895072937,0.4969196021556854,-0.10291389375925064
pinza_izquierda,0.6989243030548096,0.791079044342041,2.39698238146957e-07,0.7733703255653381,0.786648154258728,-0.016901930794119835,0.8380470871925354,0.7595856785774231,-0.03366570919752121,0.8865176439285278,0.7506679892539978,-0.05327344685792923,0.9061784148216248,0.736087441444397,-0.07043223083019257,0.8174631595611572,0.622981071472168,-0.018384885042905807,0.8691709041595459,0.5921825170516968,-0.06399659812450409,0.8842721581459045,0.6508578062057495,-0.09969964623451233,0.8840160369873047,0.7037168741226196,-0.11741657555103302,0.7887673377990723,0.6087459921836853,-0.03183386102318764,0.8142890334129333,0.5206372737884521,-0.059535205364227295,0.8350109457969666,0.46365177631378174,-0.08761436492204666,0.8500025272369385,0.4035046696662903,-0.10743766278028488,0.7553454041481018,0.6228012442588806,-0.05026131123304367,0.7671722173690796,0.5319386124610901,-0.0764676183462143,0.7829798460006714,0.4728725552558899,-0.09920112788677216,0.8010047078132629,0.41094139218330383,-0.11402975767850876,0.7238543033599854,0.6597716212272644,-0.07036849111318588,0.7079293131828308,0.6054408550262451,-0.09027503430843353,0.7032573223114014,0.5605580806732178,-0.09919405728578568,0.7050415277481079,0.5122548341751099,-0.10440617799758911
pinza_izquierda,0.4365489184856415,0.833615243434906,1.3665558640241215e-07,0.4898379147052765,0.8357987403869629,-0.01968865469098091,0.5371633768081665,0.8188043236732483,-0.03711605817079544,0.570074200630188,0.8177368640899658,-0.0554797500371933,0.5788671374320984,0.8165692687034607,-0.07194028049707413,0.5280024409294128,0.6962583065032959,-0.029651233926415443,0.5635435581207275,0.6894592642784119,-0.07053415477275848,0.5690519213676453,0.7475970983505249,-0.10067136585712433,0.5639217495918274,0.7920686602592468,-0.11518897116184235,0.497378408908844,0.6838927865028381,-0.03841118514537811,0.508759081363678,0.6115581393241882,-0.06251227855682373,0.5153989791870117,0.5690462589263916,-0.08367673307657242,0.5201262831687927,0.5205078125,-0.09892967343330383,0.46354421973228455,0.6947394609451294,-0.051012519747018814,0.46360552310943604,0.6160373687744141,-0.07297714054584503,0.46894291043281555,0.5661748647689819,-0.08987787365913391,0.4798719584941864,0.5106623768806458,-0.10079773515462875,0.4312794804573059,0.7239412069320679,-0.0652502253651619,0.4145633578300476,0.6706351637840271,-0.07978903502225876,0.40762704610824585,0.6336879134178162,-0.08460965752601624,0.4083082377910614,0.5923063158988953,-0.08739475905895233
pinza_izquierda,0.4382973611354828,0.8262975811958313,1.1881590467055503e-07,0.49284347891807556,0.8295384049415588,-0.01934952288866043,0.5440163612365723,0.8142293691635132,-0.03569724038243294,0.5810689926147461,0.8121165037155151,-0.05264194682240486,0.5803987383842468,0.8008118867874146,-0.06765181571245193,0.5331656336784363,0.688193678855896,-0.029532110318541527,0.5682467222213745,0.6822838187217712,-0.06924272328615189,0.5730588436126709,0.7381514310836792,-0.09875893592834473,0.5668177008628845,0.7800426483154297,-0.11309505254030228,0.5017102956771851,0.6746802926063538,-0.03790799155831337,0.5116068720817566,0.6009311079978943,-0.06192101165652275,0.5174463987350464,0.557986319065094,-0.08317162096500397,0.5210018157958984,0.5093585252761841,-0.09842601418495178,0.46730053424835205,0.6847580075263977,-0.04982819780707359,0.4678111970424652,0.605374813079834,-0.07172645628452301,0.47316181659698486,0.5553373098373413,-0.08849319815635681,0.48423856496810913,0.49953246116638184,-0.0993569940328598,0.4348852336406708,0.7134350538253784,-0.06329356878995895,0.4185696542263031,0.6622452735900879,-0.07774042338132858,0.4113934338092804,0.6255741715431213,-0.0824553593993187,0.4122565984725952,0.584382176399231,-0.08518674969673157
pinza_izquierda,0.44086456298828125,0.8272090554237366,1.1692404200402962e-07,0.49592795968055725,0.8305800557136536,-0.018780997022986412,0.5457118153572083,0.8150455355644226,-0.03472933545708656,0.581362247467041,0.8136784434318542,-0.05149323120713234,0.5868885517120361,0.8030362129211426,-0.06619010865688324,0.5357659459114075,0.6897430419921875,-0.027862582355737686,0.5727298855781555,0.6807773113250732,-0.06779605895280838,0.5782197117805481,0.7369887828826904,-0.0971161350607872,0.572532057762146,0.779401957988739,-0.11101680994033813,0.5051952600479126,0.676645040512085,-0.03641536086797714,0.5171781182289124,0.6021876335144043,-0.060091689229011536,0.5233892202377319,0.5594483017921448,-0.08073589950799942,0.5270047187805176,0.5107825994491577,-0.09537298232316971,0.4712126553058624,0.6867203116416931,-0.04875177517533302,0.472694993019104,0.6077718138694763,-0.07019563019275665,0.47833508253097534,0.5587570071220398,-0.08634184300899506,0.48962053656578064,0.5036314725875854,-0.09670301526784897,0.43860170245170593,0.7154693603515625,-0.06270002573728561,0.4222826063632965,0.6635844111442566,-0.07692326605319977,0.4156501293182373,0.6272954940795898,-0.08141837269067764,0.416770339012146,0.586724579334259,-0.08385872840881348
pinza_izquierda,0.44142675399780273,0.8258084654808044,1.159181834964329e-07,0.49604493379592896,0.8290974497795105,-0.01981600932776928,0.5477728247642517,0.8140543699264526,-0.036913227289915085,0.5859553217887878,0.8128054738044739,-0.054739877581596375,0.5837620496749878,0.8015610575675964,-0.07051731646060944,0.5376889705657959,0.6892822980880737,-0.030078163370490074,0.5732626914978027,0.6814476251602173,-0.07053013890981674,0.5780874490737915,0.7391689419746399,-0.09995938837528229,0.5721617341041565,0.782007098197937,-0.11422079056501389,0.5072831511497498,0.6763296127319336,-0.03898558393120766,0.5174439549446106,0.6023872494697571,-0.0639265924692154,0.5225679874420166,0.5586050152778625,-0.08567419648170471,0.5251012444496155,0.5091229677200317,-0.10124107450246811,0.4732225239276886,0.6870602965354919,-0.05159322917461395,0.4733877182006836,0.6084942817687988,-0.07400022447109222,0.4792323410511017,0.5595982074737549,-0.09118588268756866,0.4906127154827118,0.5046954154968262,-0.10250513255596161,0.44122040271759033,0.7164385914802551,-0.06585763394832611,0.42415207624435425,0.6668721437454224,-0.08062873035669327,0.4166278541088104,0.630729079246521,-0.08599376678466797,0.4171260595321655,0.5898770689964294,-0.08938513696193695
pinza_izquierda,0.43800485134124756,0.821203887462616,1.0508627212857391e-07,0.4934975504875183,0.8260518908500671,-0.01794978231191635,0.5446622371673584,0.81106036901474,-0.03283357247710228,0.5823783278465271,0.810749351978302,-0.04864036664366722,0.5858404636383057,0.7994263172149658,-0.06240861862897873,0.5362099409103394,0.6864961981773376,-0.025580408051609993,0.5733553767204285,0.6753126978874207,-0.0655408725142479,0.5783974528312683,0.7322242856025696,-0.09565341472625732,0.5726169943809509,0.7776874303817749,-0.11034572869539261,0.5055922269821167,0.6729639768600464,-0.03435955569148064,0.5178737640380859,0.599833607673645,-0.05775229632854462,0.5257299542427063,0.5593801736831665,-0.07970898598432541,0.5306187272071838,0.5140630006790161,-0.09554308652877808,0.47199225425720215,0.6829444169998169,-0.0470542274415493,0.474195659160614,0.604674220085144,-0.06866838037967682,0.4794929623603821,0.5545756220817566,-0.08710620552301407,0.4899929463863373,0.49970775842666626,-0.09941808879375458,0.44056424498558044,0.7119297385215759,-0.06118454039096832,0.42440152168273926,0.6629506945610046,-0.07598061859607697,0.4169463813304901,0.6272414326667786,-0.08221936225891113,0.416650652885437,0.5873047113418579,-0.086164191365242
pinza_izquierda,0.4396726191043854,0.8177300095558167,1.507169002934461e-07,0.4952812194824219,0.8234254121780396,-0.02033161371946335,0.5455589890480042,0.8107261061668396,-0.03743262588977814,0.5818147659301758,0.809942901134491,-0.055230170488357544,0.583441436290741,0.7959901690483093,-0.07064366340637207,0.5364296436309814,0.6851015686988831,-0.028819847851991653,0.5723204612731934,0.6762527823448181,-0.06971560418605804,0.5763689279556274,0.7340667247772217,-0.0986432209610939,0.5706791877746582,0.7762299180030823,-0.11209186911582947,0.5065962076187134,0.6715620160102844,-0.03730329871177673,0.518647313117981,0.5976104736328125,-0.06348142772912979,0.5254799723625183,0.5547581315040588,-0.085104800760746,0.5306289792060852,0.5048584938049316,-0.09976561367511749,0.47286438941955566,0.6821796894073486,-0.0497179739177227,0.4738314151763916,0.6046186685562134,-0.07368972152471542,0.4802170395851135,0.5552361011505127,-0.09082554280757904,0.4925788938999176,0.49929869174957275,-0.10129192471504211,0.4409197270870209,0.7118900418281555,-0.06376263499259949,0.4253505766391754,0.6626152396202087,-0.07972243428230286,0.418777197599411,0.6262463331222534,-0.0852765217423439,0.4199299216270447,0.5851832628250122,-0.08817649632692337
pinza_izquierda,0.4429376721382141,0.8079897165298462,1.6100237587579613e-07,0.4970332384109497,0.8141739368438721,-0.019605131819844246,0.547374963760376,0.8000303506851196,-0.035999592393636703,0.5845008492469788,0.7986739277839661,-0.05320291966199875,0.5840019583702087,0.7889763116836548,-0.06844349205493927,0.5363729000091553,0.6766315698623657,-0.028853347525000572,0.5728467106819153,0.6674017906188965,-0.06985343992710114,0.5780141949653625,0.7230738997459412,-0.09952644258737564,0.5731785297393799,0.764359712600708,-0.113690085709095,0.5074939131736755,0.6629002690315247,-0.03759127855300903,0.5210570096969604,0.5910400748252869,-0.0630040317773819,0.5294450521469116,0.5488626956939697,-0.08451857417821884,0.5360594391822815,0.49945181608200073,-0.09949594736099243,0.474475622177124,0.6729531288146973,-0.05028330534696579,0.4761105477809906,0.5965232849121094,-0.07369764149188995,0.48350411653518677,0.5477514266967773,-0.09131059795618057,0.4968268871307373,0.4926754832267761,-0.10233628004789352,0.4427682161331177,0.7011944651603699,-0.06453564763069153,0.42717570066452026,0.651787281036377,-0.08020030707120895,0.420672208070755,0.6157209277153015,-0.0861658900976181,0.4221535623073578,0.5753602981567383,-0.08963261544704437
pinza_izquierda,0.4394764304161072,0.8108811378479004,1.3124248710028041e-07,0.4940035343170166,0.8146910071372986,-0.017778880894184113,0.5430814027786255,0.8010273575782776,-0.03335722163319588,0.5782474279403687,0.8018190860748291,-0.04999193176627159,0.5887247323989868,0.7911444306373596,-0.06467083841562271,0.535849928855896,0.6791281700134277,-0.026924654841423035,0.5735119581222534,0.6673741340637207,-0.06752025336027145,0.5788760185241699,0.7232576012611389,-0.0970630869269371,0.5736984014511108,0.7672386169433594,-0.1110205426812172,0.5069730877876282,0.6652108430862427,-0.036130327731370926,0.5216071009635925,0.5916340351104736,-0.060144588351249695,0.5307167172431946,0.5484174489974976,-0.08143828809261322,0.5367948412895203,0.4999660551548004,-0.09649179875850677,0.47384628653526306,0.6741336584091187,-0.04927724227309227,0.4773317277431488,0.5959181785583496,-0.07171561568975449,0.4845646023750305,0.5466579794883728,-0.08982817828655243,0.49696287512779236,0.49187803268432617,-0.1015700176358223,0.4418182075023651,0.7018910646438599,-0.06379172950983047,0.4249213933944702,0.651847243309021,-0.07981095463037491,0.41702210903167725,0.6160468459129333,-0.08634008467197418,0.4164204001426697,0.5762736201286316,-0.09013406932353973
pinza_izquierda,0.42298752069473267,0.875884473323822,6.327530144289994e-08,0.4918613135814667,0.8848968148231506,-0.023871909826993942,0.5569687485694885,0.8682422041893005,-0.04393427073955536,0.5981266498565674,0.8691425323486328,-0.06510970741510391,0.5935271978378296,0.8538637161254883,-0.08364757895469666,0.55378258228302,0.7161566615104675,-0.03463379666209221,0.5953788161277771,0.7113308906555176,-0.08552198112010956,0.5901045799255371,0.7829614877700806,-0.12414427101612091,0.5744091272354126,0.8374348282814026,-0.1433478593826294,0.5142980217933655,0.6960716247558594,-0.0463799387216568,0.5314660668373108,0.6052296757698059,-0.07737460732460022,0.5397107601165771,0.5510172247886658,-0.10703511536121368,0.5445041656494141,0.4905022382736206,-0.1288587749004364,0.4696756601333618,0.7041999697685242,-0.06285949796438217,0.4756716191768646,0.6031339168548584,-0.09156755357980728,0.48025888204574585,0.5436424612998962,-0.11641257256269455,0.49263131618499756,0.4791416525840759,-0.13311617076396942,0.42688074707984924,0.7361500859260559,-0.08108953386545181,0.40211933851242065,0.6676998734474182,-0.10145460069179535,0.3888912796974182,0.6222704648971558,-0.11101987957954407,0.38561153411865234,0.57193523645401,-0.11741951107978821
pinza_izquierda,0.3971603512763977,0.8599082827568054,2.307432964698819e-07,0.47038570046424866,0.8678231239318848,-0.02634093165397644,0.5376414656639099,0.8562030792236328,-0.05013291910290718,0.5816575884819031,0.8560631275177002,-0.07500144839286804,0.5791187286376953,0.825676441192627,-0.09629861265420914,0.5353650450706482,0.6888346672058105,-0.04003870487213135,0.5825501084327698,0.6746221780776978,-0.09479451924562454,0.5793593525886536,0.7495765089988708,-0.1343434751033783,0.5662411451339722,0.8057041168212891,-0.15330283343791962,0.4936985969543457,0.6617903113365173,-0.05161682888865471,0.5174901485443115,0.5639396905899048,-0.0876067504286766,0.5368170738220215,0.5073268413543701,-0.11882755160331726,0.553972065448761,0.44238677620887756,-0.14087910950183868,0.4453180432319641,0.6662861704826355,-0.06818785518407822,0.4518481492996216,0.5554519891738892,-0.10221526771783829,0.4609631299972534,0.48763662576675415,-0.12880757451057434,0.47781339287757874,0.41647493839263916,-0.14551551640033722,0.39857247471809387,0.6981719732284546,-0.08638303726911545,0.3769848346710205,0.6243930459022522,-0.11045879125595093,0.3660280108451843,0.5721650123596191,-0.12111374735832214,0.36501312255859375,0.5163532495498657,-0.1274460256099701
pinza_izquierda,0.15935492515563965,0.8757137656211853,7.294772075283618e-08,0.213071808218956,0.880379319190979,-0.034424930810928345,0.2682519555091858,0.8557808995246887,-0.061580393463373184,0.2959531247615814,0.8360979557037354,-0.08843038976192474,0.2673160135746002,0.8193358778953552,-0.11219374090433121,0.2654714286327362,0.710351288318634,-0.04434361681342125,0.2895392179489136,0.684339165687561,-0.08913613110780716,0.27643659710884094,0.7485256791114807,-0.11964382231235504,0.2573803663253784,0.7930564880371094,-0.13455623388290405,0.22616976499557495,0.680669903755188,-0.05083473026752472,0.23413391411304474,0.5862768888473511,-0.08309127390384674,0.23664753139019012,0.5338044166564941,-0.1078396886587143,0.23746643960475922,0.47261422872543335,-0.12539920210838318,0.18186190724372864,0.6814380884170532,-0.0621630884706974,0.18683239817619324,0.5817803144454956,-0.09200342744588852,0.1916595995426178,0.5199804902076721,-0.11279592663049698,0.19690395891666412,0.4545694589614868,-0.12583206593990326,0.13854099810123444,0.70479416847229,-0.07603326439857483,0.1352616548538208,0.6285614371299744,-0.09501156955957413,0.13250550627708435,0.5782743096351624,-0.10227566212415695,0.13142243027687073,0.5275368690490723,-0.1075395941734314
pinza_izquierda,0.16787175834178925,0.8632684946060181,1.0259984151161916e-07,0.22003115713596344,0.8690633177757263,-0.035538770258426666,0.2727678418159485,0.8488830924034119,-0.06322146207094193,0.2966337502002716,0.8319904208183289,-0.08981100469827652,0.2711619734764099,0.8118064999580383,-0.1136477068066597,0.2701144814491272,0.7038114666938782,-0.04998857155442238,0.29174545407295227,0.680138885974884,-0.09491802752017975,0.27808043360710144,0.7452016472816467,-0.1247909665107727,0.2591985762119293,0.7895556092262268,-0.139130100607872,0.22930029034614563,0.6761152148246765,-0.05543733015656471,0.23739105463027954,0.5830321907997131,-0.08817180246114731,0.23955053091049194,0.5330387353897095,-0.11280404776334763,0.23985625803470612,0.4757464826107025,-0.1302245706319809,0.18421699106693268,0.6769967079162598,-0.0653616264462471,0.18963289260864258,0.5777702331542969,-0.09613314270973206,0.19454850256443024,0.5177171230316162,-0.11790914088487625,0.200377956032753,0.45607155561447144,-0.13146360218524933,0.1402624249458313,0.7001310586929321,-0.07748910039663315,0.13160955905914307,0.6242081522941589,-0.09779202193021774,0.12547215819358826,0.5752348303794861,-0.10603383928537369,0.1218906044960022,0.5260782241821289,-0.11174628138542175
pinza_izquierda,0.16284558176994324,0.8567407727241516,9.834486291993016e-08,0.21559369564056396,0.8658357858657837,-0.035284608602523804,0.2689228057861328,0.8468263149261475,-0.061708856374025345,0.29721400141716003,0.8311553001403809,-0.08733276277780533,0.27540266513824463,0.8096103668212891,-0.11005591601133347,0.2689272463321686,0.6997394561767578,-0.04619293659925461,0.2905380129814148,0.681865930557251,-0.09109539538621902,0.27742815017700195,0.7457658052444458,-0.12105710804462433,0.25807449221611023,0.7896273136138916,-0.13527429103851318,0.22946412861347198,0.6702116131782532,-0.051709383726119995,0.23919092118740082,0.5833959579467773,-0.08358919620513916,0.24262502789497375,0.5330583453178406,-0.10747034847736359,0.24349935352802277,0.474778413772583,-0.1242627277970314,0.1849602907896042,0.6693060994148254,-0.062229786068201065,0.19021333754062653,0.5745214223861694,-0.09248557686805725,0.19497868418693542,0.5151118040084839,-0.11391273885965347,0.20096543431282043,0.4526432752609253,-0.12718357145786285,0.14099454879760742,0.691705584526062,-0.07519517093896866,0.1308661252260208,0.6189911365509033,-0.09576912224292755,0.12446228414773941,0.5709580183029175,-0.10431625694036484,0.12081127613782883,0.5219094157218933,-0.10998072475194931
pinza_izquierda,0.15553584694862366,0.8552255630493164,1.0919324466840408e-07,0.20886030793190002,0.8653895854949951,-0.03541496768593788,0.2623494267463684,0.8475341200828552,-0.0610845610499382,0.2903888523578644,0.8320490717887878,-0.08577100187540054,0.2708004415035248,0.8106079697608948,-0.1075439527630806,0.2605929970741272,0.700312614440918,-0.045070797204971313,0.2879480719566345,0.6771248579025269,-0.08811172842979431,0.2767442464828491,0.7410007119178772,-0.11689426749944687,0.25765466690063477,0.7851083874702454,-0.1304762363433838,0.22189930081367493,0.6700261235237122,-0.049831271171569824,0.23434065282344818,0.5836540460586548,-0.0793684870004654,0.2386540323495865,0.5371850728988647,-0.10204370319843292,0.23969027400016785,0.48162204027175903,-0.11815247684717178,0.1771896779537201,0.6690893769264221,-0.05969538912177086,0.18342483043670654,0.5746655464172363,-0.0885271206498146,0.1875189244747162,0.5150132179260254,-0.11003632843494415,0.19255216419696808,0.4522116482257843,-0.1235254630446434,0.13251593708992004,0.6912081241607666,-0.07192637026309967,0.11961618810892105,0.6195077300071716,-0.09221281111240387,0.110140860080719,0.571956217288971,-0.10116013139486313,0.10389130562543869,0.5234588980674744,-0.10711550712585449
pinza_izquierda,0.15951818227767944,0.8536110520362854,9.211836982103705e-08,0.2125975787639618,0.8644596338272095,-0.03579028323292732,0.26886337995529175,0.8412529230117798,-0.06142350658774376,0.29898467659950256,0.8236331343650818,-0.08621017634868622,0.2745553255081177,0.810814380645752,-0.10843032598495483,0.2676819860935211,0.6959601640701294,-0.04479473829269409,0.29092514514923096,0.6778279542922974,-0.08971609175205231,0.2783709168434143,0.7433980703353882,-0.12060020118951797,0.258478045463562,0.7889358997344971,-0.13558177649974823,0.22765766084194183,0.6662057638168335,-0.050600942224264145,0.23826511204242706,0.5791833400726318,-0.08116373419761658,0.24129043519496918,0.5291821956634521,-0.10522646456956863,0.24105370044708252,0.47146931290626526,-0.12252309918403625,0.18169382214546204,0.6657408475875854,-0.061778996139764786,0.18707183003425598,0.5694975852966309,-0.09150578826665878,0.19097232818603516,0.5099929571151733,-0.11411081254482269,0.19608952105045319,0.44718363881111145,-0.12854784727096558,0.13558241724967957,0.6879214644432068,-0.07549811899662018,0.1221751868724823,0.6154462099075317,-0.09570542722940445,0.11213809251785278,0.569291353225708,-0.10466764867305756,0.10521913319826126,0.520779550075531,-0.11115635931491852
pinza_izquierda,0.1615009307861328,0.8449997305870056,8.739841206306664e-08,0.21481476724147797,0.8524799346923828,-0.03450177237391472,0.27234312891960144,0.8306158781051636,-0.060054704546928406,0.3028857707977295,0.8134621381759644,-0.0849473848938942,0.27952107787132263,0.7944267988204956,-0.10737300664186478,0.26886245608329773,0.6849043965339661,-0.044155098497867584,0.29302746057510376,0.6587165594100952,-0.08969312906265259,0.2818732261657715,0.7216261625289917,-0.12148713320493698,0.2637215256690979,0.7664379477500916,-0.1369038224220276,0.2293744534254074,0.6528799533843994,-0.05018923059105873,0.24173879623413086,0.562082052230835,-0.08095182478427887,0.2454022467136383,0.5129457712173462,-0.1048230230808258,0.24638250470161438,0.4562714099884033,-0.12163703143596649,0.18437707424163818,0.6506963968276978,-0.06152212619781494,0.19226253032684326,0.5532190799713135,-0.09123209118843079,0.19639937579631805,0.49147677421569824,-0.11372289806604385,0.20176799595355988,0.4269592761993408,-0.12789230048656464,0.13882529735565186,0.6727878451347351,-0.07525428384542465,0.1259177178144455,0.5995335578918457,-0.09535398334264755,0.1157633438706398,0.5520946979522705,-0.10402970016002655,0.10885140299797058,0.5035154819488525,-0.11009013652801514
pinza_izquierda,0.14604714512825012,0.8435729742050171,-6.009652331329107e-09,0.2005304992198944,0.8510811924934387,-0.031405702233314514,0.2629067301750183,0.8242777585983276,-0.053287044167518616,0.297242671251297,0.8050418496131897,-0.07541181892156601,0.2702609598636627,0.7893425226211548,-0.09435398131608963,0.26168644428253174,0.6777310967445374,-0.03607988357543945,0.28476807475090027,0.651009202003479,-0.08138594776391983,0.2688314914703369,0.7194381356239319,-0.1136399358510971,0.24910838901996613,0.76792311668396,-0.12930993735790253,0.22113311290740967,0.6464309096336365,-0.04331975057721138,0.23270964622497559,0.5573782324790955,-0.07344372570514679,0.23348954319953918,0.5034762620925903,-0.09806003421545029,0.232483372092247,0.44111472368240356,-0.11542356014251709,0.17552359402179718,0.64439457654953,-0.05615058168768883,0.1832379549741745,0.5461430549621582,-0.08506196737289429,0.1850740611553192,0.48728108406066895,-0.10746055096387863,0.19106030464172363,0.42494168877601624,-0.12159428745508194,0.13125869631767273,0.6666873693466187,-0.07147306203842163,0.1102861762046814,0.5953727960586548,-0.09046125411987305,0.09469367563724518,0.5498019456863403,-0.09931015968322754,0.08611328899860382,0.5017486810684204,-0.10541314631700516
pinza_izquierda,0.14485026895999908,0.8316504955291748,4.641802675564577e-08,0.20101001858711243,0.8394867181777954,-0.03430711850523949,0.261602520942688,0.8204619884490967,-0.05974621698260307,0.2958865165710449,0.8046223521232605,-0.0847725048661232,0.272747665643692,0.7816464304924011,-0.10668022930622101,0.25961214303970337,0.6703274846076965,-0.04153351113200188,0.28389984369277954,0.6453197002410889,-0.0899563878774643,0.27122801542282104,0.7130998969078064,-0.12508004903793335,0.25281450152397156,0.7609015107154846,-0.14197418093681335,0.21901005506515503,0.6388827562332153,-0.04708300530910492,0.23283971846103668,0.5523496270179749,-0.07744283229112625,0.23601174354553223,0.4993828237056732,-0.10291744768619537,0.23648273944854736,0.43737363815307617,-0.12130893766880035,0.17420482635498047,0.635722815990448,-0.05828459560871124,0.1793566197156906,0.5423573851585388,-0.08607561886310577,0.18010802567005157,0.4837021231651306,-0.10805375128984451,0.18435075879096985,0.42187264561653137,-0.12227970361709595,0.130032479763031,0.6568511128425598,-0.07233120501041412,0.1097692996263504,0.5873023271560669,-0.0892115905880928,0.09560760110616684,0.5428546667098999,-0.09665222465991974,0.08692191541194916,0.4972286820411682,-0.10208061337471008
pinza_izquierda,0.13907365500926971,0.8305649161338806,2.493289841254409e-08,0.19762928783893585,0.8401728868484497,-0.03257685527205467,0.2606406807899475,0.8192378282546997,-0.05635553225874901,0.2951383590698242,0.7991970777511597,-0.08010001480579376,0.2682777941226959,0.7765209674835205,-0.10085050016641617,0.25658026337623596,0.6688387393951416,-0.037678319960832596,0.28204819560050964,0.6449282765388489,-0.08507432788610458,0.2686486840248108,0.7120768427848816,-0.12000539898872375,0.24900203943252563,0.7597734332084656,-0.13702087104320526,0.21574227511882782,0.63645339012146,-0.044099438935518265,0.22964587807655334,0.5498289465904236,-0.0737127885222435,0.23314054310321808,0.49644723534584045,-0.09931348264217377,0.23371398448944092,0.434952974319458,-0.1177714541554451,0.1708705872297287,0.6331716775894165,-0.05618331953883171,0.17679159343242645,0.538058340549469,-0.08399828523397446,0.17818573117256165,0.4794122278690338,-0.10663224756717682,0.18273700773715973,0.41801580786705017,-0.12127284705638885,0.12677496671676636,0.6541077494621277,-0.07094914466142654,0.10667679458856583,0.5846121311187744,-0.08855234086513519,0.09143058955669403,0.5401135683059692,-0.0967574417591095,0.08164814114570618,0.4945653975009918,-0.1026483103632927
pinza_izquierda,0.15530098974704742,0.6770384311676025,1.0098310099238006e-07,0.21958261728286743,0.6712778806686401,-0.04280427470803261,0.28610920906066895,0.6245902180671692,-0.06770631670951843,0.3120589554309845,0.5746029019355774,-0.09076228737831116,0.277066171169281,0.546002209186554,-0.11078397184610367,0.2739570736885071,0.4767845869064331,-0.04056538641452789,0.29956501722335815,0.4295121431350708,-0.0893513634800911,0.28331777453422546,0.4874492287635803,-0.12564925849437714,0.2614240348339081,0.5330240726470947,-0.14354723691940308,0.23197488486766815,0.43880605697631836,-0.043256744742393494,0.2508547306060791,0.33322691917419434,-0.07354630529880524,0.26037415862083435,0.26504430174827576,-0.09884469211101532,0.2669588327407837,0.19414740800857544,-0.11674875020980835,0.18471038341522217,0.4353041648864746,-0.05360610410571098,0.1895603984594345,0.3237367570400238,-0.08575505018234253,0.19125427305698395,0.25164827704429626,-0.11273227632045746,0.19576583802700043,0.1828276813030243,-0.12980148196220398,0.13665467500686646,0.45871302485466003,-0.0674177035689354,0.11318090558052063,0.37498897314071655,-0.09189468622207642,0.09506647288799286,0.3208385705947876,-0.10526921600103378,0.08164234459400177,0.2678343653678894,-0.1144268736243248
pinza_izquierda,0.16097024083137512,0.6790660619735718,9.754479179946429e-08,0.2252289354801178,0.6718599796295166,-0.042655814439058304,0.2900839149951935,0.6266728043556213,-0.06810790300369263,0.3138696849346161,0.5771089196205139,-0.09181693941354752,0.2806115746498108,0.5475398302078247,-0.11268134415149689,0.27543777227401733,0.4793596863746643,-0.039486292749643326,0.301273912191391,0.4326792061328888,-0.08831240236759186,0.28676772117614746,0.48883914947509766,-0.12550191581249237,0.26611220836639404,0.5343841910362244,-0.14424073696136475,0.23435629904270172,0.44258055090904236,-0.04220294952392578,0.25137946009635925,0.3390502631664276,-0.07280220836400986,0.25888678431510925,0.270635724067688,-0.09930310398340225,0.26349854469299316,0.20053350925445557,-0.11821968853473663,0.18827353417873383,0.4401528537273407,-0.0525205172598362,0.1925574094057083,0.33044496178627014,-0.08508487045764923,0.19386062026023865,0.2582471966743469,-0.11263773590326309,0.19832652807235718,0.1893412470817566,-0.13008275628089905,0.1412363350391388,0.46431252360343933,-0.06622951477766037,0.11748895049095154,0.38232865929603577,-0.09147082269191742,0.09938715398311615,0.3285742402076721,-0.1053582951426506,0.08603973686695099,0.2761155962944031,-0.11476448178291321
pinza_izquierda,0.16237464547157288,0.6865127086639404,7.465369122883203e-08,0.22546392679214478,0.6802186965942383,-0.04223015159368515,0.2919553816318512,0.6364808082580566,-0.06762262433767319,0.31616419553756714,0.5889672636985779,-0.09126804023981094,0.28156912326812744,0.5616371631622314,-0.11201754957437515,0.27791792154312134,0.488403856754303,-0.04055539518594742,0.3022453784942627,0.4446331262588501,-0.08947678655385971,0.28544652462005615,0.5029348731040955,-0.12622055411338806,0.2636573314666748,0.5490332841873169,-0.14457353949546814,0.23555678129196167,0.45208728313446045,-0.04365664720535278,0.2508724331855774,0.348685622215271,-0.07448083907365799,0.257575660943985,0.2825903296470642,-0.0999479666352272,0.26235732436180115,0.21497946977615356,-0.11788759380578995,0.1889529526233673,0.45017704367637634,-0.05422332137823105,0.1928320974111557,0.34120750427246094,-0.08645493537187576,0.194255068898201,0.27069687843322754,-0.1125287413597107,0.1991347074508667,0.202880859375,-0.12895047664642334,0.14194941520690918,0.4749143421649933,-0.06821291148662567,0.11799220740795135,0.39377185702323914,-0.09262631833553314,0.09948588162660599,0.34070032835006714,-0.10540524125099182,0.08591067790985107,0.28840571641921997,-0.11405858397483826
pinza_izquierda,0.15924935042858124,0.6960318088531494,7.354951492288819e-08,0.2226017415523529,0.6902721524238586,-0.041767533868551254,0.28941774368286133,0.6475636959075928,-0.06705112755298615,0.3141672909259796,0.6014583110809326,-0.09066015481948853,0.27923035621643066,0.5769673585891724,-0.11121076345443726,0.27635902166366577,0.49808230996131897,-0.040130000561475754,0.3002406656742096,0.45543450117111206,-0.08920478075742722,0.2838468551635742,0.5158687829971313,-0.12603391706943512,0.26228564977645874,0.5628676414489746,-0.14432844519615173,0.23335477709770203,0.46247509121894836,-0.043307024985551834,0.24784566462039948,0.36127299070358276,-0.07439646869897842,0.25473713874816895,0.29634183645248413,-0.09996422380208969,0.25898951292037964,0.22992438077926636,-0.11790865659713745,0.18602213263511658,0.46047404408454895,-0.05395527184009552,0.189097598195076,0.3530765771865845,-0.08610965311527252,0.19062373042106628,0.2834095358848572,-0.11215518414974213,0.19538262486457825,0.21620452404022217,-0.12847477197647095,0.13865172863006592,0.48518532514572144,-0.06799954921007156,0.11455659568309784,0.40486615896224976,-0.09166322648525238,0.09606955945491791,0.35254889726638794,-0.10416457056999207,0.08254307508468628,0.3008367419242859,-0.11269237846136093
pinza_izquierda,0.1575523018836975,0.6852320432662964,1.0432749775191041e-07,0.22130607068538666,0.6811879277229309,-0.04449354112148285,0.2886650860309601,0.6406235098838806,-0.07131395488977432,0.3128933310508728,0.5936236381530762,-0.09592781215906143,0.2773241102695465,0.5665660500526428,-0.11760939657688141,0.2764713168144226,0.48981523513793945,-0.04352207109332085,0.29915404319763184,0.4458047151565552,-0.09258338809013367,0.28233569860458374,0.5037864446640015,-0.12879423797130585,0.2606779932975769,0.5495601296424866,-0.14666767418384552,0.23316535353660583,0.45389798283576965,-0.04531354084610939,0.2476518750190735,0.35382044315338135,-0.07632030546665192,0.25498175621032715,0.28939592838287354,-0.10158326476812363,0.25982803106307983,0.22247231006622314,-0.11951461434364319,0.1853134036064148,0.4513314962387085,-0.05471092462539673,0.18896552920341492,0.34376493096351624,-0.08764024078845978,0.19073069095611572,0.27360984683036804,-0.11435647308826447,0.19528402388095856,0.20641979575157166,-0.13115881383419037,0.13682395219802856,0.47478511929512024,-0.06756214052438736,0.11375578492879868,0.393723726272583,-0.09272616356611252,0.0949070081114769,0.3415120244026184,-0.10644988715648651,0.08085399866104126,0.2903522253036499,-0.11574618518352509
pinza_izquierda,0.34538787603378296,0.7033016681671143,1.2056426612616633e-07,0.41630592942237854,0.6961517333984375,-0.02705240435898304,0.4864799380302429,0.6520036458969116,-0.045761242508888245,0.530724048614502,0.6155461072921753,-0.06625160574913025,0.5053876042366028,0.5893172025680542,-0.0835479199886322,0.46525275707244873,0.5073714852333069,-0.023230591788887978,0.496645450592041,0.46361204981803894,-0.07234077155590057,0.4963904619216919,0.5227899551391602,-0.10990467667579651,0.48530328273773193,0.572106659412384,-0.127849742770195,0.42547985911369324,0.4758606255054474,-0.032856497913599014,0.4423477351665497,0.3737297058105469,-0.06277178227901459,0.455868124961853,0.30691003799438477,-0.08899310976266861,0.46480995416641235,0.2348521649837494,-0.10690944641828537,0.38216182589530945,0.47654494643211365,-0.04929185286164284,0.3812386691570282,0.3712756633758545,-0.07725193351507187,0.38442927598953247,0.30352726578712463,-0.10001280903816223,0.39115476608276367,0.23516389727592468,-0.11406322568655014,0.34055352210998535,0.503070056438446,-0.06871262192726135,0.3146006166934967,0.4288422763347626,-0.08693782240152359,0.29860320687294006,0.3774688243865967,-0.09582493454217911,0.28941065073013306,0.32527947425842285,-0.10167769342660904
pinza_izquierda,0.34528976678848267,0.6989073157310486,1.333353054633335e-07,0.41535013914108276,0.689695417881012,-0.028027955442667007,0.48481467366218567,0.6471365690231323,-0.04797176644206047,0.5293139815330505,0.6125218868255615,-0.06948695331811905,0.5060264468193054,0.5832864046096802,-0.08781088888645172,0.46463632583618164,0.5022919774055481,-0.02499084547162056,0.4964149296283722,0.45704954862594604,-0.07490082085132599,0.49629855155944824,0.516135036945343,-0.11310957372188568,0.4860413372516632,0.5652999877929688,-0.1314307302236557,0.4240834712982178,0.47030872106552124,-0.03436267748475075,0.44101399183273315,0.36777129769325256,-0.06510382145643234,0.4549078941345215,0.30072054266929626,-0.09208331257104874,0.46482232213020325,0.22874465584754944,-0.11054295301437378,0.38001468777656555,0.4707900583744049,-0.05052613839507103,0.37914130091667175,0.3659716844558716,-0.0790865421295166,0.38288095593452454,0.2969783544540405,-0.10261785984039307,0.3905700445175171,0.22751015424728394,-0.11721639335155487,0.33792567253112793,0.49747270345687866,-0.06969080120325089,0.3128264248371124,0.4233686923980713,-0.08841822296380997,0.29704520106315613,0.3718249797821045,-0.09757009893655777,0.28793859481811523,0.3192215859889984,-0.10358913987874985
pinza_izquierda,0.3516206741333008,0.6930177807807922,1.3309465884958627e-07,0.4232780933380127,0.6868947744369507,-0.027036091312766075,0.49439164996147156,0.6439932584762573,-0.04575597494840622,0.5395258665084839,0.6093243360519409,-0.06617308408021927,0.5154232978820801,0.5819000601768494,-0.08347515016794205,0.47439131140708923,0.49908965826034546,-0.024135520681738853,0.5080089569091797,0.4565512239933014,-0.07379943877458572,0.5087267160415649,0.5157260894775391,-0.11200898885726929,0.4982513189315796,0.5650309324264526,-0.13041475415229797,0.43426117300987244,0.46670979261398315,-0.033876243978738785,0.45287615060806274,0.3645482063293457,-0.0641690343618393,0.4678264260292053,0.29738396406173706,-0.09125270694494247,0.47803616523742676,0.22573772072792053,-0.1098630502820015,0.39064323902130127,0.46681898832321167,-0.050340887159109116,0.39080116152763367,0.36027783155441284,-0.07864072173833847,0.3946065902709961,0.2920244336128235,-0.10228142887353897,0.4021627902984619,0.22376954555511475,-0.11697135865688324,0.34900301694869995,0.49280816316604614,-0.06974339485168457,0.323734849691391,0.4182758331298828,-0.08857148885726929,0.3080132305622101,0.366513729095459,-0.0981026440858841,0.29920753836631775,0.31383126974105835,-0.10435798019170761
pinza_izquierda,0.36071786284446716,0.6876214146614075,1.2991503695047868e-07,0.43110644817352295,0.6826158165931702,-0.029874661937355995,0.5006000995635986,0.6444583535194397,-0.05036338418722153,0.5451165437698364,0.6129744052886963,-0.07175390422344208,0.5253583192825317,0.5809440612792969,-0.08985933661460876,0.4845111072063446,0.49983125925064087,-0.028989842161536217,0.517707109451294,0.4573327302932739,-0.07925097644329071,0.5149403810501099,0.5171812772750854,-0.11739719659090042,0.5020020604133606,0.5653756856918335,-0.13577866554260254,0.4437151551246643,0.4659823775291443,-0.037182167172431946,0.46187496185302734,0.3645295202732086,-0.0688982754945755,0.4781917333602905,0.30072635412216187,-0.0963854268193245,0.4899326264858246,0.23186752200126648,-0.1151762381196022,0.3996284008026123,0.4652152955532074,-0.05199296772480011,0.39916884899139404,0.3596433699131012,-0.08163385838270187,0.4030647277832031,0.2921646237373352,-0.10562539100646973,0.4108848571777344,0.22406664490699768,-0.12038595229387283,0.3578300476074219,0.4914137125015259,-0.06976447999477386,0.3332236409187317,0.41691964864730835,-0.0895654633641243,0.31793707609176636,0.36610159277915955,-0.09925634413957596,0.30892908573150635,0.3145540952682495,-0.1054549366235733
pinza_izquierda,0.5646936893463135,0.6777205467224121,2.409065587016812e-07,0.6419824361801147,0.6621359586715698,-0.01316014677286148,0.706527590751648,0.6236082315444946,-0.029121417552232742,0.7584006190299988,0.6004307270050049,-0.05013959854841232,0.7837646007537842,0.5605095624923706,-0.06916709244251251,0.6795275211334229,0.48835548758506775,-0.009980122558772564,0.7311648726463318,0.45261991024017334,-0.05402276664972305,0.7504130601882935,0.5014447569847107,-0.0867682546377182,0.7551708221435547,0.5512735843658447,-0.10197898745536804,0.6582554578781128,0.46751031279563904,-0.026258958503603935,0.6956847906112671,0.36773446202278137,-0.052165281027555466,0.7231113910675049,0.3006885051727295,-0.07470135390758514,0.7441450953483582,0.23406919836997986,-0.09044886380434036,0.6293235421180725,0.47355955839157104,-0.048478931188583374,0.6442184448242188,0.3700801730155945,-0.07309762388467789,0.6625158190727234,0.30016016960144043,-0.09171018749475479,0.6793000102043152,0.23368951678276062,-0.10391879081726074,0.5994027853012085,0.502048671245575,-0.07269876450300217,0.5936291217803955,0.42873427271842957,-0.09192375838756561,0.5965685248374939,0.3713456690311432,-0.09935623407363892,0.6022792458534241,0.3160703778266907,-0.10406511276960373
pinza_izquierda,0.5616565942764282,0.6732487678527832,2.5456219532316027e-07,0.637502908706665,0.6576704978942871,-0.013912143185734749,0.7005457282066345,0.6202501654624939,-0.030395647510886192,0.7509308457374573,0.5987961292266846,-0.05152182653546333,0.7787989974021912,0.5624380707740784,-0.0705547109246254,0.6755598783493042,0.48596474528312683,-0.012728718109428883,0.7283435463905334,0.45122280716896057,-0.05757360905408859,0.7466510534286499,0.5010790824890137,-0.09058165550231934,0.7505702972412109,0.5513659119606018,-0.10569184273481369,0.6538053154945374,0.46480798721313477,-0.02852395735681057,0.6919705867767334,0.3649740219116211,-0.054717227816581726,0.7201555371284485,0.29917383193969727,-0.07683955878019333,0.7418467998504639,0.23438334465026855,-0.09208164364099503,0.624259889125824,0.4712824821472168,-0.050202663987874985,0.6393418908119202,0.3682953119277954,-0.07521334290504456,0.6578527688980103,0.2990988790988922,-0.0941031351685524,0.6751918792724609,0.23355284333229065,-0.10622459650039673,0.5935018062591553,0.5008484721183777,-0.07379873096942902,0.5867376327514648,0.42818671464920044,-0.09337419271469116,0.5893874168395996,0.3713645040988922,-0.10100217908620834,0.5951391458511353,0.3166908621788025,-0.10561885684728622
pinza_izquierda,0.5622353553771973,0.6704545021057129,2.557398772751185e-07,0.6393685936927795,0.6541396975517273,-0.013685510493814945,0.7019848227500916,0.6173220872879028,-0.030737414956092834,0.7513143420219421,0.5958637595176697,-0.05266740545630455,0.77933669090271,0.5585452914237976,-0.07231995463371277,0.6768787503242493,0.4818600118160248,-0.011295029893517494,0.7285783886909485,0.4468379318714142,-0.0562373548746109,0.7464945912361145,0.49804139137268066,-0.08984290808439255,0.7506435513496399,0.5484296083450317,-0.10542935878038406,0.6550585031509399,0.4617612063884735,-0.027213964611291885,0.6915429830551147,0.36384424567222595,-0.05339173227548599,0.7201944589614868,0.2986674904823303,-0.07616478204727173,0.7427250742912292,0.2335585355758667,-0.09228909015655518,0.6257014274597168,0.4686379134654999,-0.0491337776184082,0.6402811408042908,0.36616775393486023,-0.07385243475437164,0.6590462327003479,0.29791131615638733,-0.09294728189706802,0.676798403263092,0.23277297616004944,-0.10552513599395752,0.5956307649612427,0.49827519059181213,-0.07299843430519104,0.5886083245277405,0.4251866936683655,-0.09196342527866364,0.5911620259284973,0.3682020902633667,-0.09961161017417908,0.5968322157859802,0.313456654548645,-0.10454154014587402
pinza_izquierda,0.569632351398468,0.6716660261154175,2.290953347028335e-07,0.6449379324913025,0.6571791172027588,-0.015272067859768867,0.7104280591011047,0.6183942556381226,-0.03077307902276516,0.7601680755615234,0.5958400368690491,-0.05053074285387993,0.7857292294502258,0.5598562955856323,-0.06801091879606247,0.6858227252960205,0.4817759692668915,-0.011390263214707375,0.7376777529716492,0.443744033575058,-0.05570085346698761,0.7553020715713501,0.4942457377910614,-0.08961669355630875,0.7581992149353027,0.5452397465705872,-0.10545561462640762,0.6623146533966064,0.46023064851760864,-0.02567254938185215,0.698630690574646,0.36251747608184814,-0.05178242176771164,0.7272745370864868,0.2982541024684906,-0.07583627849817276,0.7495363354682922,0.23512887954711914,-0.09275062382221222,0.6315703988075256,0.4664584696292877,-0.04589755833148956,0.6479601860046387,0.3668197691440582,-0.0702052041888237,0.6672672629356384,0.29944443702697754,-0.09002771973609924,0.6855230927467346,0.23505496978759766,-0.10305988788604736,0.5998046398162842,0.4952144920825958,-0.06822391599416733,0.5947245359420776,0.42372798919677734,-0.08655716478824615,0.5975742936134338,0.3676537275314331,-0.0941656157374382,0.6032897233963013,0.31321924924850464,-0.09901473671197891
pinza_izquierda,0.5730764269828796,0.6623655557632446,2.7635081778498716e-07,0.6481897234916687,0.6497053503990173,-0.01532333716750145,0.7133739590644836,0.6138449907302856,-0.03183268755674362,0.7650179862976074,0.5919792652130127,-0.05268096923828125,0.7894733548164368,0.5527381896972656,-0.0714486688375473,0.6900252103805542,0.476688027381897,-0.012318526394665241,0.7411853075027466,0.44106021523475647,-0.05645144358277321,0.7585656046867371,0.48958539962768555,-0.0898311510682106,0.7609919905662537,0.5393079519271851,-0.10508152842521667,0.6673257946968079,0.4537069499492645,-0.026746749877929688,0.7065268754959106,0.3555529713630676,-0.05183955654501915,0.7363450527191162,0.290461927652359,-0.07425837218761444,0.7595651149749756,0.22521817684173584,-0.09006435424089432,0.6369644403457642,0.4574905037879944,-0.04715164005756378,0.6536133885383606,0.3552735447883606,-0.07038936764001846,0.6722546219825745,0.2864561080932617,-0.0886094868183136,0.6902373433113098,0.2208736538887024,-0.10063473135232925,0.6041094064712524,0.48384881019592285,-0.06974251568317413,0.5992505550384521,0.4084066152572632,-0.08679063618183136,0.6026021242141724,0.351493239402771,-0.09291836619377136,0.6092004179954529,0.29709893465042114,-0.0968528762459755
pinza_izquierda,0.1386483609676361,0.8021907806396484,9.257239241833304e-08,0.18402573466300964,0.8098605275154114,-0.027557214722037315,0.23458370566368103,0.7903575301170349,-0.044220324605703354,0.26078319549560547,0.766106367111206,-0.05993642285466194,0.239729106426239,0.7471294403076172,-0.07265283912420273,0.22456231713294983,0.6752399206161499,-0.027099428698420525,0.24422487616539001,0.651700496673584,-0.06013692542910576,0.23504170775413513,0.7008923292160034,-0.083011195063591,0.22073990106582642,0.7353979349136353,-0.09318457543849945,0.19445329904556274,0.648593544960022,-0.028691742569208145,0.20999249815940857,0.5878738760948181,-0.05005049705505371,0.21890899538993835,0.5511084794998169,-0.06620705872774124,0.22584711015224457,0.5063296556472778,-0.07691411674022675,0.16085277497768402,0.6440821886062622,-0.035124048590660095,0.16429993510246277,0.5794082880020142,-0.05528097227215767,0.16728101670742035,0.5397002696990967,-0.07010738551616669,0.17260196805000305,0.49701428413391113,-0.07882671803236008,0.1272243857383728,0.6583818793296814,-0.043940819799900055,0.11261697858572006,0.6110516786575317,-0.055552203208208084,0.10150234401226044,0.5816406607627869,-0.06044169142842293,0.09498921781778336,0.5519975423812866,-0.06357283145189285
pinza_izquierda,0.1235853061079979,0.7784804105758667,5.5823072386829153e-08,0.17240320146083832,0.7808029055595398,-0.02487323433160782,0.2262515127658844,0.752449631690979,-0.03973185271024704,0.252445787191391,0.7215880751609802,-0.054511211812496185,0.2266286462545395,0.7051647901535034,-0.06705198436975479,0.21812209486961365,0.6434060335159302,-0.020726490765810013,0.23465970158576965,0.6125245094299316,-0.05315291881561279,0.22225700318813324,0.6542873382568359,-0.07734769582748413,0.2065805196762085,0.6860013008117676,-0.08907333016395569,0.18829265236854553,0.6166331768035889,-0.02435961365699768,0.2039128541946411,0.5507982969284058,-0.04398829862475395,0.21222081780433655,0.5091320276260376,-0.06005166843533516,0.21925589442253113,0.4621465802192688,-0.07115332037210464,0.15512633323669434,0.6123484373092651,-0.03324421867728233,0.15977975726127625,0.5394344925880432,-0.052901577204465866,0.162175714969635,0.4938596487045288,-0.06877803057432175,0.16746440529823303,0.44813990592956543,-0.07868102937936783,0.12097355723381042,0.6271607279777527,-0.04452972114086151,0.10601247847080231,0.5728800296783447,-0.05750996619462967,0.09541186690330505,0.5373820066452026,-0.0642707422375679,0.08943764120340347,0.5016272068023682,-0.06906674057245255
pinza_izquierda,0.12464334815740585,0.7498335838317871,6.310018818567187e-08,0.17565204203128815,0.747023344039917,-0.02406611293554306,0.23110675811767578,0.7146388292312622,-0.03834342956542969,0.2573155462741852,0.6781651377677917,-0.0528227873146534,0.23007814586162567,0.6606247425079346,-0.06495923548936844,0.2195816934108734,0.6046716570854187,-0.017382722347974777,0.23797892034053802,0.568130612373352,-0.05046706646680832,0.22803626954555511,0.6091680526733398,-0.07538734376430511,0.2133089154958725,0.6432726979255676,-0.08716504275798798,0.18946194648742676,0.5776771903038025,-0.021618390455842018,0.20574626326560974,0.5062450766563416,-0.04113515838980675,0.21444931626319885,0.4614686369895935,-0.05720509588718414,0.2216748148202896,0.4121907651424408,-0.06804100424051285,0.15558212995529175,0.5735533237457275,-0.0314357653260231,0.16183090209960938,0.49625521898269653,-0.051866985857486725,0.16577406227588654,0.44714993238449097,-0.06838417798280716,0.1719372421503067,0.3987802565097809,-0.07832598686218262,0.12016551196575165,0.588506281375885,-0.04360508546233177,0.10650529712438583,0.5295765399932861,-0.05784144997596741,0.0962110310792923,0.49090492725372314,-0.06504206359386444,0.08993373066186905,0.4518826901912689,-0.06973177939653397
pinza_izquierda,0.13435927033424377,0.7227621078491211,1.2211303612730262e-07,0.18331237137317657,0.7121315002441406,-0.02560548484325409,0.23424680531024933,0.6795891523361206,-0.042951878160238266,0.2572413384914398,0.6455023288726807,-0.06073938310146332,0.23257741332054138,0.6219896674156189,-0.07632886618375778,0.22193709015846252,0.5653972625732422,-0.020161990076303482,0.2382514476776123,0.5277620553970337,-0.05650576204061508,0.23140235245227814,0.5719732046127319,-0.08331328630447388,0.2200896143913269,0.6107791662216187,-0.09550896286964417,0.1907033920288086,0.5396475195884705,-0.024483000859618187,0.20557984709739685,0.46622732281684875,-0.045423198491334915,0.2143978774547577,0.42033177614212036,-0.06160609424114227,0.22325441241264343,0.3689734637737274,-0.07236868143081665,0.15563978254795074,0.5374675393104553,-0.03478822484612465,0.16234563291072845,0.45652949810028076,-0.056191254407167435,0.16615836322307587,0.4045349359512329,-0.07243379950523376,0.17338518798351288,0.3536074161529541,-0.08209080994129181,0.11942043900489807,0.5548983812332153,-0.04763786867260933,0.10519817471504211,0.49310779571533203,-0.06263408064842224,0.09430698305368423,0.4517739415168762,-0.06982561200857162,0.08837119489908218,0.41029125452041626,-0.07429052144289017
pinza_izquierda,0.12625831365585327,0.7064498662948608,1.1043706393820685e-07,0.17195451259613037,0.6900709867477417,-0.0270233191549778,0.22048436105251312,0.6506317257881165,-0.043016623705625534,0.23775045573711395,0.6092596054077148,-0.05880388244986534,0.21107548475265503,0.5857272744178772,-0.07229715585708618,0.2068772166967392,0.5375249981880188,-0.017933597788214684,0.22334539890289307,0.4985671043395996,-0.05081111192703247,0.21735312044620514,0.5383524894714355,-0.07687612622976303,0.206984743475914,0.5736323595046997,-0.0896272212266922,0.17472244799137115,0.5110806226730347,-0.020983409136533737,0.18784372508525848,0.435205340385437,-0.03895081952214241,0.1943630874156952,0.3848324418067932,-0.05585412308573723,0.19875699281692505,0.3323281705379486,-0.06831466406583786,0.13893508911132812,0.5087623000144958,-0.030035361647605896,0.14376793801784515,0.42728519439697266,-0.049918994307518005,0.14520277082920074,0.3725029230117798,-0.06817943602800369,0.14864356815814972,0.3200531005859375,-0.07993186265230179,0.1015300303697586,0.5267575979232788,-0.04163164272904396,0.08688664436340332,0.46316200494766235,-0.0570928119122982,0.07458380609750748,0.42120474576950073,-0.0656462237238884,0.06571376323699951,0.37959539890289307,-0.0713515505194664
pinza_izquierda,0.1297900378704071,0.6659369468688965,1.8532746537403e-07,0.17949187755584717,0.6471871733665466,-0.02938009239733219,0.22952520847320557,0.6044339537620544,-0.04698273167014122,0.24790087342262268,0.5541166067123413,-0.06447885930538177,0.21751059591770172,0.5206789374351501,-0.07984137535095215,0.21275624632835388,0.48421743512153625,-0.016811247915029526,0.2271137833595276,0.43883806467056274,-0.05053764209151268,0.22318574786186218,0.4719827473163605,-0.07707961648702621,0.21464836597442627,0.5077546238899231,-0.08959384262561798,0.1799107939004898,0.45838913321495056,-0.019146714359521866,0.1940716654062271,0.37387949228286743,-0.036392271518707275,0.19996413588523865,0.3180522918701172,-0.05231213942170143,0.20458096265792847,0.26192373037338257,-0.06377587467432022,0.14393024146556854,0.4568912982940674,-0.028164727613329887,0.14947907626628876,0.3681943118572235,-0.04809732362627983,0.15019673109054565,0.30861473083496094,-0.06622359901666641,0.153038889169693,0.2554112374782562,-0.0776091068983078,0.10488702356815338,0.47613900899887085,-0.04009896144270897,0.0892362892627716,0.4083191454410553,-0.05618566647171974,0.07591564208269119,0.36299532651901245,-0.06504881381988525,0.06635084003210068,0.320553183555603,-0.07067582756280899
pinza_izquierda,0.17837418615818024,0.5229135751724243,1.0469049271932818e-07,0.22681188583374023,0.5036911964416504,-0.020459601655602455,0.27304649353027344,0.4585471451282501,-0.03192772716283798,0.2864753007888794,0.4116131067276001,-0.04395347088575363,0.260242760181427,0.3921549618244171,-0.054575562477111816,0.2507638931274414,0.356119304895401,-0.012727976776659489,0.2639007866382599,0.3112746477127075,-0.040995415300130844,0.26148420572280884,0.34054774045944214,-0.0637172982096672,0.254281610250473,0.3721023499965668,-0.07489791512489319,0.21987566351890564,0.3351087272167206,-0.017387887462973595,0.22983673214912415,0.2541431784629822,-0.033396583050489426,0.23471593856811523,0.20004677772521973,-0.04905351996421814,0.23615418374538422,0.14966656267642975,-0.060453739017248154,0.18672899901866913,0.33485254645347595,-0.027038361877202988,0.18884283304214478,0.2503095865249634,-0.045143138617277145,0.18864762783050537,0.19543328881263733,-0.06248360127210617,0.18973924219608307,0.14758150279521942,-0.0735059529542923,0.15234342217445374,0.35170677304267883,-0.03858787193894386,0.13570012152194977,0.28748273849487305,-0.05281161144375801,0.12336871773004532,0.24569028615951538,-0.06083587557077408,0.11434390395879745,0.20677870512008667,-0.06620089709758759
pinza_izquierda,0.19422432780265808,0.4708397090435028,1.1380777920066976e-07,0.24076732993125916,0.45103952288627625,-0.021947285160422325,0.2837601900100708,0.4080638587474823,-0.034029535949230194,0.29319146275520325,0.36043789982795715,-0.04637401923537254,0.27006998658180237,0.33004599809646606,-0.05736778676509857,0.26549872756004333,0.3098890483379364,-0.011868701316416264,0.27741366624832153,0.2645047903060913,-0.03884253278374672,0.2759891152381897,0.2846171259880066,-0.060567278414964676,0.2707597613334656,0.3102910816669464,-0.07143401354551315,0.23623350262641907,0.28722232580184937,-0.014976626262068748,0.24653799831867218,0.2108171284198761,-0.03025294840335846,0.25186780095100403,0.15922307968139648,-0.04495711997151375,0.25527578592300415,0.11058472096920013,-0.055615607649087906,0.20481035113334656,0.2856162190437317,-0.023299984633922577,0.20670759677886963,0.20624488592147827,-0.04104569926857948,0.20651383697986603,0.1523037701845169,-0.05741488188505173,0.20837533473968506,0.10469299554824829,-0.06783269345760345,0.171528622508049,0.30165761709213257,-0.03371196240186691,0.15561477839946747,0.24069374799728394,-0.04888109490275383,0.14430806040763855,0.19938871264457703,-0.057487428188323975,0.1361880898475647,0.16067102551460266,-0.06300932914018631
pinza_izquierda,0.17893078923225403,0.4227854311466217,1.070082191745314e-07,0.22515730559825897,0.4009241461753845,-0.022617431357502937,0.2658619284629822,0.35605233907699585,-0.034744326025247574,0.2724538743495941,0.30650418996810913,-0.04710580036044121,0.24998906254768372,0.2742421329021454,-0.05797705054283142,0.2479109764099121,0.2616187334060669,-0.010897313244640827,0.25889852643013,0.21337111294269562,-0.039066214114427567,0.2568315267562866,0.23290599882602692,-0.06172505393624306,0.2509865164756775,0.2595689594745636,-0.07282556593418121,0.21889396011829376,0.23970992863178253,-0.01328474935144186,0.22920547425746918,0.16231516003608704,-0.028676621615886688,0.23389340937137604,0.10990837216377258,-0.043428391218185425,0.23662418127059937,0.05997805297374725,-0.05402880162000656,0.18820275366306305,0.23801837861537933,-0.021195117384195328,0.19068530201911926,0.158160999417305,-0.03880186006426811,0.19005389511585236,0.10402145981788635,-0.0545254647731781,0.19105413556098938,0.05690312385559082,-0.06431735306978226,0.15536025166511536,0.25343433022499084,-0.03136618062853813,0.13982132077217102,0.19226783514022827,-0.046320561319589615,0.12876106798648834,0.15069453418254852,-0.054482508450746536,0.12042412906885147,0.11230431497097015,-0.059483714401721954
pinza_izquierda,0.14940720796585083,0.4141044318675995,1.0277250339640887e-07,0.19495679438114166,0.3888929784297943,-0.026037629693746567,0.2338065505027771,0.3397883474826813,-0.03945426270365715,0.23272356390953064,0.28461480140686035,-0.05244284123182297,0.2083873599767685,0.2456054389476776,-0.06396067887544632,0.22333650290966034,0.24916793406009674,-0.01171822752803564,0.2307676076889038,0.20426538586616516,-0.03861100226640701,0.22464537620544434,0.2179320752620697,-0.060478564351797104,0.21621406078338623,0.2385241687297821,-0.07155734300613403,0.19430801272392273,0.22619320452213287,-0.01279811467975378,0.2036186009645462,0.15046973526477814,-0.027070961892604828,0.20655566453933716,0.09803253412246704,-0.04068087786436081,0.20894092321395874,0.0486210435628891,-0.0505056194961071,0.1626110076904297,0.22470557689666748,-0.01985461451113224,0.16561584174633026,0.14492012560367584,-0.03782716020941734,0.16480641067028046,0.08951610326766968,-0.053550731390714645,0.16608841717243195,0.04080106317996979,-0.06330029666423798,0.1277707815170288,0.2403540164232254,-0.02939894236624241,0.1126198023557663,0.17791199684143066,-0.045852143317461014,0.10187406837940216,0.1351291835308075,-0.054743681102991104,0.09345806390047073,0.09523014724254608,-0.06012718006968498
pinza_izquierda,0.32353484630584717,0.8158701062202454,6.944247132878445e-08,0.36737582087516785,0.8180859088897705,-0.019728519022464752,0.4117279052734375,0.7953715324401855,-0.033324018120765686,0.4400187134742737,0.7850768566131592,-0.04713475704193115,0.42884835600852966,0.7770609855651855,-0.05912734195590019,0.39767009019851685,0.6992985606193542,-0.02577468939125538,0.42082321643829346,0.6750317811965942,-0.05775688216090202,0.42069971561431885,0.7244142889976501,-0.08159312605857849,0.41324812173843384,0.7639965415000916,-0.09313281625509262,0.3703727424144745,0.6822118163108826,-0.03037640079855919,0.3817445933818817,0.6246345043182373,-0.04801509901881218,0.3888140916824341,0.5893535614013672,-0.06517448276281357,0.39294740557670593,0.549985945224762,-0.07847665995359421,0.34005075693130493,0.6840754747390747,-0.03876201808452606,0.3417346775531769,0.6174752712249756,-0.05533280596137047,0.3418186902999878,0.5756624341011047,-0.07299336791038513,0.3458310663700104,0.5333476066589355,-0.08578059822320938,0.3110186755657196,0.7034887075424194,-0.0487937368452549,0.29030194878578186,0.6646777391433716,-0.05984506011009216,0.27497854828834534,0.638451874256134,-0.06718830019235611,0.2658628225326538,0.6111997365951538,-0.07313701510429382
pinza_izquierda,0.29984474182128906,0.799547016620636,5.65107818317756e-08,0.3505500555038452,0.7984346151351929,-0.02076358161866665,0.40245017409324646,0.7687269449234009,-0.03396862745285034,0.4317471385002136,0.748663067817688,-0.047332119196653366,0.40998682379722595,0.7393633127212524,-0.058261532336473465,0.3841736316680908,0.6657397747039795,-0.02276454120874405,0.4052303731441498,0.6397634744644165,-0.055173370987176895,0.4048302471637726,0.6905106902122498,-0.07833746820688248,0.39717918634414673,0.7307474613189697,-0.08887355029582977,0.3541228473186493,0.6478917598724365,-0.027645107358694077,0.36479389667510986,0.586103618144989,-0.0468488410115242,0.37386900186538696,0.5482217073440552,-0.06344343721866608,0.37980416417121887,0.5049560070037842,-0.07550188153982162,0.3219434916973114,0.6502252221107483,-0.03699318319559097,0.3252953588962555,0.5807551145553589,-0.05563408508896828,0.3283921182155609,0.536768913269043,-0.0733974352478981,0.3340994417667389,0.49192512035369873,-0.08546330779790878,0.29154491424560547,0.6697982549667358,-0.04817137494683266,0.2693032920360565,0.6255806684494019,-0.06079920008778572,0.2525985538959503,0.5945942401885986,-0.06894955784082413,0.24248963594436646,0.561333417892456,-0.07512010633945465
pinza_izquierda,0.3025994300842285,0.7735995054244995,7.973036986186344e-08,0.3543959856033325,0.7731059789657593,-0.021282028406858444,0.4072626233100891,0.7385921478271484,-0.03422629460692406,0.4395945966243744,0.7144368886947632,-0.047913093119859695,0.41784730553627014,0.7015781998634338,-0.059386592358350754,0.3884684443473816,0.6320688724517822,-0.01862013153731823,0.41104626655578613,0.6000120639801025,-0.05261531099677086,0.413491815328598,0.6493362784385681,-0.07816528528928757,0.4086563289165497,0.6895866394042969,-0.09015928208827972,0.3588111996650696,0.6139839887619019,-0.024020398035645485,0.36975765228271484,0.5480203628540039,-0.04395602270960808,0.3809497654438019,0.5077170133590698,-0.06146470084786415,0.3898633122444153,0.4594486653804779,-0.07390780746936798,0.3262881338596344,0.6171198487281799,-0.03460362181067467,0.33200857043266296,0.5452415347099304,-0.05437316745519638,0.33728551864624023,0.49859488010406494,-0.07212123274803162,0.3448420763015747,0.44990307092666626,-0.0837850272655487,0.2949603199958801,0.6367645263671875,-0.047337960451841354,0.2743634879589081,0.5891144871711731,-0.06113081052899361,0.2593582570552826,0.554644763469696,-0.06959614157676697,0.25092750787734985,0.5179946422576904,-0.07575342059135437
pinza_izquierda,0.2995116114616394,0.7417513728141785,1.2165378393547144e-07,0.3499373495578766,0.735404908657074,-0.01968155801296234,0.4008214473724365,0.7009488344192505,-0.032721664756536484,0.43188950419425964,0.673805832862854,-0.04671801999211311,0.4117339253425598,0.6604015231132507,-0.05883133411407471,0.3811889886856079,0.5942761898040771,-0.01753297820687294,0.40448838472366333,0.5611763596534729,-0.05043138936161995,0.4075144827365875,0.607876718044281,-0.07564075291156769,0.4018266201019287,0.646316647529602,-0.08744312822818756,0.35244178771972656,0.5752316117286682,-0.02418261393904686,0.3657797873020172,0.5049346089363098,-0.04286452755331993,0.37742775678634644,0.4602484107017517,-0.06014988571405411,0.3853645920753479,0.40989750623703003,-0.07247325778007507,0.31979963183403015,0.5782073140144348,-0.03572710230946541,0.32669687271118164,0.5004801750183105,-0.055174220353364944,0.33408257365226746,0.4512180685997009,-0.07348077744245529,0.3425634503364563,0.40234309434890747,-0.08526530861854553,0.2868727147579193,0.5983359217643738,-0.04907170683145523,0.26857224106788635,0.5442133545875549,-0.06296524405479431,0.2560715675354004,0.5064762830734253,-0.07108999788761139,0.2488204389810562,0.4684993028640747,-0.07675719261169434
pinza_izquierda,0.2805602550506592,0.6894217133522034,1.308743406980284e-07,0.3350619673728943,0.6845289468765259,-0.01970554143190384,0.39118698239326477,0.6458013653755188,-0.032150749117136,0.42605656385421753,0.6141799688339233,-0.04574362188577652,0.40027526021003723,0.5990704298019409,-0.0574803501367569,0.37012457847595215,0.537797749042511,-0.015165481716394424,0.39291054010391235,0.4980132579803467,-0.04841376841068268,0.3964957594871521,0.5411370992660522,-0.07382933050394058,0.39277634024620056,0.581362783908844,-0.08562281727790833,0.3390660583972931,0.5170158743858337,-0.021406376734375954,0.3533697724342346,0.4428662955760956,-0.040092796087265015,0.36702674627304077,0.397416353225708,-0.0569562166929245,0.3781893849372864,0.3468278646469116,-0.06874936819076538,0.30586153268814087,0.517920732498169,-0.032947689294815063,0.3134567439556122,0.4362034201622009,-0.05253395810723305,0.32191574573516846,0.38457047939300537,-0.07091469317674637,0.3323975205421448,0.3343343436717987,-0.08280766010284424,0.273415744304657,0.5362762808799744,-0.04641871899366379,0.2545580565929413,0.48005813360214233,-0.060625430196523666,0.24098584055900574,0.44075441360473633,-0.06952264904975891,0.23446321487426758,0.40074020624160767,-0.07581336796283722
pinza_izquierda,0.2746075689792633,0.6701379418373108,6.845832700719257e-08,0.3304749131202698,0.6620161533355713,-0.021362364292144775,0.3870987892150879,0.6206057667732239,-0.03338385745882988,0.4174775779247284,0.5814367532730103,-0.045986562967300415,0.3934742212295532,0.5614287257194519,-0.05641563609242439,0.36681148409843445,0.5089303851127625,-0.01458438765257597,0.3900928795337677,0.47008371353149414,-0.047286082059144974,0.38965436816215515,0.5137904286384583,-0.07310174405574799,0.3812119960784912,0.5511859655380249,-0.08543180674314499,0.33481138944625854,0.48501574993133545,-0.020022569224238396,0.3501671254634857,0.40964847803115845,-0.03831232339143753,0.3621959686279297,0.3609751760959625,-0.05581396818161011,0.37008070945739746,0.308277428150177,-0.06823953986167908,0.29957786202430725,0.4835662841796875,-0.030952489003539085,0.3079012632369995,0.40178021788597107,-0.05129644647240639,0.31631097197532654,0.3490113615989685,-0.070830337703228,0.3253830671310425,0.29694634675979614,-0.08319632709026337,0.264627069234848,0.5015122294425964,-0.04378572851419449,0.2466757893562317,0.4425579011440277,-0.059714823961257935,0.2334698736667633,0.40291422605514526,-0.0691298246383667,0.22489750385284424,0.36239224672317505,-0.07532614469528198
pinza_izquierda,0.277851402759552,0.63579261302948,1.3268241616515297e-07,0.3337278366088867,0.6238887906074524,-0.01972067728638649,0.388762891292572,0.5769789218902588,-0.03096933849155903,0.4202062487602234,0.5342078804969788,-0.04306558147072792,0.394270658493042,0.5129064917564392,-0.05394763872027397,0.36423468589782715,0.46596646308898926,-0.014206068590283394,0.3846343159675598,0.41822370886802673,-0.045378245413303375,0.38857099413871765,0.45398858189582825,-0.07066413015127182,0.38473808765411377,0.4926496148109436,-0.08292913436889648,0.3320661783218384,0.4440973401069641,-0.020198121666908264,0.3476066291332245,0.3612058460712433,-0.03668622672557831,0.35871511697769165,0.3077392578125,-0.05431653559207916,0.36604854464530945,0.25407034158706665,-0.06743945181369781,0.2968243956565857,0.4438121020793915,-0.031228387728333473,0.3045538663864136,0.3555743098258972,-0.04978138208389282,0.31083065271377563,0.29775428771972656,-0.06979950517416,0.318338006734848,0.24473252892494202,-0.08330849558115005,0.26063403487205505,0.46141892671585083,-0.04403292387723923,0.24215036630630493,0.39817601442337036,-0.05882865563035011,0.22806867957115173,0.3563537895679474,-0.06826399266719818,0.21942678093910217,0.3150697350502014,-0.07511455565690994
pinza_izquierda,0.287074476480484,0.5882812738418579,1.1750544359756532e-07,0.34422945976257324,0.5709575414657593,-0.02140040509402752,0.39832696318626404,0.5192136168479919,-0.033729419112205505,0.4262375831604004,0.4689865708351135,-0.046651553362607956,0.399997353553772,0.43998071551322937,-0.058252058923244476,0.36987683176994324,0.40965744853019714,-0.015726175159215927,0.388482928276062,0.3563416004180908,-0.0470806322991848,0.39020687341690063,0.3891642987728119,-0.07235206663608551,0.38541144132614136,0.42630356550216675,-0.0848732739686966,0.3361125886440277,0.38724038004875183,-0.020901553332805634,0.3493152856826782,0.30023080110549927,-0.03790240362286568,0.3577982187271118,0.2424573451280594,-0.05560682713985443,0.36301106214523315,0.18617066740989685,-0.0690753236413002,0.30018606781959534,0.38776132464408875,-0.031237060204148293,0.3048244118690491,0.29591354727745056,-0.05026901513338089,0.30852052569389343,0.2369251400232315,-0.06943237036466599,0.31403613090515137,0.1834539771080017,-0.08243364840745926,0.2638563811779022,0.40713298320770264,-0.04352685436606407,0.24394622445106506,0.3414062261581421,-0.05938386917114258,0.22936725616455078,0.2978074550628662,-0.06893496215343475,0.219839408993721,0.25539976358413696,-0.0757245197892189
pinza_izquierda,0.2912521958351135,0.5235241651535034,8.593021760816555e-08,0.3497310280799866,0.5048989057540894,-0.020213792100548744,0.4042775630950928,0.444716215133667,-0.03016519919037819,0.4315836727619171,0.3923221826553345,-0.04096449166536331,0.4042784869670868,0.36704251170158386,-0.05013176053762436,0.3738686442375183,0.33565983176231384,-0.011057808063924313,0.3923244774341583,0.28283125162124634,-0.04228968918323517,0.39507877826690674,0.3188784122467041,-0.068003349006176,0.3905895948410034,0.3567630648612976,-0.08077504485845566,0.3385832607746124,0.3122209906578064,-0.016838956624269485,0.35029757022857666,0.22295282781124115,-0.03358792886137962,0.35962244868278503,0.16484127938747406,-0.051381975412368774,0.36525073647499084,0.10732357203960419,-0.0647510513663292,0.3014630675315857,0.31256377696990967,-0.02822178415954113,0.3057436943054199,0.22055073082447052,-0.04719427600502968,0.3120460510253906,0.1607487052679062,-0.06678047776222229,0.31937357783317566,0.10513439774513245,-0.07991691678762436,0.26465335488319397,0.331434965133667,-0.04161384329199791,0.24508801102638245,0.26408708095550537,-0.05705489590764046,0.2305593490600586,0.2190493494272232,-0.06648875027894974,0.22065162658691406,0.17404234409332275,-0.0732932984828949
pinza_izquierda,0.2899949252605438,0.4718567132949829,1.1785623854621008e-07,0.3478113114833832,0.4503554105758667,-0.02132386341691017,0.40061819553375244,0.39093267917633057,-0.03171496465802193,0.4249880313873291,0.3346097469329834,-0.042621955275535583,0.4016845226287842,0.3013190031051636,-0.05191585421562195,0.37085869908332825,0.2850702404975891,-0.012000590562820435,0.3923960328102112,0.22914919257164001,-0.04285264015197754,0.39745253324508667,0.2601096034049988,-0.06847063452005386,0.39459508657455444,0.2953875660896301,-0.08134997636079788,0.33650946617126465,0.26024073362350464,-0.017366567626595497,0.3500407338142395,0.16890260577201843,-0.03380990028381348,0.3600640296936035,0.10786989331245422,-0.051952995359897614,0.36587968468666077,0.05147479474544525,-0.06584154814481735,0.2994299829006195,0.2588675022125244,-0.02836395613849163,0.304625928401947,0.16374559700489044,-0.04777675122022629,0.30925315618515015,0.10231123864650726,-0.06790676712989807,0.31478649377822876,0.04762016236782074,-0.0813649371266365,0.2620408833026886,0.2770155072212219,-0.04137582704424858,0.24338561296463013,0.2082398235797882,-0.05885083228349686,0.22896957397460938,0.1619156450033188,-0.06937786191701889,0.21847781538963318,0.11708830296993256,-0.07654161751270294
pinza_izquierda,0.5051126480102539,0.48646417260169983,2.0718441362532758e-07,0.5567123293876648,0.46106457710266113,-0.017878154292702675,0.6005536913871765,0.40944087505340576,-0.02940502017736435,0.632075846195221,0.36653801798820496,-0.042701251804828644,0.6327526569366455,0.3294616639614105,-0.05431327596306801,0.5645208358764648,0.31569796800613403,-0.010267549194395542,0.5906262397766113,0.26922494173049927,-0.04208708181977272,0.6078392863273621,0.29931843280792236,-0.06775342673063278,0.6136136651039124,0.3361685872077942,-0.07961980253458023,0.5378881096839905,0.29512983560562134,-0.016518978402018547,0.5506483316421509,0.21033579111099243,-0.03311840817332268,0.5623366832733154,0.15390977263450623,-0.04995265230536461,0.569556713104248,0.1005731076002121,-0.062043581157922745,0.5096583962440491,0.2967163026332855,-0.02792801335453987,0.5079547762870789,0.2141706943511963,-0.044385746121406555,0.5114147663116455,0.15819783508777618,-0.059814173728227615,0.5155665874481201,0.10814276337623596,-0.0697847232222557,0.4823390543460846,0.31696265935897827,-0.04158622398972511,0.4646610915660858,0.2576332092285156,-0.05381712317466736,0.45383715629577637,0.2155199944972992,-0.059092577546834946,0.4465239644050598,0.17576026916503906,-0.06239642575383186
pinza_izquierda,0.5090622901916504,0.48952174186706543,1.9891464830834593e-07,0.5612979531288147,0.46489742398262024,-0.018660271540284157,0.6049198508262634,0.41733604669570923,-0.030899114906787872,0.6354595422744751,0.375863254070282,-0.04478131979703903,0.6432049870491028,0.33302804827690125,-0.056803952902555466,0.5700909495353699,0.32166585326194763,-0.010486899875104427,0.5971792936325073,0.2751440107822418,-0.042047664523124695,0.6139127016067505,0.3065725266933441,-0.06726180016994476,0.6192189455032349,0.3442925214767456,-0.07890705019235611,0.5443323850631714,0.30193981528282166,-0.015935614705085754,0.5587782263755798,0.22095438838005066,-0.032746609300374985,0.5718016028404236,0.1680270880460739,-0.0498524010181427,0.5797518491744995,0.11717809736728668,-0.062151096761226654,0.5168538093566895,0.30349302291870117,-0.026565026491880417,0.5155239701271057,0.221597358584404,-0.043414484709501266,0.5186300873756409,0.16547712683677673,-0.05904390290379524,0.5221976041793823,0.11497007310390472,-0.0690491572022438,0.48997732996940613,0.323591023683548,-0.03934362158179283,0.4717909097671509,0.26355788111686707,-0.05221033841371536,0.46131008863449097,0.22090759873390198,-0.05797811225056648,0.4538341462612152,0.18110111355781555,-0.061410050839185715
pinza_izquierda,0.5026905536651611,0.5207729339599609,1.696188860478287e-07,0.5556572675704956,0.49939554929733276,-0.015603460371494293,0.6019195914268494,0.4532414376735687,-0.02606443502008915,0.6337537169456482,0.4148460924625397,-0.03856106102466583,0.6245824098587036,0.38440340757369995,-0.04928793013095856,0.5679098963737488,0.3553627133369446,-0.009665834717452526,0.597556471824646,0.31231454014778137,-0.0428115576505661,0.61360102891922,0.34621256589889526,-0.06953639537096024,0.6173684000968933,0.3854641616344452,-0.08166901767253876,0.5410547256469727,0.33520248532295227,-0.016944514587521553,0.5555706024169922,0.2526269853115082,-0.03407097980380058,0.5669984817504883,0.19726820290088654,-0.05187245085835457,0.5729355812072754,0.14441943168640137,-0.0646887794137001,0.5123146772384644,0.336849570274353,-0.029073616489768028,0.5116392970085144,0.2568413317203522,-0.045179836452007294,0.5142953395843506,0.20322555303573608,-0.06113825738430023,0.5174417495727539,0.1535956859588623,-0.0716467797756195,0.4847016930580139,0.35705068707466125,-0.04322081804275513,0.4663720726966858,0.3003969192504883,-0.05406254902482033,0.4554133415222168,0.26062464714050293,-0.0589807853102684,0.44809696078300476,0.22172968089580536,-0.06230270490050316
pinza_izquierda,0.4933305084705353,0.5724999904632568,1.672453322498768e-07,0.5481039881706238,0.5567746758460999,-0.015823589637875557,0.6002697944641113,0.5125677585601807,-0.02731865644454956,0.6369462609291077,0.4759126901626587,-0.0410403236746788,0.622803807258606,0.4529547691345215,-0.05284753069281578,0.5678044557571411,0.40911343693733215,-0.01155758649110794,0.6008937358856201,0.3716598153114319,-0.04583892226219177,0.6138526201248169,0.4108622372150421,-0.07225920259952545,0.6139603853225708,0.4506296217441559,-0.08422955870628357,0.5411106944084167,0.38763687014579773,-0.020095577463507652,0.5586139559745789,0.3078879714012146,-0.03960437327623367,0.5722596645355225,0.25483623147010803,-0.057470645755529404,0.5799888968467712,0.20308740437030792,-0.06959903240203857,0.5121182203292847,0.3893478214740753,-0.03357928618788719,0.5104242563247681,0.3068176209926605,-0.052469730377197266,0.5126909017562866,0.2508690357208252,-0.06927880644798279,0.5157006978988647,0.19802957773208618,-0.07971465587615967,0.4845707416534424,0.4105130434036255,-0.048943668603897095,0.4683070182800293,0.35308411717414856,-0.061508726328611374,0.45904773473739624,0.3129191994667053,-0.06731265783309937,0.4538620114326477,0.273534893989563,-0.0710223987698555
pinza_izquierda,0.49009326100349426,0.5989594459533691,1.7792854123399593e-07,0.545219898223877,0.582779049873352,-0.017131397500634193,0.5975026488304138,0.539473295211792,-0.029666608199477196,0.6341170072555542,0.505680501461029,-0.04404754191637039,0.6202037930488586,0.483629047870636,-0.05625404790043831,0.5648203492164612,0.43502503633499146,-0.01482593733817339,0.5972194075584412,0.3988496959209442,-0.05137254670262337,0.6088812947273254,0.4410810172557831,-0.07970251142978668,0.6079551577568054,0.4813994765281677,-0.09263300150632858,0.536891520023346,0.41384774446487427,-0.022880177944898605,0.5535918474197388,0.3333246111869812,-0.04368741065263748,0.5674998760223389,0.27991411089897156,-0.06257788836956024,0.5760892629623413,0.22615808248519897,-0.07543587684631348,0.5072152018547058,0.41601210832595825,-0.035860709846019745,0.5058231353759766,0.33117130398750305,-0.05557761713862419,0.5070246458053589,0.2760782837867737,-0.07254815846681595,0.5094463229179382,0.22351984679698944,-0.08286543190479279,0.4792821407318115,0.43807974457740784,-0.05078885331749916,0.461946576833725,0.3798920512199402,-0.06319186091423035,0.4519285261631012,0.3400600254535675,-0.06864213943481445,0.4463106095790863,0.3009747862815857,-0.07199237495660782
pinza_izquierda,0.48830193281173706,0.6712551116943359,1.7626496173761552e-07,0.5426503419876099,0.6576613783836365,-0.01615036278963089,0.5911977291107178,0.6206956505775452,-0.029158178716897964,0.6278995871543884,0.595221996307373,-0.04423629492521286,0.6196538805961609,0.5772296786308289,-0.05743369460105896,0.559626579284668,0.5130487084388733,-0.01549721509218216,0.5918526649475098,0.4811888635158539,-0.051736753433942795,0.6043254733085632,0.5258218050003052,-0.08004537969827652,0.6050933003425598,0.5654575824737549,-0.09342309087514877,0.532966673374176,0.497035413980484,-0.024480940774083138,0.5488888025283813,0.42345964908599854,-0.04601707309484482,0.5623580813407898,0.37405163049697876,-0.06640791147947311,0.570641279220581,0.3233482837677002,-0.08039797842502594,0.5043087601661682,0.5038483142852783,-0.038094907999038696,0.5027889609336853,0.4225546717643738,-0.05916442722082138,0.5040398240089417,0.3680974245071411,-0.07894483953714371,0.5070756077766418,0.31478792428970337,-0.09122762084007263,0.47711747884750366,0.5298941135406494,-0.053243011236190796,0.45622551441192627,0.4784628748893738,-0.06814359128475189,0.4437265694141388,0.44080406427383423,-0.076247937977314,0.43609508872032166,0.4028046727180481,-0.08132746815681458
pinza_izquierda,0.4862590432167053,0.7164574861526489,1.9269712936420547e-07,0.5423493385314941,0.7060784101486206,-0.016925401985645294,0.5926814079284668,0.6721086502075195,-0.0303103756159544,0.6299948692321777,0.6528279781341553,-0.0453866571187973,0.6215922832489014,0.6380664706230164,-0.05873282998800278,0.5618064999580383,0.5630062222480774,-0.017859451472759247,0.5944852232933044,0.5336037278175354,-0.05482795089483261,0.6059020757675171,0.5812088251113892,-0.08297526091337204,0.6066069602966309,0.6224645376205444,-0.0963282510638237,0.5346921682357788,0.5477451086044312,-0.02714357152581215,0.5493719577789307,0.47561925649642944,-0.050216443836688995,0.565311849117279,0.4297959804534912,-0.0706193819642067,0.5776585936546326,0.3821065425872803,-0.0843069776892662,0.5046446323394775,0.5565999150276184,-0.041115209460258484,0.505287766456604,0.47669172286987305,-0.06389547884464264,0.5105465054512024,0.4234023690223694,-0.08417270332574844,0.5183554887771606,0.3699425160884857,-0.09660391509532928,0.4766386151313782,0.5850395560264587,-0.05653821676969528,0.4573342502117157,0.5362971425056458,-0.0730845257639885,0.4465753734111786,0.4978642761707306,-0.08223472535610199,0.4410121738910675,0.45847541093826294,-0.08797770738601685
pinza_izquierda,0.4761304259300232,0.7777822613716125,1.7206342306508304e-07,0.5300391316413879,0.7723711729049683,-0.01503655407577753,0.5810076594352722,0.7465333342552185,-0.028139367699623108,0.6196337938308716,0.7348373532295227,-0.04294540733098984,0.6129879951477051,0.7209886908531189,-0.05558818578720093,0.5576343536376953,0.6357893943786621,-0.01696823164820671,0.5923029780387878,0.6110316514968872,-0.05296558141708374,0.6008970737457275,0.6598137617111206,-0.08024803549051285,0.5985520482063293,0.7018492221832275,-0.09316781163215637,0.5311927795410156,0.6213509440422058,-0.026289062574505806,0.548503577709198,0.5560083985328674,-0.0480760782957077,0.5666391849517822,0.5168331861495972,-0.06740237027406693,0.5805911421775818,0.476535439491272,-0.08044163137674332,0.5021272301673889,0.6303904056549072,-0.040106263011693954,0.5020614266395569,0.555597186088562,-0.06117716431617737,0.5082476735115051,0.5075170993804932,-0.0803673192858696,0.5180339813232422,0.4593121409416199,-0.09245727956295013,0.4759288430213928,0.6605719327926636,-0.0553225502371788,0.455879807472229,0.6185141801834106,-0.07094044238328934,0.4456081986427307,0.5834370851516724,-0.08000713586807251,0.441334068775177,0.5463960766792297,-0.08578512072563171
pinza_izquierda,0.49010801315307617,0.8315600752830505,2.25128317765666e-07,0.539741039276123,0.8269087076187134,-0.013742363080382347,0.5827900767326355,0.8084579706192017,-0.027413344010710716,0.6161465644836426,0.8073184490203857,-0.042528945952653885,0.6267440319061279,0.8024423718452454,-0.05579407513141632,0.5667763948440552,0.7113733887672424,-0.020797131583094597,0.6028313040733337,0.6940980553627014,-0.05525444075465202,0.6118888854980469,0.7427871227264404,-0.08069297671318054,0.612289547920227,0.7836572527885437,-0.09319436550140381,0.5434108376502991,0.7019559144973755,-0.029932832345366478,0.5621117353439331,0.6450769901275635,-0.05207544565200806,0.5846567153930664,0.6160076260566711,-0.0708916112780571,0.6042691469192505,0.5842463970184326,-0.08355117589235306,0.5166798233985901,0.71282958984375,-0.042746782302856445,0.5196956396102905,0.64468914270401,-0.06398560851812363,0.5299917459487915,0.603977382183075,-0.08301153779029846,0.5433653593063354,0.5616824626922607,-0.09526776522397995,0.4928702712059021,0.741044819355011,-0.05648389458656311,0.474467933177948,0.7089545726776123,-0.07264389097690582,0.4672671854496002,0.6799511313438416,-0.08214325457811356,0.4654059410095215,0.6483007073402405,-0.08834258466959
pinza_izquierda,0.6493551731109619,0.787248969078064,3.2983427900035167e-07,0.7069723606109619,0.7819045782089233,-0.018966415897011757,0.7531037330627441,0.7661432027816772,-0.04141347482800484,0.7924822568893433,0.7704711556434631,-0.06542237848043442,0.820857584476471,0.7694463729858398,-0.0885670930147171,0.7413519620895386,0.6537824273109436,-0.03913842514157295,0.7905101180076599,0.6425203680992126,-0.08444235473871231,0.802972137928009,0.6988174319267273,-0.11641260981559753,0.8032363057136536,0.7462468147277832,-0.13213929533958435,0.714296281337738,0.6390722990036011,-0.051040031015872955,0.7401114106178284,0.572646975517273,-0.08023710548877716,0.7656275629997253,0.5378607511520386,-0.10375097393989563,0.7843965888023376,0.5015408396720886,-0.12025544792413712,0.679588794708252,0.6518062353134155,-0.06656863540410995,0.6761137843132019,0.5702378749847412,-0.09501620382070541,0.6772990822792053,0.5145319700241089,-0.1198350340127945,0.6819982528686523,0.4601026177406311,-0.13653407990932465,0.6464288830757141,0.6882926821708679,-0.08283170312643051,0.6201652884483337,0.642662763595581,-0.10430863499641418,0.6059786677360535,0.610772430896759,-0.1155274286866188,0.5965823531150818,0.5781829953193665,-0.12333180010318756
pinza_izquierda,0.7152993083000183,0.8406249284744263,4.664025539113936e-07,0.7773262858390808,0.8408616185188293,-0.015128354541957378,0.8243350982666016,0.8343172669410706,-0.03434498980641365,0.8673274517059326,0.8430888056755066,-0.055737659335136414,0.8957304954528809,0.8299689292907715,-0.07477854937314987,0.8137349486351013,0.713301956653595,-0.026426030322909355,0.8656802177429199,0.6988646388053894,-0.07145160436630249,0.8793127536773682,0.7547137141227722,-0.10583572834730148,0.883211076259613,0.8040622472763062,-0.12344350665807724,0.7935115694999695,0.7023060917854309,-0.039552632719278336,0.8309818506240845,0.6389209628105164,-0.07038729637861252,0.8689122796058655,0.605262279510498,-0.09799551218748093,0.9008156061172485,0.5688140988349915,-0.11701330542564392,0.7667533159255981,0.7167057991027832,-0.05647005885839462,0.7775683403015137,0.637877881526947,-0.08462532609701157,0.7919988632202148,0.5891943573951721,-0.10732569545507431,0.8087095022201538,0.5408223867416382,-0.12205132097005844,0.7398219108581543,0.7514182925224304,-0.07445451617240906,0.7259405255317688,0.7105755805969238,-0.09593360871076584,0.7242268919944763,0.6762659549713135,-0.10540052503347397,0.7273901700973511,0.6404539346694946,-0.11100830137729645
pinza_izquierda,0.7191094160079956,0.7370074391365051,3.848495282454678e-07,0.7872359156608582,0.7350317239761353,-0.016287075355648994,0.8431034684181213,0.7147161960601807,-0.03478492796421051,0.8908426761627197,0.7117034196853638,-0.05564456060528755,0.9241095781326294,0.6961734294891357,-0.07429797947406769,0.8275938034057617,0.5848374962806702,-0.022694947198033333,0.8827914595603943,0.5620484948158264,-0.06653615087270737,0.8982567191123962,0.6179401278495789,-0.09953991323709488,0.9004548192024231,0.6694530844688416,-0.11583761870861053,0.8066082000732422,0.5689268708229065,-0.03574863821268082,0.843159556388855,0.4907640218734741,-0.0641370564699173,0.8805229067802429,0.44555801153182983,-0.08962111175060272,0.9110082387924194,0.4007464647293091,-0.10719170421361923,0.7786992192268372,0.5816701054573059,-0.05348128825426102,0.7872578501701355,0.49177852272987366,-0.08098956942558289,0.8022133708000183,0.4331008791923523,-0.10402695834636688,0.8189271688461304,0.37736332416534424,-0.11905309557914734,0.751142144203186,0.6187430024147034,-0.07250652462244034,0.7356104850769043,0.5661019086837769,-0.09508772194385529,0.733238697052002,0.5244196057319641,-0.1057673767209053,0.7358828783035278,0.4819907546043396,-0.11225061863660812
pinza_izquierda,0.7248122096061707,0.7161498069763184,3.983369367688283e-07,0.7931028008460999,0.7111714482307434,-0.0168545451015234,0.849892795085907,0.6860137581825256,-0.03529326245188713,0.8987588882446289,0.6788739562034607,-0.056376516819000244,0.9328367710113525,0.6601027250289917,-0.07502327859401703,0.8317567110061646,0.5523692965507507,-0.02251868136227131,0.8895049691200256,0.5279579162597656,-0.06717916578054428,0.9066133499145508,0.5824905037879944,-0.1001276895403862,0.9091819524765015,0.6344256401062012,-0.11588482558727264,0.8101250529289246,0.5333280563354492,-0.03558668866753578,0.8482872843742371,0.4493599236011505,-0.06381545960903168,0.8840382099151611,0.3973235487937927,-0.08802348375320435,0.9119765162467957,0.3472273349761963,-0.10441270470619202,0.7814853191375732,0.5445703268051147,-0.05369808152318001,0.7885231375694275,0.4485628008842468,-0.08131551742553711,0.8016827702522278,0.38575631380081177,-0.10361228138208389,0.8164082169532776,0.3271552324295044,-0.1178176999092102,0.7529640197753906,0.5817760825157166,-0.07325522601604462,0.7370672225952148,0.5256980657577515,-0.0957067459821701,0.733892560005188,0.48130300641059875,-0.10593541711568832,0.7356367111206055,0.4367825388908386,-0.11194588989019394
pinza_izquierda,0.7108594179153442,0.6906735897064209,4.05787574209171e-07,0.7810447216033936,0.6804240345954895,-0.01874830201268196,0.8388376832008362,0.6514064073562622,-0.03907724842429161,0.88782799243927,0.6423348188400269,-0.06203928589820862,0.9207627177238464,0.6185522079467773,-0.08219964057207108,0.8160799741744995,0.5119028091430664,-0.02528533712029457,0.8752506375312805,0.4830959439277649,-0.07416530698537827,0.8947133421897888,0.5397825241088867,-0.1099575087428093,0.8981819748878479,0.5940786600112915,-0.1267494112253189,0.7908543944358826,0.49165618419647217,-0.038448236882686615,0.8258578777313232,0.40060341358184814,-0.07013842463493347,0.8601367473602295,0.3441179394721985,-0.09663038700819016,0.8866997957229614,0.2885085940361023,-0.11410897970199585,0.759766697883606,0.5034217834472656,-0.056903958320617676,0.7635953426361084,0.40306615829467773,-0.08714140951633453,0.7750593423843384,0.3368915021419525,-0.11028818786144257,0.7882815003395081,0.27372676134109497,-0.1242947205901146,0.7299011945724487,0.5419548153877258,-0.07687141001224518,0.7133062481880188,0.4826679527759552,-0.10001330822706223,0.7086174488067627,0.435885488986969,-0.11002963036298752,0.7084625959396362,0.38866427540779114,-0.11543286591768265
pinza_izquierda,0.7133055925369263,0.5865392088890076,3.2207523759097967e-07,0.7852152585983276,0.5668894052505493,-0.017928311601281166,0.8443328738212585,0.5293875336647034,-0.03728969022631645,0.8940234184265137,0.5085536241531372,-0.05982126295566559,0.926361083984375,0.4712662696838379,-0.0794144794344902,0.8158877491950989,0.3933352530002594,-0.019881194457411766,0.8702340126037598,0.3529306948184967,-0.06689513474702835,0.8923865556716919,0.40251708030700684,-0.10209031403064728,0.8980808258056641,0.45384854078292847,-0.11875227838754654,0.7914596796035767,0.3701346218585968,-0.032814957201480865,0.8208134770393372,0.27138158679008484,-0.06250552833080292,0.8511483073234558,0.20669032633304596,-0.08750748634338379,0.8732908964157104,0.14452481269836426,-0.10433320701122284,0.7618196606636047,0.3787384033203125,-0.051377035677433014,0.7635355591773987,0.27415481209754944,-0.07970541715621948,0.770941972732544,0.20492634177207947,-0.10075784474611282,0.7794799208641052,0.13919177651405334,-0.11369840055704117,0.7337497472763062,0.4139253497123718,-0.07172568887472153,0.7145125865936279,0.3502839505672455,-0.0939263105392456,0.7072083353996277,0.2994050979614258,-0.10315195471048355,0.7041007876396179,0.2488679438829422,-0.10810201615095139
pinza_izquierda,0.7192335724830627,0.5371130108833313,3.635529708390095e-07,0.7897878289222717,0.5162087678909302,-0.014961229637265205,0.848784863948822,0.4780963063240051,-0.03164275735616684,0.8962042927742004,0.45494160056114197,-0.05196546018123627,0.9271506667137146,0.416608601808548,-0.06984901428222656,0.8162383437156677,0.3483295440673828,-0.013804187998175621,0.8689791560173035,0.3102138340473175,-0.057345353066921234,0.8929226398468018,0.3543340563774109,-0.09085296094417572,0.9009048342704773,0.40319955348968506,-0.10639187693595886,0.793918251991272,0.3252136707305908,-0.026437735185027122,0.8243598341941833,0.22847497463226318,-0.05187774449586868,0.8543339967727661,0.16404327750205994,-0.07416161894798279,0.8760494589805603,0.10474419593811035,-0.08921761810779572,0.7674322724342346,0.3311295509338379,-0.04459602013230324,0.7694782018661499,0.22852438688278198,-0.0681992694735527,0.7772024869918823,0.16014139354228973,-0.08617674559354782,0.7865727543830872,0.09883829951286316,-0.09727299213409424,0.7414886951446533,0.3615797460079193,-0.06469739228487015,0.7233054637908936,0.294344425201416,-0.08257821202278137,0.7167341709136963,0.2436603307723999,-0.089035265147686,0.7147606611251831,0.19681638479232788,-0.09220249950885773
pinza_izquierda,0.7354506850242615,0.49911004304885864,3.1142252510107937e-07,0.8044447898864746,0.47898316383361816,-0.010504503734409809,0.8613487482070923,0.43763142824172974,-0.024420220404863358,0.909470796585083,0.41225600242614746,-0.04300158843398094,0.9409737586975098,0.37152138352394104,-0.05905305966734886,0.8254181742668152,0.3085730969905853,-0.004593248479068279,0.8780558705329895,0.26846224069595337,-0.042366813868284225,0.9025478363037109,0.3104536533355713,-0.07086266577243805,0.9110033512115479,0.35648518800735474,-0.08417874574661255,0.8084651231765747,0.28439512848854065,-0.018908487632870674,0.8382160663604736,0.1877194195985794,-0.042122047394514084,0.868657648563385,0.12674051523208618,-0.06279662996530533,0.8905103802680969,0.0720033049583435,-0.07757429033517838,0.7855246663093567,0.28717994689941406,-0.038851842284202576,0.7883760333061218,0.18077775835990906,-0.061792027205228806,0.7952703237533569,0.10929031670093536,-0.07873007655143738,0.8011930584907532,0.048208385705947876,-0.0898464098572731,0.7625670433044434,0.3102848529815674,-0.06047014519572258,0.7620452046394348,0.23297631740570068,-0.07757049053907394,0.764504611492157,0.1756017506122589,-0.08429128676652908,0.7673544883728027,0.12417668104171753,-0.08898022025823593
pinza_izquierda,0.16455286741256714,0.728415846824646,2.5834319217210577e-07,0.24018196761608124,0.6965564489364624,-0.05537144094705582,0.29593056440353394,0.5963120460510254,-0.08680684864521027,0.29392075538635254,0.5072088837623596,-0.11257390677928925,0.23726558685302734,0.4492250680923462,-0.13546286523342133,0.28068843483924866,0.4024238586425781,-0.02821894735097885,0.29925602674484253,0.29154127836227417,-0.058733921498060226,0.31145238876342773,0.21688084304332733,-0.08015947043895721,0.31588494777679443,0.1438365876674652,-0.09856285899877548,0.21284911036491394,0.38307487964630127,-0.03333531320095062,0.21404162049293518,0.26414304971694946,-0.10397675633430481,0.21847954392433167,0.35641515254974365,-0.12947657704353333,0.2219243347644806,0.4439709186553955,-0.12424738705158234,0.14566858112812042,0.3918933868408203,-0.04795112460851669,0.13990020751953125,0.25626707077026367,-0.09750088304281235,0.14713123440742493,0.14783066511154175,-0.12286776304244995,0.1530882865190506,0.04378974437713623,-0.13086093962192535,0.08270256221294403,0.43167099356651306,-0.06690319627523422,0.05363871902227402,0.31731998920440674,-0.0896543636918068,0.042581796646118164,0.24554650485515594,-0.09624109417200089,0.030198916792869568,0.16793209314346313,-0.10085148364305496
pinza_izquierda,0.19294482469558716,0.7295175194740295,2.487348638169351e-07,0.26873067021369934,0.7033339738845825,-0.05230924114584923,0.3301408588886261,0.6120280623435974,-0.08223344385623932,0.3330910801887512,0.5275760293006897,-0.10632443428039551,0.2775835692882538,0.4738833010196686,-0.12756939232349396,0.3093471825122833,0.4189768135547638,-0.0341462567448616,0.3291379511356354,0.3064571022987366,-0.06653448939323425,0.34389686584472656,0.23211050033569336,-0.08745137602090836,0.35365650057792664,0.15766391158103943,-0.10490009188652039,0.24270913004875183,0.3987484574317932,-0.039701394736766815,0.2489357739686966,0.28741541504859924,-0.11070449650287628,0.255916029214859,0.3818094730377197,-0.13469326496124268,0.26284536719322205,0.467538982629776,-0.1290249526500702,0.1767285168170929,0.4062170088291168,-0.054055601358413696,0.17146500945091248,0.27595484256744385,-0.10520613938570023,0.18103735148906708,0.17146149277687073,-0.13090874254703522,0.19043797254562378,0.06730172038078308,-0.13909266889095306,0.11414771527051926,0.4431069791316986,-0.07206927984952927,0.0860767513513565,0.33068984746932983,-0.0964624360203743,0.07329036295413971,0.2602161765098572,-0.10417813062667847,0.05966630578041077,0.17933127284049988,-0.10949293524026871
pinza_izquierda,0.19726435840129852,0.7285067439079285,2.2622509732173057e-07,0.2737410366535187,0.7002118825912476,-0.04883754625916481,0.3346683084964752,0.6059707403182983,-0.0766882449388504,0.3358689546585083,0.5212663412094116,-0.09928853809833527,0.279651403427124,0.4684660732746124,-0.11923439800739288,0.31169602274894714,0.4160647690296173,-0.02995550073683262,0.3313320279121399,0.3036663830280304,-0.06158067658543587,0.3472958207130432,0.22937777638435364,-0.08262845128774643,0.35861736536026,0.1541880965232849,-0.10021151602268219,0.24595989286899567,0.39627182483673096,-0.03662607818841934,0.2534123957157135,0.28526002168655396,-0.10635729134082794,0.26145780086517334,0.37791433930397034,-0.13043436408042908,0.26778531074523926,0.4630042016506195,-0.12510856986045837,0.18110336363315582,0.40405577421188354,-0.051785409450531006,0.175074964761734,0.27496081590652466,-0.10216441750526428,0.1841592937707901,0.17150315642356873,-0.1274099349975586,0.19255289435386658,0.06923720240592957,-0.13520394265651703,0.119953453540802,0.4409911632537842,-0.07033075392246246,0.08981338143348694,0.3285694718360901,-0.09420126676559448,0.07661375403404236,0.25888845324516296,-0.1012994647026062,0.06233517825603485,0.17957934737205505,-0.1060316264629364
pinza_izquierda,0.20138244330883026,0.7161793112754822,2.2059244031424896e-07,0.27656224370002747,0.6871581673622131,-0.047606710344552994,0.3350897431373596,0.5924469232559204,-0.07489120960235596,0.3369164764881134,0.5081363916397095,-0.09717520326375961,0.2819996774196625,0.45863011479377747,-0.11674335598945618,0.3128244876861572,0.4024103283882141,-0.02644253894686699,0.33060336112976074,0.2924277186393738,-0.05502019450068474,0.345684289932251,0.2209598869085312,-0.0741802379488945,0.35555970668792725,0.14930438995361328,-0.0911983996629715,0.24718697369098663,0.3840633034706116,-0.03335878998041153,0.25168049335479736,0.2769458293914795,-0.10128579288721085,0.2597547173500061,0.36969295144081116,-0.12523622810840607,0.2667490541934967,0.45337915420532227,-0.12031428515911102,0.18201640248298645,0.3928489089012146,-0.04867452755570412,0.17432226240634918,0.2680862247943878,-0.09808936715126038,0.18232108652591705,0.16544675827026367,-0.12414665520191193,0.1889019012451172,0.0636487603187561,-0.13290315866470337,0.12134545296430588,0.4311658442020416,-0.06728710979223251,0.08653849363327026,0.3223317265510559,-0.09182872623205185,0.06754150986671448,0.25486230850219727,-0.10034091770648956,0.047351375222206116,0.1775878667831421,-0.10610844194889069
pinza_izquierda,0.20586219429969788,0.7110943794250488,1.57063084316178e-07,0.2803175449371338,0.6814702749252319,-0.043119724839925766,0.3383241891860962,0.5877748727798462,-0.06882335990667343,0.3425150513648987,0.5042868852615356,-0.08964957296848297,0.2890705466270447,0.45747724175453186,-0.10787467658519745,0.31696027517318726,0.39941808581352234,-0.028127577155828476,0.3359445333480835,0.2891436219215393,-0.05691322311758995,0.35169366002082825,0.2189498096704483,-0.07521841675043106,0.36252331733703613,0.14583826065063477,-0.09117013216018677,0.25182920694351196,0.38078099489212036,-0.035788461565971375,0.26093733310699463,0.2718494236469269,-0.10276941955089569,0.269248366355896,0.3677026331424713,-0.12461080402135849,0.27519774436950684,0.452752023935318,-0.11829429119825363,0.18695786595344543,0.3901914656162262,-0.05091402679681778,0.18148688971996307,0.2644195556640625,-0.09946765005588531,0.1906169056892395,0.1595885455608368,-0.12426773458719254,0.19807417690753937,0.05426585674285889,-0.13230618834495544,0.12495742738246918,0.427217572927475,-0.0685281828045845,0.09147331863641739,0.31730228662490845,-0.09089666604995728,0.07431381940841675,0.2501959204673767,-0.09723769873380661,0.057123273611068726,0.17199480533599854,-0.1018470749258995
pinza_izquierda,0.20590592920780182,0.7015141248703003,2.407825263617269e-07,0.2808871269226074,0.672173023223877,-0.048579029738903046,0.34051746129989624,0.5789285898208618,-0.07756228744983673,0.34453102946281433,0.4945882260799408,-0.10157878696918488,0.2884953022003174,0.447626531124115,-0.12296002358198166,0.31731849908828735,0.39237338304519653,-0.02922932244837284,0.3358202576637268,0.2816495895385742,-0.05858642980456352,0.350868284702301,0.21059535443782806,-0.07757649570703506,0.3609912097454071,0.1389625370502472,-0.09433522075414658,0.25199297070503235,0.37465900182724,-0.0362512581050396,0.2588095963001251,0.2663362920284271,-0.10623785853385925,0.2664790153503418,0.3608736991882324,-0.1301763355731964,0.27333933115005493,0.446266233921051,-0.12464315444231033,0.18688571453094482,0.3830777704715729,-0.05159791186451912,0.17999222874641418,0.25841814279556274,-0.1018478199839592,0.18841254711151123,0.15489614009857178,-0.1276565045118332,0.19582468271255493,0.052437394857406616,-0.13615816831588745,0.1260545551776886,0.4193498492240906,-0.07029057294130325,0.09266838431358337,0.3114064335823059,-0.09440826624631882,0.07444413006305695,0.24479706585407257,-0.1024213507771492,0.05565367639064789,0.1682533323764801,-0.1081099808216095
pinza_izquierda,0.21135902404785156,0.7026048302650452,2.024767837838226e-07,0.2863313555717468,0.6747117042541504,-0.04555029049515724,0.34321725368499756,0.5798404216766357,-0.07148736715316772,0.3497745394706726,0.4991389811038971,-0.09266548603773117,0.2965925335884094,0.4570693075656891,-0.11108043789863586,0.32011306285858154,0.3882278800010681,-0.025633160024881363,0.33759090304374695,0.2790653705596924,-0.0541633702814579,0.3510854244232178,0.2089550942182541,-0.0733427032828331,0.36021092534065247,0.13773015141487122,-0.09042613953351974,0.2548666000366211,0.3716319799423218,-0.03365320339798927,0.26004892587661743,0.2657344341278076,-0.1018286645412445,0.26918941736221313,0.36005252599716187,-0.12575788795948029,0.2773439884185791,0.4447203576564789,-0.12074541300535202,0.1899552047252655,0.3821478486061096,-0.04993908107280731,0.18251048028469086,0.2573670446872711,-0.09942519664764404,0.19047269225120544,0.15573278069496155,-0.12602108716964722,0.19750483334064484,0.0536055862903595,-0.13505226373672485,0.13006870448589325,0.42117682099342346,-0.06932870298624039,0.09557309746742249,0.31334188580513,-0.09335409104824066,0.07664407789707184,0.24638409912586212,-0.10204625129699707,0.05704721808433533,0.1685681939125061,-0.10817984491586685
pinza_izquierda,0.18408778309822083,0.8642020225524902,9.143098367303537e-08,0.24236628413200378,0.8470317125320435,-0.03376259282231331,0.2912272810935974,0.7760379314422607,-0.05372016131877899,0.29921287298202515,0.712265133857727,-0.0698031634092331,0.2598893344402313,0.6784531474113464,-0.08358212560415268,0.28099820017814636,0.6290193200111389,-0.019589364528656006,0.29005056619644165,0.5532569885253906,-0.04149468615651131,0.2992092967033386,0.5023072361946106,-0.05590213090181351,0.30736371874809265,0.44943416118621826,-0.06902092695236206,0.22977711260318756,0.6092414855957031,-0.026245269924402237,0.24008649587631226,0.5282437801361084,-0.07815857231616974,0.24219340085983276,0.6052238345146179,-0.0955117866396904,0.24413958191871643,0.6706958413124084,-0.0904083102941513,0.17794352769851685,0.6129417419433594,-0.03899369761347771,0.17670796811580658,0.5118064880371094,-0.07796083390712738,0.18130895495414734,0.4302290081977844,-0.09897033125162125,0.18647071719169617,0.3467329442501068,-0.10604338347911835,0.1281803548336029,0.6415898203849792,-0.05360661447048187,0.09883102774620056,0.5588647127151489,-0.07345122843980789,0.08064262568950653,0.5089348554611206,-0.08033305406570435,0.06291456520557404,0.4484936594963074,-0.08498484641313553
pinza_izquierda,0.19007758796215057,0.8600481748580933,1.395351887367724e-07,0.24817869067192078,0.8450732827186584,-0.036125969141721725,0.29931405186653137,0.7786333560943604,-0.05767570436000824,0.31488752365112305,0.7175607681274414,-0.0750441700220108,0.2772670388221741,0.6803275346755981,-0.09034489840269089,0.29069027304649353,0.631000280380249,-0.02546677738428116,0.3017452359199524,0.5521371364593506,-0.0459662526845932,0.3130008280277252,0.504065752029419,-0.059273574501276016,0.32355138659477234,0.4532293677330017,-0.07241873443126678,0.23927222192287445,0.6114164590835571,-0.032058436423540115,0.2507299780845642,0.5310063362121582,-0.08240407705307007,0.2547089457511902,0.6038340926170349,-0.10041513293981552,0.25817447900772095,0.6677561402320862,-0.09739907830953598,0.1856311857700348,0.6155086755752563,-0.044602155685424805,0.18255098164081573,0.5181208252906799,-0.08282500505447388,0.18724948167800903,0.4385802447795868,-0.10652881860733032,0.1923309564590454,0.3573058247566223,-0.11695190519094467,0.13465160131454468,0.6453802585601807,-0.05925910547375679,0.09740732610225677,0.5686897039413452,-0.08054306358098984,0.07076984643936157,0.5240799188613892,-0.09108762443065643,0.04554636776447296,0.4681503176689148,-0.09928618371486664
pinza_izquierda,0.1909685730934143,0.8581094741821289,1.350531988464354e-07,0.24764327704906464,0.8451825380325317,-0.03590649738907814,0.29789137840270996,0.7807520627975464,-0.05779874697327614,0.3132791519165039,0.7219631671905518,-0.07555180042982101,0.27766549587249756,0.683853268623352,-0.09132087230682373,0.2900629937648773,0.6320690512657166,-0.02686317265033722,0.3013755977153778,0.5548068284988403,-0.04781274497509003,0.31192317605018616,0.5065615177154541,-0.06109381094574928,0.32186809182167053,0.4553315043449402,-0.0742609053850174,0.23836341500282288,0.6116611361503601,-0.03365779668092728,0.24956682324409485,0.531015932559967,-0.08442745357751846,0.25321319699287415,0.605220377445221,-0.10207941383123398,0.25693845748901367,0.670291543006897,-0.09879454225301743,0.1848522573709488,0.6150295734405518,-0.04629524424672127,0.18151028454303741,0.5183387994766235,-0.0843089297413826,0.18664704263210297,0.4406870901584625,-0.10701695829629898,0.19275972247123718,0.3607562184333801,-0.11685392260551453,0.13440123200416565,0.6455718874931335,-0.061096929013729095,0.09678903222084045,0.5685842633247375,-0.08199426531791687,0.0700964629650116,0.5244565606117249,-0.09200230240821838,0.04510684311389923,0.4685215353965759,-0.09991058707237244
pinza_izquierda,0.19534176588058472,0.8607277870178223,1.4051929042580014e-07,0.2513611316680908,0.8447248935699463,-0.03506080061197281,0.29979488253593445,0.7783198952674866,-0.056271739304065704,0.3130894899368286,0.7222833633422852,-0.07356303930282593,0.27727049589157104,0.6878526210784912,-0.08889231830835342,0.29270410537719727,0.6293109655380249,-0.02499028481543064,0.3022397458553314,0.5513843297958374,-0.04577019438147545,0.3136005997657776,0.503028392791748,-0.059675246477127075,0.3235788345336914,0.4529688358306885,-0.0730227530002594,0.24012893438339233,0.6105308532714844,-0.031562142074108124,0.2508695721626282,0.5331766605377197,-0.08169329166412354,0.25469520688056946,0.6073328256607056,-0.0997200682759285,0.25736644864082336,0.671924889087677,-0.09672295302152634,0.18643291294574738,0.6151905059814453,-0.04400958493351936,0.18262089788913727,0.518752932548523,-0.08165822923183441,0.18737272918224335,0.44159996509552,-0.10496509820222855,0.19202005863189697,0.36261850595474243,-0.11503259092569351,0.13625973463058472,0.6456765532493591,-0.058457452803850174,0.09825020283460617,0.5686309337615967,-0.07916782051324844,0.07153776288032532,0.5241392254829407,-0.08913310617208481,0.04685148596763611,0.4678579568862915,-0.09677229076623917
pinza_izquierda,0.19559307396411896,0.8587733507156372,1.3055479541890236e-07,0.25112301111221313,0.8426693677902222,-0.03572935611009598,0.29996833205223083,0.7789648771286011,-0.05877046287059784,0.31328096985816956,0.7222049832344055,-0.07742007076740265,0.2767752408981323,0.6859879493713379,-0.09420813620090485,0.2912233769893646,0.6327786445617676,-0.03116350620985031,0.3004092276096344,0.554415762424469,-0.05258960276842117,0.31121766567230225,0.5066850185394287,-0.06617891788482666,0.3202534019947052,0.45610514283180237,-0.07940500229597092,0.2382214367389679,0.6139415502548218,-0.03744232654571533,0.2511962056159973,0.5375795364379883,-0.08799203485250473,0.255067378282547,0.612628698348999,-0.1055169403553009,0.25704941153526306,0.6763961315155029,-0.10277880728244781,0.1841217428445816,0.6182485818862915,-0.04912953823804855,0.18159301578998566,0.5257863402366638,-0.08666495233774185,0.18748247623443604,0.45018941164016724,-0.10920964181423187,0.19238416850566864,0.37249863147735596,-0.11946163326501846,0.1332467496395111,0.6479246616363525,-0.06273917853832245,0.09373375028371811,0.572350025177002,-0.0834554061293602,0.06544537842273712,0.5299006104469299,-0.0932595506310463,0.03950953483581543,0.4751124978065491,-0.101192407310009
pinza_izquierda,0.19556047022342682,0.8551285266876221,9.888210428243838e-08,0.24877673387527466,0.8396860957145691,-0.03396698459982872,0.29790830612182617,0.7780953049659729,-0.05547501891851425,0.3127758502960205,0.7248977422714233,-0.07278308272361755,0.27714741230010986,0.6921497583389282,-0.08819632232189178,0.2905939817428589,0.6278643012046814,-0.03020794875919819,0.29926761984825134,0.5509427785873413,-0.052637841552495956,0.31032052636146545,0.504172146320343,-0.06731241941452026,0.31931832432746887,0.4539715349674225,-0.08097691833972931,0.23674143850803375,0.6102840304374695,-0.03699340298771858,0.24967099726200104,0.5373859405517578,-0.0872250571846962,0.25376397371292114,0.6124919652938843,-0.10493922978639603,0.2553536593914032,0.6745978593826294,-0.10271912813186646,0.18211333453655243,0.6161874532699585,-0.04920590668916702,0.18128174543380737,0.525876522064209,-0.08720970153808594,0.18755480647087097,0.4539368748664856,-0.10979505628347397,0.19240453839302063,0.3781414330005646,-0.11981400102376938,0.13126537203788757,0.6467434763908386,-0.06315520405769348,0.09281166642904282,0.5719152092933655,-0.08434201776981354,0.06499336659908295,0.531159520149231,-0.09399889409542084,0.039225637912750244,0.4771220088005066,-0.1014738455414772
pinza_izquierda,0.19361549615859985,0.8537808656692505,1.3148508060112363e-07,0.24760623276233673,0.8388085961341858,-0.0341891385614872,0.2978246212005615,0.7780106067657471,-0.05598447844386101,0.3102239668369293,0.724433422088623,-0.07385338097810745,0.27453893423080444,0.6901933550834656,-0.08994830399751663,0.28983673453330994,0.6288591623306274,-0.029507579281926155,0.29972484707832336,0.5515199899673462,-0.05061441287398338,0.3107414245605469,0.5050289630889893,-0.06414841115474701,0.3195676803588867,0.4567106366157532,-0.07705531269311905,0.2353428602218628,0.6120082139968872,-0.035678207874298096,0.24966810643672943,0.5413233637809753,-0.08417847007513046,0.25475236773490906,0.6147863864898682,-0.10115125775337219,0.2573280930519104,0.675931990146637,-0.0988231673836708,0.18122150003910065,0.6185481548309326,-0.04715101048350334,0.1805761158466339,0.5303695797920227,-0.08313092589378357,0.18640948832035065,0.4615575671195984,-0.10374600440263748,0.19125740230083466,0.3892560601234436,-0.11283272504806519,0.13065659999847412,0.6498881578445435,-0.06057635694742203,0.09169498831033707,0.5769447684288025,-0.08112356811761856,0.06344611942768097,0.5360047221183777,-0.09040934592485428,0.03787708282470703,0.4818649888038635,-0.09744631499052048
pinza_izquierda,0.4051741361618042,0.856269359588623,3.130577965748671e-07,0.46281442046165466,0.8439794182777405,-0.02505001612007618,0.5194458961486816,0.7911617755889893,-0.04967622086405754,0.5539839267730713,0.7562435269355774,-0.07329531013965607,0.5320516228675842,0.7317595481872559,-0.09565246105194092,0.4901418685913086,0.6495495438575745,-0.02753927744925022,0.5124651193618774,0.5693264007568359,-0.055297352373600006,0.5410215854644775,0.5367889404296875,-0.07428015023469925,0.5691028833389282,0.5093022584915161,-0.09008193016052246,0.4503912031650543,0.6409467458724976,-0.04174155741930008,0.4909587502479553,0.5778875946998596,-0.10118165612220764,0.5074849128723145,0.6553649306297302,-0.12328462302684784,0.5171500444412231,0.7229359745979309,-0.12261947244405746,0.4067225754261017,0.6521151065826416,-0.06052834168076515,0.4256126582622528,0.5607197880744934,-0.10129566490650177,0.4438665509223938,0.49454939365386963,-0.12223360687494278,0.45938950777053833,0.42618894577026367,-0.13099732995033264,0.36563950777053833,0.6855666637420654,-0.08076514303684235,0.3407667875289917,0.6210564970970154,-0.10279747098684311,0.3234976828098297,0.5748847723007202,-0.11204814165830612,0.306951105594635,0.516571581363678,-0.11931514739990234
pinza_izquierda,0.3917350471019745,0.8552886843681335,3.3136376487163943e-07,0.45208054780960083,0.8444074392318726,-0.024886110797524452,0.5120161771774292,0.7918884754180908,-0.0483577698469162,0.5459945201873779,0.7548619508743286,-0.07057107985019684,0.518450140953064,0.7349917888641357,-0.09133954346179962,0.48081859946250916,0.6481853127479553,-0.02657894417643547,0.5034997463226318,0.5672370195388794,-0.05481690540909767,0.5315693616867065,0.535292387008667,-0.07437979429960251,0.5603150129318237,0.5059913396835327,-0.09084651619195938,0.44047585129737854,0.6400232911109924,-0.041174210608005524,0.48285865783691406,0.5771870613098145,-0.10101118683815002,0.49914294481277466,0.6538756489753723,-0.12432458996772766,0.5085498094558716,0.7217576503753662,-0.12495241314172745,0.39616578817367554,0.6517568230628967,-0.06049790978431702,0.41666674613952637,0.5620113611221313,-0.10259334743022919,0.4369237720966339,0.49724239110946655,-0.12589679658412933,0.45460671186447144,0.4302476644515991,-0.1363491415977478,0.35448920726776123,0.6850335001945496,-0.08113668113946915,0.33124059438705444,0.620760977268219,-0.10405178368091583,0.31436848640441895,0.5755739808082581,-0.11504606157541275,0.2988910973072052,0.5173705816268921,-0.12393509596586227
pinza_izquierda,0.39320752024650574,0.8610719442367554,3.4312657248847245e-07,0.4521968960762024,0.8485753536224365,-0.025074532255530357,0.5088006258010864,0.7989885807037354,-0.05119217559695244,0.543556809425354,0.7669383883476257,-0.07648925483226776,0.5215802192687988,0.7442954182624817,-0.10075417160987854,0.4832344353199005,0.657407283782959,-0.03086920641362667,0.5070552229881287,0.5795297026634216,-0.06062690541148186,0.5341613292694092,0.5452767610549927,-0.08100077509880066,0.5606468319892883,0.5143296718597412,-0.09776218235492706,0.44260555505752563,0.6497315764427185,-0.046290960162878036,0.4834724962711334,0.5884955525398254,-0.10805604606866837,0.4985758364200592,0.6678940057754517,-0.13117361068725586,0.5070174336433411,0.7363066077232361,-0.13094887137413025,0.39800912141799927,0.6617039442062378,-0.06611926108598709,0.41759613156318665,0.573876678943634,-0.10922646522521973,0.4377818703651428,0.5092838406562805,-0.13086333870887756,0.45523762702941895,0.44161438941955566,-0.13968808948993683,0.35610252618789673,0.6951380372047424,-0.08725158125162125,0.33243194222450256,0.6292247176170349,-0.10992028564214706,0.3155568242073059,0.5842664837837219,-0.11860615760087967,0.29965347051620483,0.5272766351699829,-0.12551657855510712
pinza_izquierda,0.38968896865844727,0.8607450723648071,3.2639999858474766e-07,0.4515538215637207,0.8496865034103394,-0.025467343628406525,0.5084054470062256,0.7984911203384399,-0.04950818046927452,0.5419402122497559,0.7615326642990112,-0.07263851165771484,0.5172287225723267,0.7386032342910767,-0.09466107934713364,0.47801628708839417,0.6583291888237,-0.03058074787259102,0.5021799206733704,0.5788249969482422,-0.05921550840139389,0.529313325881958,0.541070818901062,-0.07811669260263443,0.5563884377479553,0.5063731670379639,-0.09391014277935028,0.43757393956184387,0.6494194865226746,-0.04465581849217415,0.4778505563735962,0.587188720703125,-0.10466092079877853,0.49717977643013,0.6601510047912598,-0.1272023469209671,0.508992612361908,0.7227063179016113,-0.12718911468982697,0.39397379755973816,0.6598857641220093,-0.06307068467140198,0.41069597005844116,0.5731517672538757,-0.10522264242172241,0.4293333888053894,0.5093793272972107,-0.12704603374004364,0.4444427788257599,0.44320356845855713,-0.13615870475769043,0.3526771664619446,0.6918065547943115,-0.08299774676561356,0.3294297158718109,0.6272398829460144,-0.10648500919342041,0.3123894929885864,0.5838863849639893,-0.11692272871732712,0.2952185869216919,0.5290911197662354,-0.12487637996673584
pinza_izquierda,0.3880062401294708,0.8582070469856262,3.290805068445479e-07,0.4457184076309204,0.8455557227134705,-0.02548634633421898,0.5023050308227539,0.7951077222824097,-0.04961659759283066,0.5347874164581299,0.760280966758728,-0.07228808850049973,0.5111585259437561,0.7385926246643066,-0.09328574687242508,0.47342443466186523,0.6553813815116882,-0.02949513867497444,0.4966716170310974,0.5753509402275085,-0.05665804073214531,0.523026704788208,0.5410463809967041,-0.0744762122631073,0.5498652458190918,0.5091429352760315,-0.08947046846151352,0.43245941400527954,0.6474727988243103,-0.042755644768476486,0.47446322441101074,0.5837516784667969,-0.10047741234302521,0.48981034755706787,0.6600717306137085,-0.12112091481685638,0.4984683394432068,0.7267981171607971,-0.11980373412370682,0.3882628083229065,0.6590137481689453,-0.060381852090358734,0.4086114764213562,0.5690778493881226,-0.10068082064390182,0.42707300186157227,0.5062495470046997,-0.12083565443754196,0.4430067837238312,0.4413449764251709,-0.12893281877040863,0.34656578302383423,0.6914793252944946,-0.0794178918004036,0.32256007194519043,0.6256608963012695,-0.10105590522289276,0.30480408668518066,0.5820870399475098,-0.10997603088617325,0.28832972049713135,0.5263102054595947,-0.11692578345537186
pinza_izquierda,0.352317750453949,0.7434432506561279,3.9156546449703455e-07,0.42971715331077576,0.7219705581665039,-0.04082351177930832,0.5016298294067383,0.6407266855239868,-0.07269836962223053,0.5373950004577637,0.570641815662384,-0.10135694593191147,0.49614694714546204,0.5192633867263794,-0.12707847356796265,0.47646403312683105,0.45260149240493774,-0.03615792840719223,0.5063589215278625,0.3360222578048706,-0.06671205163002014,0.5366443991661072,0.27012717723846436,-0.08512503653764725,0.5630446076393127,0.20777055621147156,-0.10234300792217255,0.4178878664970398,0.43383175134658813,-0.05009268969297409,0.4634937047958374,0.3401075005531311,-0.12617924809455872,0.48331740498542786,0.43969523906707764,-0.1515190601348877,0.4930300712585449,0.524771511554718,-0.14612902700901031,0.3567046523094177,0.44192954897880554,-0.07078860700130463,0.37202078104019165,0.31217801570892334,-0.12625090777873993,0.3897719383239746,0.2069140374660492,-0.1564793586730957,0.4043477475643158,0.10106179118156433,-0.16894936561584473,0.29811856150627136,0.48089101910591125,-0.09367558360099792,0.25547850131988525,0.388751357793808,-0.12553969025611877,0.22152480483055115,0.3306569457054138,-0.1396731287240982,0.1899082064628601,0.25806427001953125,-0.14990508556365967
pinza_izquierda,0.3511510491371155,0.7401496171951294,3.50229129253421e-07,0.4271795153617859,0.7193606495857239,-0.03784357011318207,0.4971509575843811,0.6282546520233154,-0.06435038894414902,0.524935245513916,0.555705189704895,-0.08815662562847137,0.4818519651889801,0.5042522549629211,-0.10934359580278397,0.471180260181427,0.44128209352493286,-0.025079863145947456,0.5035487413406372,0.32943224906921387,-0.051454104483127594,0.5309408903121948,0.2656455636024475,-0.06848082691431046,0.5545743703842163,0.2016306221485138,-0.08583573251962662,0.4114115238189697,0.42073744535446167,-0.03958786278963089,0.44951489567756653,0.3253353536128998,-0.11309274286031723,0.4668988585472107,0.42347094416618347,-0.14003528654575348,0.4770805835723877,0.5116074085235596,-0.13637666404247284,0.3493199050426483,0.43015915155410767,-0.06093759089708328,0.3597034811973572,0.3022390902042389,-0.11383020132780075,0.3771725296974182,0.19796916842460632,-0.14404109120368958,0.39422258734703064,0.09454226493835449,-0.15685276687145233,0.29095691442489624,0.4735430181026459,-0.08443885296583176,0.2441890388727188,0.38327521085739136,-0.11486954241991043,0.2114071249961853,0.32242751121520996,-0.1294781118631363,0.18307451903820038,0.24647881090641022,-0.1401778608560562
pinza_izquierda,0.3443834185600281,0.7353216409683228,3.2671755434421357e-07,0.41898468136787415,0.708794355392456,-0.03911655396223068,0.4853941798210144,0.6237028241157532,-0.06856465339660645,0.5167810320854187,0.5520967245101929,-0.09461582452058792,0.47871774435043335,0.4991215467453003,-0.11781712621450424,0.4644119143486023,0.43883031606674194,-0.03416291996836662,0.4914555549621582,0.32093268632888794,-0.062011007219552994,0.5184087157249451,0.25597983598709106,-0.07859998196363449,0.5403985381126404,0.192423015832901,-0.09460822492837906,0.40494588017463684,0.4211880564689636,-0.04731738939881325,0.44558075070381165,0.32034826278686523,-0.1184350773692131,0.4644625782966614,0.41663458943367004,-0.14212338626384735,0.4732615351676941,0.5015072822570801,-0.13658279180526733,0.34304332733154297,0.4293828308582306,-0.06684714555740356,0.35549238324165344,0.29968810081481934,-0.11736255884170532,0.3725966215133667,0.19390180706977844,-0.14552868902683258,0.387217253446579,0.08813443779945374,-0.15745005011558533,0.28373873233795166,0.46823009848594666,-0.08863620460033417,0.23935912549495697,0.37236589193344116,-0.1166326031088829,0.2064419984817505,0.3134092092514038,-0.12873196601867676,0.17591257393360138,0.24169643223285675,-0.13779804110527039
pinza_izquierda,0.3445543646812439,0.7280162572860718,3.218997335352469e-07,0.4199058413505554,0.7050395011901855,-0.03729347139596939,0.48848670721054077,0.6193196773529053,-0.06534549593925476,0.5215796232223511,0.5488039255142212,-0.09042450040578842,0.4827340245246887,0.49853628873825073,-0.11274878680706024,0.46801266074180603,0.4352630376815796,-0.030108913779258728,0.49693727493286133,0.3196580410003662,-0.057817164808511734,0.5256069302558899,0.2552075982093811,-0.0753166452050209,0.5487639904022217,0.19111374020576477,-0.09230092167854309,0.4091186225414276,0.41511270403862,-0.04426877945661545,0.44913649559020996,0.31526631116867065,-0.1169862225651741,0.46776193380355835,0.4123578369617462,-0.14236678183078766,0.4760516583919525,0.4971873462200165,-0.13773992657661438,0.3473951816558838,0.42187654972076416,-0.06483438611030579,0.3595840632915497,0.29269659519195557,-0.11739236861467361,0.37840375304222107,0.18688064813613892,-0.14732424914836884,0.39395684003829956,0.08104851841926575,-0.15996046364307404,0.28879261016845703,0.45991089940071106,-0.08735169470310211,0.24579258263111115,0.3646664619445801,-0.11711772531270981,0.21295605599880219,0.30523595213890076,-0.13044847548007965,0.18243753910064697,0.2318505048751831,-0.14024247229099274
pinza_izquierda,0.34417593479156494,0.7288029193878174,3.451879706517502e-07,0.42143115401268005,0.7062126398086548,-0.03945022448897362,0.4902247488498688,0.6226625442504883,-0.06833396852016449,0.5217372179031372,0.5507044792175293,-0.093707375228405,0.4819018840789795,0.4978049397468567,-0.11641909927129745,0.46811407804489136,0.44014972448349,-0.032801054418087006,0.4969225525856018,0.3252156674861908,-0.059324558824300766,0.5226627588272095,0.2599537670612335,-0.07538715749979019,0.542870044708252,0.19505903124809265,-0.0914648249745369,0.40892571210861206,0.4205775558948517,-0.04600992053747177,0.4491688013076782,0.31809279322624207,-0.11620461195707321,0.46803051233291626,0.41231489181518555,-0.14025038480758667,0.4770946502685547,0.4961567521095276,-0.1351853460073471,0.3467552065849304,0.42740100622177124,-0.06562328338623047,0.35917478799819946,0.2982047200202942,-0.1163308247923851,0.377791166305542,0.1938093900680542,-0.14557279646396637,0.3931195139884949,0.08916500210762024,-0.15809829533100128,0.2875506281852722,0.4653686583042145,-0.08739520609378815,0.2450028359889984,0.37063881754875183,-0.1158699095249176,0.21275009214878082,0.31262341141700745,-0.12865722179412842,0.18205596506595612,0.24132317304611206,-0.1382690817117691
pinza_izquierda,0.3442964255809784,0.7421988248825073,2.9999185358065006e-07,0.42134398221969604,0.7175952196121216,-0.03798673674464226,0.4881119728088379,0.634998083114624,-0.06667272001504898,0.5193135142326355,0.566125750541687,-0.09216807037591934,0.48496943712234497,0.5102236270904541,-0.11497627198696136,0.4698084592819214,0.44912850856781006,-0.03213352710008621,0.49833518266677856,0.3365004062652588,-0.06033221632242203,0.524519681930542,0.2706139087677002,-0.07768648117780685,0.545655369758606,0.20626819133758545,-0.09414195269346237,0.4097646474838257,0.4299437403678894,-0.045639876276254654,0.4489883482456207,0.3311132788658142,-0.11612499505281448,0.4683947265148163,0.42823371291160583,-0.14003871381282806,0.47842153906822205,0.5143235325813293,-0.13472919166088104,0.34779858589172363,0.4379584491252899,-0.06554048508405685,0.36189815402030945,0.30930185317993164,-0.11575671285390854,0.38111528754234314,0.20660191774368286,-0.14336422085762024,0.3971860706806183,0.10298123955726624,-0.15465866029262543,0.28867655992507935,0.4779336750507355,-0.08756902813911438,0.2472606599330902,0.3837127089500427,-0.11513189971446991,0.21720577776432037,0.3262079358100891,-0.12626613676548004,0.18870310485363007,0.25580981373786926,-0.1344328373670578
pinza_izquierda,0.588628888130188,0.7351093888282776,5.066863764113805e-07,0.6632500886917114,0.7175298929214478,-0.028536850586533546,0.7387908697128296,0.6443821787834167,-0.05658091977238655,0.7897677421569824,0.5944799184799194,-0.08451258391141891,0.7641957402229309,0.5658939480781555,-0.11135528981685638,0.6979455947875977,0.4718419015407562,-0.03123420663177967,0.7350857257843018,0.3626999258995056,-0.06263145059347153,0.7722857594490051,0.3069322407245636,-0.08476687222719193,0.8030408620834351,0.254508376121521,-0.1045566201210022,0.6517331600189209,0.4621414542198181,-0.0518384613096714,0.70493483543396,0.37499362230300903,-0.12572118639945984,0.7388415932655334,0.4596005976200104,-0.15514196455478668,0.7562487125396729,0.5369906425476074,-0.1553574651479721,0.6023079752922058,0.47794002294540405,-0.07741115242242813,0.6235514283180237,0.3582451343536377,-0.1286344677209854,0.6510917544364929,0.26882168650627136,-0.1563403606414795,0.6722670793533325,0.18032562732696533,-0.16808316111564636,0.5545114278793335,0.5219395160675049,-0.10484407842159271,0.5220537185668945,0.44243013858795166,-0.13310611248016357,0.4991739094257355,0.3860376179218292,-0.1452580839395523,0.47494664788246155,0.3174521327018738,-0.1545325070619583
pinza_izquierda,0.6001526713371277,0.7146996855735779,4.928303383167076e-07,0.6727807521820068,0.6919721961021423,-0.027419686317443848,0.7447103261947632,0.6214693188667297,-0.05822230130434036,0.7929297685623169,0.5724608898162842,-0.08942126482725143,0.7744040489196777,0.5299948453903198,-0.1195453330874443,0.704031765460968,0.44525790214538574,-0.03235524892807007,0.7401273846626282,0.3326740264892578,-0.06859154254198074,0.7805802226066589,0.27583828568458557,-0.09469141066074371,0.8133966326713562,0.22512170672416687,-0.1160811111330986,0.6596776247024536,0.43591001629829407,-0.05430134758353233,0.7163158059120178,0.3509102761745453,-0.13299551606178284,0.7511706948280334,0.4349670112133026,-0.16601283848285675,0.7683870196342468,0.5067621469497681,-0.1679045706987381,0.6116130352020264,0.45119351148605347,-0.08111084252595901,0.6360428333282471,0.33305615186691284,-0.1362835168838501,0.666300892829895,0.23716244101524353,-0.16599562764167786,0.6878794431686401,0.14247208833694458,-0.17841991782188416,0.5639168620109558,0.4934041202068329,-0.10929004848003387,0.5333876013755798,0.40689951181411743,-0.1400296986103058,0.5133836269378662,0.34437835216522217,-0.15194390714168549,0.49072593450546265,0.27167409658432007,-0.16017693281173706
pinza_izquierda,0.5941373109817505,0.7100650072097778,5.078927074464445e-07,0.6690307259559631,0.6902949810028076,-0.027508694678544998,0.7451320886611938,0.6184885501861572,-0.05660397931933403,0.7954189777374268,0.5675562024116516,-0.08592109382152557,0.7727258205413818,0.5271239280700684,-0.11396635323762894,0.7033484578132629,0.4447099268436432,-0.029275614768266678,0.7438426613807678,0.33308547735214233,-0.06275125592947006,0.782983124256134,0.27648061513900757,-0.08662457019090652,0.8138750791549683,0.2242942452430725,-0.10647664219141006,0.6588845252990723,0.43387842178344727,-0.05028785765171051,0.7170453071594238,0.34696075320243835,-0.12630443274974823,0.7517151832580566,0.4317007064819336,-0.15735523402690887,0.768665075302124,0.5071893334388733,-0.15774573385715485,0.6108628511428833,0.44701656699180603,-0.07625358551740646,0.6356707811355591,0.3275187015533447,-0.12860018014907837,0.6647659540176392,0.2327214479446411,-0.15641814470291138,0.6866560578346252,0.13993561267852783,-0.16744552552700043,0.5636144876480103,0.4877106547355652,-0.10379152745008469,0.5366834402084351,0.3994910717010498,-0.13070480525493622,0.5193246603012085,0.33467382192611694,-0.1406114399433136,0.499551922082901,0.26099252700805664,-0.14783863723278046
pinza_izquierda,0.600054144859314,0.719074010848999,5.375613909563981e-07,0.6731718182563782,0.698451042175293,-0.028579508885741234,0.7477909922599792,0.6281446814537048,-0.05875809118151665,0.7982895374298096,0.5816339254379272,-0.08948826044797897,0.7784461975097656,0.5399550199508667,-0.11903693526983261,0.7052334547042847,0.4518568813800812,-0.028851311653852463,0.7458442449569702,0.3437613844871521,-0.0629567876458168,0.7840205430984497,0.2866673469543457,-0.08785698562860489,0.8130166530609131,0.23273766040802002,-0.10874363780021667,0.6614620089530945,0.4427194595336914,-0.05014822259545326,0.7200266718864441,0.3582361936569214,-0.12671077251434326,0.7571276426315308,0.44211676716804504,-0.15954844653606415,0.7745702266693115,0.5161813497543335,-0.1616574078798294,0.6150156855583191,0.4574218690395355,-0.07661300897598267,0.6386010646820068,0.33602476119995117,-0.12883463501930237,0.6653618216514587,0.24189183115959167,-0.15712970495224,0.6836966276168823,0.14837995171546936,-0.16885583102703094,0.569011926651001,0.49991342425346375,-0.10497333109378815,0.5442813634872437,0.41267210245132446,-0.13280022144317627,0.5281700491905212,0.34677770733833313,-0.14385013282299042,0.5085569024085999,0.27121007442474365,-0.15197142958641052
pinza_izquierda,0.6021266579627991,0.7221477627754211,3.878313634686492e-07,0.6755900382995605,0.7018607258796692,-0.03135770559310913,0.7476197481155396,0.6324982643127441,-0.06264083832502365,0.7994287014007568,0.5838726162910461,-0.09372136741876602,0.7795043587684631,0.5444841384887695,-0.12329898029565811,0.7085793614387512,0.4543572664260864,-0.03788331523537636,0.7341610789299011,0.33575230836868286,-0.07326783984899521,0.7579075694084167,0.26639294624328613,-0.09843645244836807,0.7699747085571289,0.20241227746009827,-0.11999712884426117,0.664318323135376,0.4487689137458801,-0.0574539452791214,0.7158254384994507,0.36257535219192505,-0.13563328981399536,0.7535078525543213,0.4434641897678375,-0.16870936751365662,0.7707110643386841,0.5079894065856934,-0.17121680080890656,0.6182991862297058,0.46526244282722473,-0.081574447453022,0.6424934267997742,0.3419095277786255,-0.13454170525074005,0.6687964797019958,0.25479036569595337,-0.16072244942188263,0.6850627660751343,0.16413715481758118,-0.17077487707138062,0.5712857246398926,0.5072594285011292,-0.10798999667167664,0.5431474447250366,0.4215386211872101,-0.13890312612056732,0.5256295204162598,0.3587237596511841,-0.15096743404865265,0.505579948425293,0.2829258143901825,-0.1586286723613739
pinza_izquierda,0.595355749130249,0.7171178460121155,3.5549680887925206e-07,0.6665547490119934,0.6956741809844971,-0.02934735082089901,0.7375987768173218,0.6259878277778625,-0.05964586138725281,0.7898270487785339,0.5798358917236328,-0.09016110748052597,0.776309072971344,0.5367394089698792,-0.11882669478654861,0.7013987898826599,0.44924840331077576,-0.03397923707962036,0.7278146743774414,0.3309110999107361,-0.0675765722990036,0.7497363686561584,0.26125574111938477,-0.09113672375679016,0.7594754099845886,0.1967199146747589,-0.11129211634397507,0.6585014462471008,0.44343623518943787,-0.05373377725481987,0.7113869190216064,0.3606712818145752,-0.13026276230812073,0.7471327185630798,0.44584208726882935,-0.16041944921016693,0.7627967000007629,0.5162635445594788,-0.16010120511054993,0.6130511164665222,0.4578593969345093,-0.07813922315835953,0.6384595036506653,0.3340626358985901,-0.12976060807704926,0.6652873754501343,0.24537500739097595,-0.1528901606798172,0.6829224228858948,0.15408244729042053,-0.16034115850925446,0.5657702088356018,0.4973149597644806,-0.1047423779964447,0.5374851226806641,0.41096407175064087,-0.13363994657993317,0.5197093486785889,0.3476816713809967,-0.14265690743923187,0.49983808398246765,0.2732308506965637,-0.14779730141162872
pinza_izquierda,0.592074990272522,0.7160458564758301,3.472839580354048e-07,0.6630677580833435,0.6929213404655457,-0.031210819259285927,0.7330590486526489,0.6240783333778381,-0.061603646725416183,0.7839714884757996,0.5767827033996582,-0.09160611778497696,0.7691556811332703,0.5278324484825134,-0.11998578161001205,0.6945984959602356,0.45008134841918945,-0.03877444565296173,0.7227747440338135,0.33260390162467957,-0.07337141036987305,0.7476044297218323,0.2635350227355957,-0.09865353256464005,0.7600557804107666,0.1990167796611786,-0.12027828395366669,0.6526065468788147,0.4448901414871216,-0.05740797519683838,0.7035589218139648,0.3613129258155823,-0.1337445080280304,0.7402235269546509,0.4378727376461029,-0.16752192378044128,0.7555557489395142,0.49903249740600586,-0.17160004377365112,0.6089382767677307,0.45997580885887146,-0.08023495227098465,0.6334534883499146,0.33769935369491577,-0.1304953247308731,0.6586650609970093,0.25218015909194946,-0.15502144396305084,0.6729253530502319,0.16492033004760742,-0.1648063212633133,0.562606155872345,0.4994787275791168,-0.1055796667933464,0.5344263315200806,0.41253185272216797,-0.13550834357738495,0.5175641179084778,0.348536878824234,-0.1471070796251297,0.4991381764411926,0.2727556824684143,-0.15434671938419342
pinza_izquierda,0.590477705001831,0.7229301333427429,4.073268371485028e-07,0.6622651815414429,0.7029529213905334,-0.029322244226932526,0.7322373986244202,0.62964928150177,-0.05849039927124977,0.7807033658027649,0.5811465978622437,-0.0884496420621872,0.7644685506820679,0.5387160778045654,-0.11737746745347977,0.6903344392776489,0.4604750871658325,-0.030405651777982712,0.7176913619041443,0.34108400344848633,-0.06388936191797256,0.7422486543655396,0.2734583020210266,-0.08743156492710114,0.7547616958618164,0.2104274034500122,-0.106422059237957,0.6485454440116882,0.4544818103313446,-0.049046698957681656,0.6990891695022583,0.3666074275970459,-0.12401479482650757,0.7348812818527222,0.44513729214668274,-0.15436790883541107,0.7494579553604126,0.5104724764823914,-0.1546727418899536,0.6041077971458435,0.46578314900398254,-0.07268760353326797,0.629212498664856,0.33961111307144165,-0.1213565468788147,0.6548815965652466,0.25088220834732056,-0.14316295087337494,0.6695709824562073,0.16336530447006226,-0.14980192482471466,0.5582973957061768,0.49915894865989685,-0.098788782954216,0.5494449138641357,0.40255308151245117,-0.12312257289886475,0.5470207929611206,0.3330020606517792,-0.1303786337375641,0.5388530492782593,0.25628572702407837,-0.13487443327903748
pinza_izquierda,0.580473005771637,0.7177651524543762,4.386845660064864e-07,0.6532666087150574,0.6986874341964722,-0.02971581742167473,0.7232024669647217,0.6287876963615417,-0.05984300747513771,0.7716943621635437,0.5834105014801025,-0.0910467579960823,0.7575060129165649,0.5368316769599915,-0.12101450562477112,0.6840068697929382,0.45758286118507385,-0.028722234070301056,0.7129398584365845,0.3390429615974426,-0.06147940084338188,0.7382925748825073,0.27344948053359985,-0.08517012745141983,0.7506593465805054,0.2128860354423523,-0.10465019196271896,0.6413673162460327,0.45112374424934387,-0.047939643263816833,0.6938649415969849,0.3637682795524597,-0.12239141017198563,0.7292423248291016,0.44305819272994995,-0.15331551432609558,0.7433615922927856,0.5108048319816589,-0.1543111652135849,0.5963641405105591,0.4615921974182129,-0.07235996425151825,0.6215097904205322,0.3375089466571808,-0.11976136267185211,0.6480975151062012,0.2484758049249649,-0.14143997430801392,0.6642677783966064,0.1604883372783661,-0.14866945147514343,0.550116240978241,0.4957345724105835,-0.09952573478221893,0.5381441116333008,0.40270718932151794,-0.12341909855604172,0.5332496166229248,0.3334287106990814,-0.13052794337272644,0.5232510566711426,0.2561792731285095,-0.13523830473423004
pinza_izquierda,0.7087799906730652,0.8064374923706055,6.960019049984112e-07,0.7976192235946655,0.7888479828834534,-0.04196075722575188,0.88140469789505,0.7258825302124023,-0.08520445227622986,0.9453297853469849,0.6907941699028015,-0.1272033303976059,0.9392369985580444,0.6484606266021729,-0.16709168255329132,0.8487372398376465,0.5199532508850098,-0.05943383276462555,0.8992630839347839,0.3824743926525116,-0.10498262941837311,0.9439800977706909,0.3059014081954956,-0.13636450469493866,0.9757303595542908,0.23485952615737915,-0.1624283790588379,0.7928486466407776,0.5078068971633911,-0.08189691603183746,0.8617130517959595,0.43203186988830566,-0.17550884187221527,0.9047919511795044,0.5307462811470032,-0.21234482526779175,0.9246464967727661,0.6184177994728088,-0.2144472599029541,0.7340032458305359,0.5236477255821228,-0.11001213639974594,0.7591052651405334,0.39509081840515137,-0.17490790784358978,0.7958750128746033,0.29056745767593384,-0.20651212334632874,0.8235259056091309,0.18149834871292114,-0.21984796226024628,0.6769776940345764,0.574783980846405,-0.14088687300682068,0.6397159695625305,0.48816221952438354,-0.1761351078748703,0.6126710176467896,0.4221089482307434,-0.18709111213684082,0.5843251943588257,0.3421752452850342,-0.195074662566185
pinza_izquierda,0.6942764520645142,0.8081376552581787,7.12690507498337e-07,0.7821537256240845,0.7921057939529419,-0.04468577727675438,0.8638362288475037,0.7311182022094727,-0.08918029069900513,0.9266775846481323,0.6970375776290894,-0.1319505125284195,0.923671543598175,0.6544927954673767,-0.1725146323442459,0.8325107097625732,0.5256826281547546,-0.06128963828086853,0.8840726613998413,0.38928765058517456,-0.10674213618040085,0.9283460974693298,0.3128206729888916,-0.13829553127288818,0.9591483473777771,0.24323034286499023,-0.16453677415847778,0.7765693664550781,0.5147676467895508,-0.08288557827472687,0.8463674783706665,0.4393840730190277,-0.17617200314998627,0.8880817890167236,0.5382363796234131,-0.21324263513088226,0.906426191329956,0.6261724829673767,-0.2154526263475418,0.7186338901519775,0.5314813852310181,-0.11037452518939972,0.7435302734375,0.4011058807373047,-0.17447981238365173,0.7788048982620239,0.29598671197891235,-0.20643079280853271,0.8049131631851196,0.18565738201141357,-0.22026443481445312,0.6633366346359253,0.5835968255996704,-0.1409338265657425,0.6251760125160217,0.49916911125183105,-0.17525562644004822,0.5987816452980042,0.4332621097564697,-0.18614304065704346,0.5705959796905518,0.353791743516922,-0.19436079263687134
pinza_izquierda,0.6883119940757751,0.7974925637245178,7.228871936604264e-07,0.7749766111373901,0.780647873878479,-0.04470737650990486,0.8545483350753784,0.7194830775260925,-0.08766579627990723,0.9158517122268677,0.6862650513648987,-0.1285293996334076,0.9115408658981323,0.6381411552429199,-0.1672411412000656,0.8209776282310486,0.516806960105896,-0.0626971572637558,0.8736159205436707,0.3798525333404541,-0.10698316991329193,0.9182631969451904,0.30549395084381104,-0.1374497264623642,0.9511182308197021,0.23613661527633667,-0.1631876528263092,0.7643391489982605,0.5058050751686096,-0.08362122625112534,0.8317023515701294,0.42479559779167175,-0.1743486076593399,0.8748679161071777,0.5208694338798523,-0.21218425035476685,0.894862711429596,0.6083813905715942,-0.2163023054599762,0.7066154479980469,0.5231836438179016,-0.11018849164247513,0.728846549987793,0.3928638994693756,-0.17312198877334595,0.763680636882782,0.2878657579421997,-0.2081156224012375,0.7888549566268921,0.1791110634803772,-0.224859356880188,0.6529276371002197,0.5759496688842773,-0.1396586298942566,0.6162508130073547,0.4906580448150635,-0.1741800308227539,0.5910665988922119,0.4254569709300995,-0.18802385032176971,0.5624746084213257,0.3479575514793396,-0.19899237155914307
pinza_izquierda,0.6783391237258911,0.7871531248092651,7.593441750941565e-07,0.7630666494369507,0.7726296186447144,-0.043750613927841187,0.8441661596298218,0.712165355682373,-0.08636939525604248,0.9052051305770874,0.6791808605194092,-0.12748365104198456,0.901795506477356,0.6302908062934875,-0.1667635589838028,0.812712550163269,0.5103102326393127,-0.06003546342253685,0.8666042685508728,0.37554100155830383,-0.1025654599070549,0.9116764068603516,0.3023797273635864,-0.13249507546424866,0.9441300630569458,0.23482245206832886,-0.1583622843027115,0.7576193809509277,0.49871110916137695,-0.08168184757232666,0.8251332640647888,0.4203563332557678,-0.17019212245941162,0.8682503700256348,0.5151413083076477,-0.20858925580978394,0.8868451714515686,0.6004457473754883,-0.2142803817987442,0.7005026936531067,0.5155386328697205,-0.10885945707559586,0.7246482968330383,0.3834618330001831,-0.17077529430389404,0.760272204875946,0.2818853557109833,-0.20611408352851868,0.7850047945976257,0.17664533853530884,-0.22383511066436768,0.6461402177810669,0.5679368376731873,-0.13887643814086914,0.6125507354736328,0.4821368157863617,-0.17374297976493835,0.5891590714454651,0.4161261320114136,-0.18843235075473785,0.5607661604881287,0.33850744366645813,-0.20039241015911102
pinza_izquierda,0.6756618618965149,0.7718713879585266,7.131260417736485e-07,0.7614132165908813,0.7570599317550659,-0.044012006372213364,0.8416520357131958,0.7009806036949158,-0.08732549846172333,0.9032303690910339,0.6710692644119263,-0.1287398338317871,0.9064189195632935,0.6184079647064209,-0.16780664026737213,0.8142039775848389,0.5004291534423828,-0.060635700821876526,0.8702124953269958,0.3684390187263489,-0.10471562296152115,0.914885938167572,0.29567259550094604,-0.13540206849575043,0.9474205374717712,0.2286401391029358,-0.16118428111076355,0.7606568336486816,0.4868618845939636,-0.08140705525875092,0.8300377130508423,0.40852800011634827,-0.17200887203216553,0.8704981803894043,0.5058348774909973,-0.20963765680789948,0.8888577222824097,0.5930673480033875,-0.21334506571292877,0.7051535844802856,0.5005173683166504,-0.10778358578681946,0.7324020266532898,0.36987632513046265,-0.16956232488155365,0.770551323890686,0.26956555247306824,-0.20184339582920074,0.7993526458740234,0.16458776593208313,-0.21673335134983063,0.6515886783599854,0.5494394898414612,-0.13718509674072266,0.6184305548667908,0.4660190939903259,-0.17126528918743134,0.5963184237480164,0.3999396860599518,-0.18377526104450226,0.5717536211013794,0.32069820165634155,-0.19336755573749542
pinza_izquierda,0.6818231344223022,0.7560629844665527,7.474682206520811e-07,0.7651206254959106,0.7416631579399109,-0.04236329719424248,0.8461434841156006,0.683411180973053,-0.0838213562965393,0.9073183536529541,0.6503964066505432,-0.12411900609731674,0.9051778316497803,0.5974196195602417,-0.16247189044952393,0.8145427107810974,0.48440197110176086,-0.057994138449430466,0.8699232339859009,0.3511420488357544,-0.10013124346733093,0.914853572845459,0.27825164794921875,-0.12990523874759674,0.9467276334762573,0.212326318025589,-0.15532352030277252,0.7619324326515198,0.4706748425960541,-0.07897000759840012,0.8308055996894836,0.3960866928100586,-0.16581538319587708,0.8737469911575317,0.48680004477500916,-0.20355522632598877,0.8920520544052124,0.5697169899940491,-0.20912043750286102,0.7074244022369385,0.48448291420936584,-0.10529551655054092,0.7336626052856445,0.35629773139953613,-0.16586469113826752,0.7717281579971313,0.25685176253318787,-0.20002137124538422,0.7991860508918762,0.1568426787853241,-0.21699051558971405,0.6545408964157104,0.5327309966087341,-0.13452045619487762,0.6203756928443909,0.4500523805618286,-0.16936370730400085,0.5977330803871155,0.3832903802394867,-0.18424570560455322,0.5718849897384644,0.3061174750328064,-0.19590871036052704
pinza_izquierda,0.6854928731918335,0.754342257976532,7.154968102440762e-07,0.7690054774284363,0.7394031882286072,-0.04304821416735649,0.8477480411529541,0.6831807494163513,-0.08500336855649948,0.9076160788536072,0.6517173647880554,-0.12520207464694977,0.9089422225952148,0.5993390679359436,-0.16342158615589142,0.8189806342124939,0.48527058959007263,-0.058811601251363754,0.8729647397994995,0.3533593416213989,-0.10069159418344498,0.9157695770263672,0.2811497449874878,-0.12962499260902405,0.9469579458236694,0.21418330073356628,-0.15439467132091522,0.7668764591217041,0.4720705449581146,-0.07884084433317184,0.8327264189720154,0.3937723636627197,-0.16591303050518036,0.8749905824661255,0.4862784445285797,-0.2025948017835617,0.895136296749115,0.5703209042549133,-0.206778883934021,0.7119904160499573,0.4865173399448395,-0.10417990386486053,0.7380585074424744,0.3594371974468231,-0.16320614516735077,0.7748706340789795,0.26311826705932617,-0.19451101124286652,0.8029772043228149,0.16148599982261658,-0.20959177613258362,0.6585375070571899,0.5354042053222656,-0.1325625777244568,0.6268771886825562,0.45783501863479614,-0.16659532487392426,0.6055885553359985,0.3950050473213196,-0.1798795908689499,0.5816980600357056,0.3180675506591797,-0.19011709094047546
pinza_izquierda,0.6811708807945251,0.739978551864624,7.130950621103693e-07,0.7646392583847046,0.7234300971031189,-0.03959782421588898,0.8453531265258789,0.6626155376434326,-0.08030631393194199,0.9061607122421265,0.6263379454612732,-0.12011142820119858,0.9000518918037415,0.578018069267273,-0.1580033302307129,0.8143090605735779,0.46667081117630005,-0.05609766021370888,0.8665205836296082,0.33225464820861816,-0.09805823862552643,0.9109086990356445,0.25809457898139954,-0.1272248774766922,0.942162036895752,0.1914289891719818,-0.15209729969501495,0.7625317573547363,0.4550453722476959,-0.07792038470506668,0.8302871584892273,0.38296476006507874,-0.16505861282348633,0.8727014064788818,0.47239845991134644,-0.20073440670967102,0.8912045359611511,0.5513524413108826,-0.20462845265865326,0.7082363963127136,0.4708516597747803,-0.10498054325580597,0.7343682646751404,0.34362664818763733,-0.16600579023361206,0.7692399621009827,0.24521368741989136,-0.19720114767551422,0.7943111062049866,0.14289242029190063,-0.21197845041751862,0.6551317572593689,0.5201324820518494,-0.13472239673137665,0.6207081079483032,0.4391309916973114,-0.17077261209487915,0.5959645509719849,0.37525618076324463,-0.18402259051799774,0.5689774751663208,0.2978315055370331,-0.1939971148967743
pinza_izquierda,0.6813867688179016,0.7444726228713989,6.76054185078101e-07,0.7667978405952454,0.7283888459205627,-0.038214053958654404,0.8459389209747314,0.6684374809265137,-0.07809175550937653,0.9050368070602417,0.6338168382644653,-0.1170203760266304,0.9006972312927246,0.5861417651176453,-0.1541217714548111,0.8162682056427002,0.4709791839122772,-0.05628776550292969,0.8682076334953308,0.33586299419403076,-0.09920677542686462,0.9123857021331787,0.26249778270721436,-0.12895908951759338,0.9437382221221924,0.19666200876235962,-0.1540171056985855,0.7642806172370911,0.45922407507896423,-0.07869871705770493,0.8312789797782898,0.38663098216056824,-0.16653399169445038,0.871170699596405,0.4779893755912781,-0.20143043994903564,0.888774037361145,0.5580878853797913,-0.20438571274280548,0.7095440626144409,0.47508037090301514,-0.10634264349937439,0.735285758972168,0.3484315276145935,-0.16766932606697083,0.770948052406311,0.2506374418735504,-0.19827710092067719,0.7981582283973694,0.14750078320503235,-0.2124752402305603,0.6568200588226318,0.5249509215354919,-0.13652180135250092,0.6203305721282959,0.44578832387924194,-0.17254586517810822,0.5965646505355835,0.38215532898902893,-0.18514347076416016,0.5718575119972229,0.3042004406452179,-0.19447675347328186
pinza_izquierda,0.17812800407409668,0.6216918230056763,1.320502320822925e-07,0.240200012922287,0.5969609022140503,-0.05133813992142677,0.2776646018028259,0.5216183066368103,-0.07832315564155579,0.2553400993347168,0.4586995840072632,-0.09809114784002304,0.21208947896957397,0.41149845719337463,-0.11552293598651886,0.2723061740398407,0.3656389117240906,-0.03839682787656784,0.2855602502822876,0.28258976340293884,-0.06825627386569977,0.28681790828704834,0.2256205826997757,-0.08928875625133514,0.2821490466594696,0.1711098998785019,-0.10516554862260818,0.21763528883457184,0.3467308282852173,-0.036663949489593506,0.20968034863471985,0.2528306841850281,-0.09527775645256042,0.20917215943336487,0.3216922879219055,-0.11677049100399017,0.21234101057052612,0.38694190979003906,-0.11398456990718842,0.1635841578245163,0.35165292024612427,-0.042492177337408066,0.15625730156898499,0.23358558118343353,-0.08422019332647324,0.15848729014396667,0.15199007093906403,-0.10404366999864578,0.16154372692108154,0.07154190540313721,-0.10909908264875412,0.11382053792476654,0.37921762466430664,-0.051750700920820236,0.10494181513786316,0.2794709801673889,-0.07189585268497467,0.10624419897794724,0.2188018560409546,-0.07732154428958893,0.10631033033132553,0.15185227990150452,-0.0798841267824173
pinza_izquierda,0.16602294147014618,0.6249644756317139,2.248075787747439e-07,0.22714459896087646,0.598686933517456,-0.05797644332051277,0.2630833387374878,0.5239797234535217,-0.08882268518209457,0.24085184931755066,0.4626377522945404,-0.11115582287311554,0.1981687694787979,0.4147007465362549,-0.13023358583450317,0.25732606649398804,0.3590797185897827,-0.04947226122021675,0.27624961733818054,0.2572528123855591,-0.0812980905175209,0.28487929701805115,0.18790902197360992,-0.10129016637802124,0.28825926780700684,0.12278670072555542,-0.11600358039140701,0.2009538859128952,0.3450304865837097,-0.04507598653435707,0.19171415269374847,0.2533741295337677,-0.10634095221757889,0.19093158841133118,0.3277389705181122,-0.12508444488048553,0.1962563693523407,0.39552953839302063,-0.11937257647514343,0.14698919653892517,0.3521204888820648,-0.04873916879296303,0.13419027626514435,0.23914834856987,-0.09199129790067673,0.13359767198562622,0.15923164784908295,-0.10971719026565552,0.1350821554660797,0.0763733983039856,-0.11299410462379456,0.09880294650793076,0.38126203417778015,-0.05664164945483208,0.08457627147436142,0.28346753120422363,-0.07776671648025513,0.08143974095582962,0.22359679639339447,-0.08280915021896362,0.07800643146038055,0.153692364692688,-0.08475662022829056
pinza_izquierda,0.17275796830654144,0.6173209547996521,2.1869419697395642e-07,0.23465189337730408,0.5909318327903748,-0.05840344354510307,0.27119362354278564,0.5155422687530518,-0.08866669237613678,0.249091237783432,0.45423245429992676,-0.11031218618154526,0.20580345392227173,0.4083143472671509,-0.12877419590950012,0.26526495814323425,0.35511818528175354,-0.0491819903254509,0.28487861156463623,0.25561049580574036,-0.08076013624668121,0.293264240026474,0.18611815571784973,-0.10030169785022736,0.2967635989189148,0.12185487151145935,-0.11484795063734055,0.2095070630311966,0.3405546247959137,-0.04473128914833069,0.20118224620819092,0.24682743847370148,-0.10552839934825897,0.19992190599441528,0.3206656575202942,-0.12391969561576843,0.20465630292892456,0.38877496123313904,-0.11807820200920105,0.1555383950471878,0.3468303084373474,-0.04855199158191681,0.14391514658927917,0.23330698907375336,-0.09162764251232147,0.14343556761741638,0.15377669036388397,-0.1099671721458435,0.14499087631702423,0.07224547863006592,-0.11383143812417984,0.10665508359670639,0.3750258982181549,-0.056738849729299545,0.09230174124240875,0.27750080823898315,-0.07839900255203247,0.08912017196416855,0.21730947494506836,-0.08472252637147903,0.08546804636716843,0.14783667027950287,-0.08774125576019287
pinza_izquierda,0.17817848920822144,0.6194109916687012,1.7786975092803914e-07,0.23843616247177124,0.5938905477523804,-0.054360486567020416,0.2749637961387634,0.5201877951622009,-0.0827532634139061,0.2484470009803772,0.4621835947036743,-0.10272207856178284,0.2042943388223648,0.4209982454776764,-0.11929324269294739,0.2659626007080078,0.3586390018463135,-0.04923653602600098,0.28462475538253784,0.25779590010643005,-0.08164335042238235,0.29200807213783264,0.18974341452121735,-0.10057619959115982,0.29431116580963135,0.12593623995780945,-0.11406412720680237,0.20898109674453735,0.34481385350227356,-0.04611325263977051,0.20243942737579346,0.252651572227478,-0.10754719376564026,0.2016785740852356,0.3291164040565491,-0.12456275522708893,0.20568469166755676,0.39801546931266785,-0.11721602082252502,0.15497271716594696,0.35155153274536133,-0.05072053149342537,0.14276456832885742,0.24004197120666504,-0.0944356769323349,0.14172737300395966,0.16246196627616882,-0.11122415214776993,0.14218293130397797,0.08075222373008728,-0.11330978572368622,0.106333427131176,0.38028594851493835,-0.05915280058979988,0.09069190174341202,0.28293031454086304,-0.08026601374149323,0.08717823028564453,0.22450341284275055,-0.08455955237150192,0.0826982632279396,0.1551045924425125,-0.08559533953666687
pinza_izquierda,0.17406386137008667,0.6215351819992065,2.3113960878617945e-07,0.2344268262386322,0.5972720384597778,-0.057833507657051086,0.2706412672996521,0.5252866744995117,-0.08897145092487335,0.25045764446258545,0.4650358259677887,-0.1115938276052475,0.20737142860889435,0.4188371002674103,-0.1309935599565506,0.26529133319854736,0.3633749485015869,-0.050578948110342026,0.2841135263442993,0.2645871639251709,-0.08252041786909103,0.2921867370605469,0.19709639251232147,-0.1016497015953064,0.29487812519073486,0.13411235809326172,-0.1155877336859703,0.20930472016334534,0.34933993220329285,-0.046572912484407425,0.20177285373210907,0.25791797041893005,-0.1084069088101387,0.20151370763778687,0.3337499499320984,-0.12634986639022827,0.2069568932056427,0.40227189660072327,-0.11967450380325317,0.15497809648513794,0.3552958369255066,-0.050642866641283035,0.14191916584968567,0.24534937739372253,-0.09428874403238297,0.14191491901874542,0.1664249300956726,-0.11188959330320358,0.14419975876808167,0.0842960774898529,-0.11487089097499847,0.10598346590995789,0.3828052282333374,-0.05894139036536217,0.0901266485452652,0.2862907648086548,-0.08027394860982895,0.08593765646219254,0.2264215052127838,-0.08551156520843506,0.08100727200508118,0.1565348505973816,-0.0875295102596283
pinza_izquierda,0.1766943484544754,0.6177226305007935,2.1675505479379353e-07,0.23725533485412598,0.5924786925315857,-0.05796516314148903,0.27312391996383667,0.5187774896621704,-0.08770035952329636,0.24950477480888367,0.4579213559627533,-0.10859890282154083,0.2059255838394165,0.41177865862846375,-0.12627065181732178,0.26549383997917175,0.35878539085388184,-0.04817382991313934,0.28191107511520386,0.2639504075050354,-0.07921642065048218,0.2887473404407501,0.1986154466867447,-0.09840480983257294,0.29077744483947754,0.1369231641292572,-0.11258656531572342,0.21038983762264252,0.3453807830810547,-0.04408945143222809,0.20052143931388855,0.2526918053627014,-0.10321742296218872,0.19970814883708954,0.32601243257522583,-0.12113530188798904,0.2045803815126419,0.39346185326576233,-0.11519238352775574,0.15659953653812408,0.3525318503379822,-0.04831544682383537,0.14228886365890503,0.24367168545722961,-0.0903325229883194,0.14047344028949738,0.16468602418899536,-0.10871492326259613,0.14062634110450745,0.0823819637298584,-0.11278357356786728,0.10771027952432632,0.3819262683391571,-0.056933242827653885,0.09007208794355392,0.28631722927093506,-0.07755176723003387,0.08548110723495483,0.22664067149162292,-0.0833837017416954,0.07968947291374207,0.1575012058019638,-0.08624166250228882
pinza_izquierda,0.1833411157131195,0.6128721237182617,1.817924157876405e-07,0.24202466011047363,0.5870516896247864,-0.05202798545360565,0.27877670526504517,0.5142149329185486,-0.07921364158391953,0.25542742013931274,0.4554640054702759,-0.09867694228887558,0.21302679181098938,0.41259273886680603,-0.11532706022262573,0.27035874128341675,0.35531678795814514,-0.04268783703446388,0.28628531098365784,0.2614986300468445,-0.072662353515625,0.29295772314071655,0.1963016837835312,-0.09110743552446365,0.2951113283634186,0.1334390938282013,-0.10489845275878906,0.21609368920326233,0.3400813043117523,-0.04103973135352135,0.20840495824813843,0.24601182341575623,-0.0986446738243103,0.20803090929985046,0.3203009366989136,-0.11558813601732254,0.21248459815979004,0.3896796405315399,-0.10923366248607635,0.16330507397651672,0.34732380509376526,-0.04725271463394165,0.1493898183107376,0.2375040501356125,-0.0884098932147026,0.14811491966247559,0.15883766114711761,-0.10618192702531815,0.1488892287015915,0.07756733894348145,-0.1100085973739624,0.1141515001654625,0.37734001874923706,-0.05723815783858299,0.0968821719288826,0.2815782427787781,-0.07733756303787231,0.09191560745239258,0.22209784388542175,-0.08250899612903595,0.0858544409275055,0.1527184695005417,-0.08507805317640305
pinza_izquierda,0.1857054978609085,0.6062533855438232,2.0554902846470213e-07,0.24303574860095978,0.5829277038574219,-0.05650033801794052,0.27681222558021545,0.5109959244728088,-0.08537279814481735,0.2539767324924469,0.45297732949256897,-0.10537934303283691,0.21138828992843628,0.4085087180137634,-0.12213467061519623,0.26867860555648804,0.3543968200683594,-0.04835585132241249,0.2849101722240448,0.2627241313457489,-0.07939029484987259,0.29016533493995667,0.19846200942993164,-0.09819172322750092,0.2912166714668274,0.13769403100013733,-0.11190210282802582,0.21488524973392487,0.33919209241867065,-0.04423762857913971,0.20524249970912933,0.24818596243858337,-0.10260206460952759,0.20445209741592407,0.320341020822525,-0.1192060261964798,0.20952904224395752,0.38725221157073975,-0.11239835619926453,0.16233938932418823,0.3452357351779938,-0.04833271726965904,0.14705777168273926,0.23581771552562714,-0.09035120904445648,0.1448463797569275,0.15735988318920135,-0.10825833678245544,0.14550434052944183,0.07528132200241089,-0.11188123375177383,0.11450453102588654,0.3732186555862427,-0.056521933525800705,0.09674683958292007,0.2794758081436157,-0.07723025232553482,0.0915846973657608,0.2208481878042221,-0.08295714855194092,0.08562599122524261,0.15211740136146545,-0.08566378802061081
pinza_izquierda,0.1864108443260193,0.8232115507125854,1.4144983140340628e-07,0.24075986444950104,0.8158344030380249,-0.042049236595630646,0.2836284339427948,0.7616974115371704,-0.06332094967365265,0.2728745937347412,0.7104006409645081,-0.07891489565372467,0.23812389373779297,0.6719087362289429,-0.09245304018259048,0.2802685499191284,0.6140203475952148,-0.029954269528388977,0.29525846242904663,0.5374529957771301,-0.05276370048522949,0.3019503355026245,0.4866907596588135,-0.06735775619745255,0.3053118884563446,0.4369504451751709,-0.07865660637617111,0.23249384760856628,0.5980958938598633,-0.029325639829039574,0.23060426115989685,0.5257135033607483,-0.07699999958276749,0.22894912958145142,0.5904207229614258,-0.09355848282575607,0.23010554909706116,0.6479532122612,-0.08981389552354813,0.18589434027671814,0.6014079451560974,-0.035001207143068314,0.18019157648086548,0.5082458853721619,-0.06876976042985916,0.18356353044509888,0.44383901357650757,-0.08389203250408173,0.18937963247299194,0.37542420625686646,-0.08708292990922928,0.1417420506477356,0.6250799894332886,-0.04380117729306221,0.1314781904220581,0.5432875156402588,-0.06076459586620331,0.13020288944244385,0.4945980906486511,-0.06514564901590347,0.12970706820487976,0.43450647592544556,-0.066858671605587
pinza_izquierda,0.187917098402977,0.8156949877738953,1.5451573176505917e-07,0.24167224764823914,0.8109313249588013,-0.04139571264386177,0.28591448068618774,0.7616367340087891,-0.0627969354391098,0.2793249487876892,0.7121787667274475,-0.07858508825302124,0.24453818798065186,0.679287850856781,-0.09237857162952423,0.28145891427993774,0.6147141456604004,-0.031976860016584396,0.2959003746509552,0.5402306914329529,-0.055276673287153244,0.3032352030277252,0.4914543628692627,-0.07026303559541702,0.30796027183532715,0.44203880429267883,-0.08214137703180313,0.23392748832702637,0.5980948209762573,-0.032311148941516876,0.2348109781742096,0.5251380801200867,-0.07825129479169846,0.23328042030334473,0.5863490104675293,-0.09409815073013306,0.23354335129261017,0.642055869102478,-0.09109723567962646,0.1872580498456955,0.6014912128448486,-0.03892601653933525,0.18226660788059235,0.5111834406852722,-0.07239621877670288,0.1845056414604187,0.44748950004577637,-0.08832833170890808,0.1889638751745224,0.38094407320022583,-0.09287148714065552,0.1427241563796997,0.6244180202484131,-0.04864223301410675,0.1293877363204956,0.5448160767555237,-0.06617982685565948,0.12602448463439941,0.4966314733028412,-0.07195840775966644,0.12342984974384308,0.43779027462005615,-0.075328029692173
pinza_izquierda,0.18829281628131866,0.8133262395858765,1.2291981477119407e-07,0.2414599061012268,0.8099169731140137,-0.041927825659513474,0.28603145480155945,0.7602001428604126,-0.06310875713825226,0.2798891067504883,0.7105767726898193,-0.07877592742443085,0.24444565176963806,0.6750142574310303,-0.09249398112297058,0.2829013466835022,0.6166654825210571,-0.031005647033452988,0.29554522037506104,0.5452988147735596,-0.054795991629362106,0.3019942343235016,0.4982163906097412,-0.07038522511720657,0.3071547746658325,0.4490378797054291,-0.08296206593513489,0.23457518219947815,0.5994791984558105,-0.031409554183483124,0.234792560338974,0.5271134376525879,-0.07929457724094391,0.23274639248847961,0.589042067527771,-0.09727120399475098,0.2330595999956131,0.6443495750427246,-0.09554668515920639,0.1872652769088745,0.6023560166358948,-0.03809703141450882,0.1826823651790619,0.5148178339004517,-0.0733628123998642,0.18392552435398102,0.4515431225299835,-0.09091195464134216,0.1864682137966156,0.38629162311553955,-0.09613456577062607,0.14265897870063782,0.6248699426651001,-0.04790875315666199,0.12807120382785797,0.5456017255783081,-0.06660677492618561,0.12296834588050842,0.4976400136947632,-0.07360635697841644,0.1179783046245575,0.439471572637558,-0.07767888158559799
pinza_izquierda,0.19198055565357208,0.8085165023803711,1.348654734556476e-07,0.24406902492046356,0.8063077330589294,-0.041909102350473404,0.28833651542663574,0.7592248916625977,-0.06322271376848221,0.27930980920791626,0.707610547542572,-0.07852133363485336,0.24482962489128113,0.6712530255317688,-0.09156069904565811,0.28361183404922485,0.6138190031051636,-0.032206881791353226,0.2963992953300476,0.5416796803474426,-0.05480973795056343,0.3022400438785553,0.4943126142024994,-0.0687209963798523,0.30668729543685913,0.44524747133255005,-0.08000347018241882,0.23587960004806519,0.596759557723999,-0.03201238811016083,0.2389966994524002,0.5253620743751526,-0.07781720161437988,0.2365080565214157,0.5881248712539673,-0.09295948594808578,0.2359829545021057,0.6442925930023193,-0.08930888772010803,0.18962132930755615,0.5995368361473083,-0.03805353119969368,0.1855696737766266,0.5122950077056885,-0.07169067114591599,0.1876601129770279,0.44965389370918274,-0.08717547357082367,0.19165900349617004,0.38457542657852173,-0.0912170559167862,0.14487823843955994,0.6209679841995239,-0.04716994985938072,0.13137555122375488,0.5420070886611938,-0.06490088254213333,0.12696799635887146,0.4953519105911255,-0.0705781951546669,0.12313171476125717,0.43794509768486023,-0.0736735612154007
pinza_izquierda,0.19104184210300446,0.815138041973114,1.4183093810515857e-07,0.24175620079040527,0.8109132051467896,-0.041547175496816635,0.28463947772979736,0.7631747126579285,-0.06300559639930725,0.2768191695213318,0.7145305871963501,-0.07846412062644958,0.24316979944705963,0.6815942525863647,-0.09163045138120651,0.2816007435321808,0.6184222102165222,-0.031760673969984055,0.29240286350250244,0.5470936894416809,-0.054118189960718155,0.2978227436542511,0.49947962164878845,-0.06828490644693375,0.3021112084388733,0.4506959319114685,-0.07988906651735306,0.23304925858974457,0.602124810218811,-0.031740110367536545,0.233970046043396,0.531029224395752,-0.07733175903558731,0.23186078667640686,0.594186544418335,-0.09237084537744522,0.23160144686698914,0.6515985727310181,-0.08870341628789902,0.18627992272377014,0.6056535840034485,-0.03796851262450218,0.17995798587799072,0.5193167924880981,-0.0710577443242073,0.18180125951766968,0.4576774835586548,-0.08641750365495682,0.18479636311531067,0.39390987157821655,-0.0904749408364296,0.1422710418701172,0.628048837184906,-0.0472777895629406,0.1285158097743988,0.5493035316467285,-0.06442303955554962,0.12371817976236343,0.5030192732810974,-0.06998404115438461,0.11857444047927856,0.4459128975868225,-0.07315292954444885
pinza_izquierda,0.19085437059402466,0.8101072311401367,1.557697970611116e-07,0.24339896440505981,0.8048367500305176,-0.040214844048023224,0.2860358655452728,0.7546812295913696,-0.06120765581727028,0.2752370834350586,0.7075744867324829,-0.07669927924871445,0.24048659205436707,0.6757429838180542,-0.09013837575912476,0.28029537200927734,0.6109212040901184,-0.030033815652132034,0.29176056385040283,0.5387714505195618,-0.05204082652926445,0.2979251742362976,0.4927409291267395,-0.06583330780267715,0.3014479875564575,0.44581806659698486,-0.0770011842250824,0.23157824575901031,0.5958250761032104,-0.030768834054470062,0.2325427532196045,0.5264101028442383,-0.07718759030103683,0.23275084793567657,0.5907219648361206,-0.09294191747903824,0.23411087691783905,0.6473877429962158,-0.08949565142393112,0.18451455235481262,0.6006183624267578,-0.03759441897273064,0.17871351540088654,0.5151983499526978,-0.07132244110107422,0.18122556805610657,0.45356374979019165,-0.08688010275363922,0.18484164774417877,0.3883877396583557,-0.09087610244750977,0.140375554561615,0.6248144507408142,-0.04731382802128792,0.12718139588832855,0.5465715527534485,-0.06468603014945984,0.12212120741605759,0.5002892017364502,-0.06979433447122574,0.11661829799413681,0.44248726963996887,-0.07248617708683014
pinza_izquierda,0.19428876042366028,0.8091975450515747,1.5244641815570503e-07,0.24644988775253296,0.8020674586296082,-0.03984784707427025,0.2907508611679077,0.7519193887710571,-0.061264682561159134,0.2818012237548828,0.703389048576355,-0.07745988667011261,0.24530857801437378,0.6742329001426697,-0.09178676456212997,0.284416139125824,0.6097337603569031,-0.029268784448504448,0.2941514849662781,0.53924560546875,-0.05220561474561691,0.30056747794151306,0.49299004673957825,-0.06742632389068604,0.30558905005455017,0.445285439491272,-0.07981505244970322,0.23607319593429565,0.593707799911499,-0.03095478191971779,0.23770928382873535,0.5212977528572083,-0.07675676792860031,0.23774586617946625,0.5828302502632141,-0.09312757104635239,0.2385675013065338,0.6386715173721313,-0.09076409786939621,0.18943503499031067,0.5979711413383484,-0.03883940726518631,0.1839306354522705,0.5120790004730225,-0.0719185397028923,0.1866624504327774,0.4498441219329834,-0.08782795071601868,0.19004084169864655,0.38597583770751953,-0.09262079745531082,0.14486053586006165,0.6217644810676575,-0.04981272295117378,0.1297929883003235,0.5435048341751099,-0.06657625734806061,0.12445180118083954,0.4962289333343506,-0.0718953087925911,0.11838246136903763,0.43910956382751465,-0.075284443795681
pinza_izquierda,0.18720488250255585,0.8022085428237915,1.3467304427194904e-07,0.24049507081508636,0.7973862290382385,-0.03730039671063423,0.28340280055999756,0.7481014132499695,-0.05657753720879555,0.27958905696868896,0.701858639717102,-0.07103472948074341,0.24471211433410645,0.6727493405342102,-0.08353254944086075,0.2791324257850647,0.6038140058517456,-0.024835990741848946,0.2898317575454712,0.5344852209091187,-0.04683385044336319,0.2962501347064972,0.4896201491355896,-0.06197093054652214,0.3000307083129883,0.44474929571151733,-0.07399602979421616,0.23108942806720734,0.588036298751831,-0.026650836691260338,0.23086203634738922,0.5160017013549805,-0.07101525366306305,0.23083780705928802,0.5767918229103088,-0.08764844387769699,0.23172912001609802,0.6327368021011353,-0.08551326394081116,0.18374700844287872,0.5920377969741821,-0.034451451152563095,0.17893946170806885,0.5079053640365601,-0.06625866889953613,0.18126201629638672,0.4473056197166443,-0.08224298059940338,0.1839231550693512,0.38561636209487915,-0.0868663489818573,0.13921256363391876,0.6156671047210693,-0.04509232938289642,0.1261567622423172,0.5390434861183167,-0.060616277158260345,0.12127748131752014,0.4931119382381439,-0.06531957536935806,0.11550077795982361,0.43823814392089844,-0.06797473132610321
pinza_izquierda,0.18477042019367218,0.8067868947982788,1.1585542125658321e-07,0.23803426325321198,0.8015322685241699,-0.037800341844558716,0.2817106544971466,0.7527774572372437,-0.057085733860731125,0.2744879126548767,0.7053128480911255,-0.07131750881671906,0.2406163513660431,0.674265444278717,-0.0836302638053894,0.2743868827819824,0.6073423027992249,-0.026704806834459305,0.2858039140701294,0.5407849550247192,-0.04981302469968796,0.2899659276008606,0.49616408348083496,-0.06510261446237564,0.2928102910518646,0.44943273067474365,-0.0767480805516243,0.22570227086544037,0.591285765171051,-0.0275181345641613,0.2244761437177658,0.5185492634773254,-0.07271604239940643,0.22377382218837738,0.5797337889671326,-0.08828449249267578,0.2255379855632782,0.6349725723266602,-0.0845620408654213,0.17830733954906464,0.5959159731864929,-0.0341733880341053,0.1732504516839981,0.508144736289978,-0.06747489422559738,0.17497771978378296,0.4471012353897095,-0.0821201354265213,0.1780261993408203,0.3837571144104004,-0.08469606935977936,0.13393613696098328,0.6205359101295471,-0.04350101202726364,0.1232031062245369,0.5424084067344666,-0.05951188877224922,0.11946447193622589,0.49719029664993286,-0.0628860741853714,0.11495077610015869,0.44233137369155884,-0.06379175186157227
pinza_izquierda,0.4349171221256256,0.8551101684570312,2.2554986855993775e-07,0.4872683584690094,0.8544532060623169,-0.033291663974523544,0.5306774377822876,0.8156207203865051,-0.056150902062654495,0.5427852869033813,0.7852206826210022,-0.07516369968652725,0.5126000046730042,0.7670005559921265,-0.09313216805458069,0.510753333568573,0.6810609698295593,-0.038137100636959076,0.5253760814666748,0.6164947152137756,-0.06509846448898315,0.540452241897583,0.586074709892273,-0.08126310259103775,0.5592847466468811,0.5505713224411011,-0.09365247935056686,0.47031480073928833,0.6714790463447571,-0.043278325349092484,0.4818088114261627,0.6146544814109802,-0.09358630329370499,0.4904986023902893,0.6824477910995483,-0.10972335189580917,0.49874716997146606,0.7398994565010071,-0.1076861023902893,0.4284651577472687,0.6816565990447998,-0.053345438092947006,0.43006008863449097,0.6062841415405273,-0.08960185199975967,0.4403741657733917,0.5550156235694885,-0.10587716847658157,0.4494498074054718,0.49918586015701294,-0.11073063313961029,0.39046841859817505,0.7076169848442078,-0.06541600078344345,0.3885039687156677,0.6384960412979126,-0.08235745131969452,0.39136195182800293,0.5962388515472412,-0.08848942816257477,0.3901944160461426,0.5458205938339233,-0.0933062955737114
pinza_izquierda,0.43162333965301514,0.8584848642349243,2.254493409736824e-07,0.4821849465370178,0.859054684638977,-0.03211800381541252,0.5244377851486206,0.8246768116950989,-0.05532214790582657,0.5407630801200867,0.7988593578338623,-0.07537198811769485,0.5154122114181519,0.7784329652786255,-0.0945185199379921,0.5105377435684204,0.6897076368331909,-0.038133975118398666,0.5267439484596252,0.6251053810119629,-0.06612665951251984,0.5422130823135376,0.5948317646980286,-0.08284970372915268,0.5621967315673828,0.5593867897987366,-0.09523002058267593,0.47156256437301636,0.6785961389541626,-0.043677784502506256,0.48479393124580383,0.6214997172355652,-0.09385049343109131,0.4924330711364746,0.6871283650398254,-0.10961180180311203,0.500398576259613,0.7416843175888062,-0.10726934671401978,0.43027040362358093,0.6870326399803162,-0.054054487496614456,0.43299293518066406,0.6125617623329163,-0.08971261233091354,0.44382214546203613,0.5631867051124573,-0.10459186881780624,0.454388290643692,0.5087450742721558,-0.10834561288356781,0.3921293020248413,0.7112141251564026,-0.06657154113054276,0.39079800248146057,0.6432960033416748,-0.08354555070400238,0.3941868543624878,0.6015816926956177,-0.08931510150432587,0.3946567475795746,0.5511487722396851,-0.09345900267362595
pinza_izquierda,0.43104803562164307,0.8543190360069275,2.2069542637837003e-07,0.48263096809387207,0.8558185696601868,-0.0318804569542408,0.5273310542106628,0.8191350698471069,-0.05436211824417114,0.5419580936431885,0.7906965017318726,-0.07319825887680054,0.5132182836532593,0.7734665870666504,-0.09106703847646713,0.5088453888893127,0.6853247284889221,-0.03858109191060066,0.525921106338501,0.6207379102706909,-0.06546349078416824,0.5420091152191162,0.5935531854629517,-0.08116841316223145,0.5631141066551208,0.5605807900428772,-0.09325885772705078,0.46960896253585815,0.675048828125,-0.04411732032895088,0.48338696360588074,0.619942843914032,-0.09471961855888367,0.4898300766944885,0.6891384720802307,-0.11034022271633148,0.4969334006309509,0.7464216351509094,-0.107917919754982,0.4282093346118927,0.6842427849769592,-0.05435594171285629,0.4313036799430847,0.6122433543205261,-0.09054914116859436,0.44263485074043274,0.5624994039535522,-0.10650580376386642,0.4535825550556183,0.5070215463638306,-0.11131121963262558,0.39031440019607544,0.7084001898765564,-0.06649824231863022,0.3895035982131958,0.6427974700927734,-0.08359824120998383,0.39231008291244507,0.6020174026489258,-0.09001513570547104,0.3922693729400635,0.5516322255134583,-0.0951526015996933
pinza_izquierda,0.42776957154273987,0.8487709164619446,2.427074434763199e-07,0.4789964556694031,0.8503605127334595,-0.03422784432768822,0.5222053527832031,0.8162954449653625,-0.058902524411678314,0.5387040376663208,0.7904127240180969,-0.07973890751600266,0.5122412443161011,0.7712799906730652,-0.09970708191394806,0.5070791840553284,0.6826198101043701,-0.04310537502169609,0.5251802206039429,0.6168067455291748,-0.0715884193778038,0.5412219166755676,0.5879199504852295,-0.08849471062421799,0.5612612962722778,0.5537716746330261,-0.10142272710800171,0.4675081968307495,0.6731957793235779,-0.04849494621157646,0.48128649592399597,0.6174200177192688,-0.10113545507192612,0.48872366547584534,0.6861897110939026,-0.11825401335954666,0.49631693959236145,0.7431538701057434,-0.11689682304859161,0.42580917477607727,0.6827759146690369,-0.05860814079642296,0.4293477535247803,0.6106604933738708,-0.09573978185653687,0.44108158349990845,0.5619301795959473,-0.11209065467119217,0.4520131051540375,0.5072800517082214,-0.11719560623168945,0.38798537850379944,0.7071502208709717,-0.07089079171419144,0.38756895065307617,0.6412999629974365,-0.08877275139093399,0.39078447222709656,0.5997844934463501,-0.09565849602222443,0.39085960388183594,0.5488495826721191,-0.10106928646564484
pinza_izquierda,0.4288128614425659,0.8459949493408203,2.517901691589941e-07,0.4796866178512573,0.8458714485168457,-0.03295088931918144,0.5208376049995422,0.8144411444664001,-0.05875522270798683,0.5396890044212341,0.792057454586029,-0.08139143139123917,0.5154728293418884,0.7712507247924805,-0.10341233015060425,0.5085185766220093,0.6787441968917847,-0.04459333419799805,0.5272015929222107,0.6108837127685547,-0.07363487035036087,0.542832612991333,0.5796976685523987,-0.09047547727823257,0.5616768002510071,0.5427561402320862,-0.10306242108345032,0.4693461060523987,0.6708922386169434,-0.05039966106414795,0.48254460096359253,0.6169140338897705,-0.10313624143600464,0.49104416370391846,0.6850880980491638,-0.119601309299469,0.4993671774864197,0.740606963634491,-0.11789389699697495,0.42807382345199585,0.6814007759094238,-0.06063953787088394,0.4306311011314392,0.610274076461792,-0.09768347442150116,0.44244053959846497,0.5634149312973022,-0.11288721859455109,0.45329123735427856,0.5108566284179688,-0.11713790148496628,0.3907279074192047,0.7055686712265015,-0.07294105738401413,0.38959991931915283,0.6394330263137817,-0.09064652770757675,0.39269664883613586,0.5987794399261475,-0.09683852642774582,0.3932982087135315,0.5488508343696594,-0.10156457871198654
pinza_izquierda,0.4283974766731262,0.8446239829063416,2.4161283818102675e-07,0.4778636693954468,0.8464127779006958,-0.033080603927373886,0.5206092000007629,0.8098206520080566,-0.05643199756741524,0.537977933883667,0.782112717628479,-0.07592680305242538,0.5105350613594055,0.7646346688270569,-0.09427707642316818,0.507519543170929,0.6794945597648621,-0.04120953753590584,0.5233661532402039,0.6104729771614075,-0.06807288527488708,0.5401073098182678,0.5789392590522766,-0.08357899636030197,0.5590243935585022,0.5418421626091003,-0.09510522335767746,0.46743524074554443,0.6691182255744934,-0.04623018205165863,0.4827316105365753,0.6149572730064392,-0.09797776490449905,0.48883941769599915,0.6871601939201355,-0.11338047683238983,0.4935833513736725,0.7457248568534851,-0.10998900979757309,0.4250391125679016,0.6763757467269897,-0.055808279663324356,0.42846041917800903,0.6060777306556702,-0.09193036705255508,0.4403243660926819,0.5567443370819092,-0.10726600140333176,0.45032060146331787,0.5019117593765259,-0.11120534688234329,0.3863368630409241,0.6969738602638245,-0.06743024289608002,0.3858952522277832,0.6279719471931458,-0.0829770416021347,0.387969434261322,0.5872218608856201,-0.08746479451656342,0.3863120377063751,0.5377628207206726,-0.09104883670806885
pinza_izquierda,0.4169214963912964,0.6086066365242004,2.3829764472793613e-07,0.47691842913627625,0.5843615531921387,-0.02977583184838295,0.5207005739212036,0.5048693418502808,-0.04908264800906181,0.5366944074630737,0.4407736659049988,-0.06708500534296036,0.5055908560752869,0.39217647910118103,-0.08369459211826324,0.5009682178497314,0.3631497919559479,-0.014401757158339024,0.5255070328712463,0.27154913544654846,-0.03678754344582558,0.5430296659469604,0.214743971824646,-0.051779016852378845,0.5560799241065979,0.15875232219696045,-0.06405846774578094,0.456635445356369,0.34940752387046814,-0.023384323343634605,0.467945396900177,0.25440430641174316,-0.07635074108839035,0.4826914072036743,0.3206425905227661,-0.0948266014456749,0.4940316081047058,0.38492777943611145,-0.09005483239889145,0.41130951046943665,0.3559253215789795,-0.03814706951379776,0.4127282202243805,0.24642056226730347,-0.07180364429950714,0.4258328080177307,0.1681893765926361,-0.0858369916677475,0.4373525083065033,0.09321704506874084,-0.0885610282421112,0.3675658702850342,0.3853636682033539,-0.05568556487560272,0.3568374514579773,0.29660120606422424,-0.07027577608823776,0.3555275797843933,0.2373301386833191,-0.07284095883369446,0.35219407081604004,0.1735273152589798,-0.07419827580451965
pinza_izquierda,0.415138304233551,0.609011173248291,2.9109554589012987e-07,0.4748832881450653,0.5846269130706787,-0.03112133778631687,0.5183863639831543,0.5066735744476318,-0.05175472050905228,0.5344266295433044,0.44313526153564453,-0.07112731784582138,0.505272388458252,0.39101266860961914,-0.08926185965538025,0.4987851679325104,0.36252361536026,-0.014845541678369045,0.5231037735939026,0.27087074518203735,-0.036618947982788086,0.5399351119995117,0.21437959372997284,-0.05107321962714195,0.552163302898407,0.15863940119743347,-0.06302042305469513,0.4540523290634155,0.3482349216938019,-0.023305783048272133,0.4657363295555115,0.25616851449012756,-0.07522401213645935,0.4809816777706146,0.3251609802246094,-0.09298384189605713,0.49323680996894836,0.3908858001232147,-0.08806782960891724,0.4087334871292114,0.3544543385505676,-0.037670962512493134,0.4099198579788208,0.24456292390823364,-0.06966821104288101,0.42277809977531433,0.1683742254972458,-0.08205970376729965,0.43456780910491943,0.09491834044456482,-0.08415538817644119,0.3649143576622009,0.38422131538391113,-0.05505369231104851,0.35720330476760864,0.29459354281425476,-0.0680321753025055,0.35864704847335815,0.2350439578294754,-0.06918687373399734,0.3579660654067993,0.17090243101119995,-0.06978379935026169
pinza_izquierda,0.4109516441822052,0.6090657114982605,2.449401108606253e-07,0.4721026122570038,0.5823845863342285,-0.03224380314350128,0.5139895677566528,0.5030719041824341,-0.052490100264549255,0.5251153111457825,0.43878474831581116,-0.07055426388978958,0.49704113602638245,0.3851456642150879,-0.0869789570569992,0.4926246404647827,0.3635523021221161,-0.019483190029859543,0.5147287845611572,0.27019068598747253,-0.04427880421280861,0.5317817330360413,0.2127644568681717,-0.060111548751592636,0.5447066426277161,0.1558687388896942,-0.07237353920936584,0.4481085538864136,0.3504483699798584,-0.026901278644800186,0.45828041434288025,0.2574279308319092,-0.08120473474264145,0.4739099144935608,0.32533448934555054,-0.09909851849079132,0.48614299297332764,0.3895283043384552,-0.09388604015111923,0.40296968817710876,0.35816487669944763,-0.04035888984799385,0.4026479423046112,0.24886436760425568,-0.07586532086133957,0.4145940840244293,0.17069706320762634,-0.0895615816116333,0.42516380548477173,0.09487205743789673,-0.09169253706932068,0.3594663739204407,0.3884352147579193,-0.05658372864127159,0.3491395115852356,0.29887813329696655,-0.07261982560157776,0.3491518497467041,0.23887576162815094,-0.07520756125450134,0.3466068506240845,0.17400436103343964,-0.0762217566370964
pinza_izquierda,0.40826529264450073,0.6055371761322021,2.457911705278093e-07,0.468824565410614,0.5784362554550171,-0.030933191999793053,0.510309100151062,0.49952074885368347,-0.05136910080909729,0.5207129120826721,0.43787631392478943,-0.07013874500989914,0.49249377846717834,0.3855162560939789,-0.0872834175825119,0.4884740114212036,0.3558684289455414,-0.016796521842479706,0.5100247859954834,0.26336944103240967,-0.041262660175561905,0.5272316932678223,0.20801807940006256,-0.05688539892435074,0.5401182174682617,0.15332664549350739,-0.06890421360731125,0.44395047426223755,0.34438616037368774,-0.025142984464764595,0.4545976519584656,0.2544971704483032,-0.07996739447116852,0.4707375764846802,0.32704368233680725,-0.0976187214255333,0.4834347069263458,0.39295029640197754,-0.09185182303190231,0.39854398369789124,0.3532665967941284,-0.03957964479923248,0.39797863364219666,0.24625888466835022,-0.07469999045133591,0.4100465774536133,0.17044475674629211,-0.0868808701634407,0.42062464356422424,0.09522315859794617,-0.08782011270523071,0.35480403900146484,0.38480672240257263,-0.056842003017663956,0.3444697856903076,0.29549354314804077,-0.07192672044038773,0.3442879617214203,0.2358168214559555,-0.07308491319417953,0.3413938879966736,0.17050589621067047,-0.07300879061222076
pinza_izquierda,0.41070932149887085,0.6076707243919373,2.629266191433999e-07,0.4707721769809723,0.5799866914749146,-0.030669040977954865,0.5124487280845642,0.5014389753341675,-0.05160598084330559,0.5223954916000366,0.4400413930416107,-0.07094394415616989,0.4926629960536957,0.3892282545566559,-0.08883260935544968,0.4901449978351593,0.356437087059021,-0.016962097957730293,0.5097681283950806,0.2616737186908722,-0.040842205286026,0.5264543890953064,0.20618149638175964,-0.05596357211470604,0.5378589630126953,0.15248483419418335,-0.06784016638994217,0.4449020028114319,0.34641626477241516,-0.025576230138540268,0.45378735661506653,0.25779110193252563,-0.08049536496400833,0.47004440426826477,0.33051347732543945,-0.09844064712524414,0.48278504610061646,0.39681246876716614,-0.09302099049091339,0.3990081548690796,0.35655727982521057,-0.040187984704971313,0.39676564931869507,0.2512047290802002,-0.07519305497407913,0.40913963317871094,0.1729680895805359,-0.08823336660861969,0.4203161597251892,0.09560611844062805,-0.0901099219918251,0.3550635576248169,0.38925185799598694,-0.05752474069595337,0.343368798494339,0.30029037594795227,-0.07290229946374893,0.3419286012649536,0.24047023057937622,-0.07468347251415253,0.3384036123752594,0.17475521564483643,-0.07520049810409546
pinza_izquierda,0.4176829755306244,0.6104788184165955,2.242645678052213e-07,0.47711658477783203,0.5849805474281311,-0.029320888221263885,0.5194309949874878,0.5089412927627563,-0.04983427748084068,0.5324649810791016,0.4498671591281891,-0.06909332424402237,0.50048828125,0.4046022593975067,-0.08697450906038284,0.49656733870506287,0.36546435952186584,-0.01843962073326111,0.517741322517395,0.27051156759262085,-0.04324328526854515,0.5348429679870605,0.21497231721878052,-0.05901166424155235,0.5479732155799866,0.1603245586156845,-0.07117494195699692,0.45186904072761536,0.35507479310035706,-0.02750110812485218,0.4635910093784332,0.26864978671073914,-0.0828673392534256,0.4794100821018219,0.3389861285686493,-0.10124246776103973,0.49106457829475403,0.4018678367137909,-0.09632164239883423,0.4066988527774811,0.36464130878448486,-0.0422029085457325,0.40710461139678955,0.2617051601409912,-0.07780816406011581,0.4190576374530792,0.18559299409389496,-0.09166517853736877,0.4287959933280945,0.1101917028427124,-0.09396766126155853,0.36316531896591187,0.39555177092552185,-0.05947749689221382,0.3521266281604767,0.308413028717041,-0.07525303959846497,0.34986668825149536,0.2495071291923523,-0.07783442735671997,0.3454572856426239,0.18463310599327087,-0.07889614999294281
pinza_izquierda,0.4178878962993622,0.6087683439254761,2.2957812007007306e-07,0.47770580649375916,0.5834363698959351,-0.030206117779016495,0.5203624367713928,0.507210373878479,-0.05118517950177193,0.5336467027664185,0.44850820302963257,-0.07078910619020462,0.5028939843177795,0.4013904333114624,-0.08902141451835632,0.49723297357559204,0.3622024953365326,-0.018099304288625717,0.5182941555976868,0.2685825824737549,-0.042675603181123734,0.5360198020935059,0.21535396575927734,-0.05850470811128616,0.5500839352607727,0.16163833439350128,-0.07102684676647186,0.4533950984477997,0.35186251997947693,-0.027102496474981308,0.4661533534526825,0.264995813369751,-0.08316587656736374,0.4820130467414856,0.3378887176513672,-0.10216542333364487,0.4939602315425873,0.40258294343948364,-0.09764925390481949,0.408516526222229,0.362357497215271,-0.04189032316207886,0.40933841466903687,0.26100876927375793,-0.07789646089076996,0.4212878942489624,0.18518219888210297,-0.09210555255413055,0.4312180280685425,0.10924592614173889,-0.09481979161500931,0.36519473791122437,0.3945610523223877,-0.05937076732516289,0.35459065437316895,0.308542937040329,-0.07520552724599838,0.35257378220558167,0.24949407577514648,-0.07809725403785706,0.34803611040115356,0.1838553547859192,-0.07974112778902054
pinza_izquierda,0.6371199488639832,0.5799641609191895,3.0438954468081647e-07,0.7003000974655151,0.556365966796875,-0.02102523110806942,0.7558980584144592,0.4810686707496643,-0.03980550542473793,0.7896638512611389,0.42892420291900635,-0.05970824882388115,0.7664024233818054,0.39543527364730835,-0.07860740274190903,0.7163941860198975,0.34395697712898254,-0.012391774915158749,0.7422462701797485,0.24727323651313782,-0.036287371069192886,0.768174409866333,0.20044802129268646,-0.053636644035577774,0.7900341749191284,0.1561749130487442,-0.06766586005687714,0.6780005097389221,0.33790138363838196,-0.02688591741025448,0.7088141441345215,0.2575421631336212,-0.08302124589681625,0.735795795917511,0.32406729459762573,-0.10468035936355591,0.751442015171051,0.38592079281806946,-0.10304918885231018,0.6378877758979797,0.34970974922180176,-0.04603375494480133,0.6522007584571838,0.2488401234149933,-0.08108529448509216,0.6721535921096802,0.1794295310974121,-0.09647410362958908,0.6860350370407104,0.11164310574531555,-0.10078813135623932,0.599109411239624,0.3814743459224701,-0.06738676875829697,0.5935778617858887,0.30139651894569397,-0.082645945250988,0.591175377368927,0.24654251337051392,-0.08630518615245819,0.5845150947570801,0.18577519059181213,-0.0891573429107666
pinza_izquierda,0.7119336128234863,0.5660439133644104,3.4699087336775847e-07,0.7739176750183105,0.5457013249397278,-0.02328319475054741,0.8313093781471252,0.47637540102005005,-0.04364242032170296,0.86921626329422,0.4307187795639038,-0.06507602334022522,0.8680984973907471,0.38060644268989563,-0.08574837446212769,0.7942997813224792,0.33707621693611145,-0.013026423752307892,0.8281912803649902,0.2401021420955658,-0.035089388489723206,0.8574893474578857,0.19531778991222382,-0.05153033137321472,0.880489706993103,0.1537877321243286,-0.06540406495332718,0.7608305811882019,0.3282392621040344,-0.027268027886748314,0.802839457988739,0.24636249244213104,-0.08133102208375931,0.8304370045661926,0.30964455008506775,-0.10435692220926285,0.8440802693367004,0.370263010263443,-0.10455852746963501,0.7240583300590515,0.336169570684433,-0.04615641012787819,0.7483616471290588,0.23168277740478516,-0.07897769659757614,0.7745310068130493,0.16326123476028442,-0.09496129304170609,0.792646050453186,0.09698942303657532,-0.10077408701181412,0.686215877532959,0.36465126276016235,-0.06739196926355362,0.6847010254859924,0.28420180082321167,-0.08233188837766647,0.6888716220855713,0.2274472415447235,-0.0865163505077362,0.6877453327178955,0.16833864152431488,-0.09008166193962097
pinza_izquierda,0.7048888802528381,0.5569119453430176,3.062287987631862e-07,0.7677448987960815,0.5388766527175903,-0.02104569971561432,0.8264783024787903,0.46394631266593933,-0.0401049479842186,0.8660753965377808,0.41451382637023926,-0.06057872995734215,0.8591987490653992,0.37576615810394287,-0.08045748621225357,0.7925504446029663,0.32670801877975464,-0.011122871190309525,0.8243750929832458,0.22975054383277893,-0.03185645118355751,0.8526744842529297,0.185084268450737,-0.04725322499871254,0.8753608465194702,0.1435401290655136,-0.060776498168706894,0.7577165961265564,0.3173637092113495,-0.0266504418104887,0.7967155575752258,0.23533472418785095,-0.08030813187360764,0.8229500651359558,0.2996099591255188,-0.10197382420301437,0.8365877866744995,0.36110997200012207,-0.10090237110853195,0.7195789217948914,0.3250059485435486,-0.04665447026491165,0.7410658001899719,0.221878319978714,-0.07846004515886307,0.7664939165115356,0.15110065042972565,-0.09284959733486176,0.7844919562339783,0.08260568976402283,-0.09764911979436874,0.6804632544517517,0.3532615602016449,-0.06907422840595245,0.6762582063674927,0.27156364917755127,-0.08298660069704056,0.6784054040908813,0.21310308575630188,-0.08635461330413818,0.6762139201164246,0.1506458818912506,-0.0895022377371788
pinza_izquierda,0.7039251327514648,0.5590755939483643,3.32309554096355e-07,0.7669933438301086,0.5381414294242859,-0.019679341465234756,0.8254198431968689,0.46397900581359863,-0.038447968661785126,0.8647225499153137,0.41654160618782043,-0.058818116784095764,0.8568176031112671,0.3768714666366577,-0.07859340310096741,0.7872598767280579,0.33009666204452515,-0.011859653517603874,0.8204845786094666,0.2331368625164032,-0.033892128616571426,0.8507381677627563,0.1882215291261673,-0.0503905825316906,0.8744495511054993,0.14668016135692596,-0.06494800001382828,0.7539319396018982,0.3216775059700012,-0.028436901047825813,0.795451283454895,0.24127927422523499,-0.0832604318857193,0.8241097927093506,0.3046780228614807,-0.10691042244434357,0.8381618857383728,0.3649598956108093,-0.1081543117761612,0.7168111801147461,0.3304208517074585,-0.04932548850774765,0.7378909587860107,0.22787226736545563,-0.08347032964229584,0.7638615965843201,0.15693016350269318,-0.10150546580553055,0.782293975353241,0.08747965097427368,-0.10925097018480301,0.6793320775032043,0.3603366017341614,-0.07226759195327759,0.675585925579071,0.28036177158355713,-0.08854018151760101,0.6761195659637451,0.2213892936706543,-0.09475399553775787,0.6717267036437988,0.1582079976797104,-0.10053897649049759
pinza_izquierda,0.6997683048248291,0.5601071715354919,3.458387425325782e-07,0.7619677782058716,0.5407251119613647,-0.019741399213671684,0.819523811340332,0.4660486578941345,-0.038170233368873596,0.8578974008560181,0.41835400462150574,-0.057929154485464096,0.8473560214042664,0.3803945779800415,-0.07701530307531357,0.782453715801239,0.3318631649017334,-0.013863797299563885,0.8154999613761902,0.23212939500808716,-0.03578800708055496,0.8445142507553101,0.1866462081670761,-0.051571428775787354,0.8671367168426514,0.14448755979537964,-0.06550633162260056,0.7486421465873718,0.3246268033981323,-0.03072299249470234,0.7892816066741943,0.2450859248638153,-0.08636524528265,0.8171316385269165,0.30888625979423523,-0.10941208153963089,0.8313051462173462,0.3692617118358612,-0.10958661139011383,0.7108834385871887,0.33429545164108276,-0.05186675116419792,0.7291616201400757,0.23329810798168182,-0.08624124526977539,0.7522792220115662,0.159708634018898,-0.10409408062696457,0.7692015767097473,0.08834570646286011,-0.11146103590726852,0.6722837686538696,0.365437388420105,-0.0750599056482315,0.662895143032074,0.2864852249622345,-0.09125067293643951,0.6609985828399658,0.22833845019340515,-0.0972287654876709,0.6557276844978333,0.1654932200908661,-0.10259350389242172
pinza_izquierda,0.6965802907943726,0.5596277713775635,3.349364305904601e-07,0.7598664164543152,0.5389924645423889,-0.019982652738690376,0.8188357949256897,0.46422630548477173,-0.03921324759721756,0.8580098748207092,0.41526880860328674,-0.05968479439616203,0.8466183543205261,0.37764090299606323,-0.0796823501586914,0.7797999382019043,0.33038899302482605,-0.015513881109654903,0.8124194145202637,0.23041735589504242,-0.03838375210762024,0.8412174582481384,0.1830822229385376,-0.05497555434703827,0.864346981048584,0.13992415368556976,-0.06944578140974045,0.7457904815673828,0.32375848293304443,-0.03193758800625801,0.7865900993347168,0.2427251636981964,-0.08781697601079941,0.8146786093711853,0.30529549717903137,-0.11128894984722137,0.8296582698822021,0.3647632300853729,-0.11215589940547943,0.7078907489776611,0.33478283882141113,-0.05245973542332649,0.7280820608139038,0.23280079662799835,-0.08788011223077774,0.7515013813972473,0.1601615697145462,-0.10650655627250671,0.7686508893966675,0.08954843878746033,-0.11443010717630386,0.6694905161857605,0.36681145429611206,-0.07480718940496445,0.662005603313446,0.2881655991077423,-0.09197057783603668,0.6598191857337952,0.230245903134346,-0.09863243997097015,0.6540077924728394,0.1674930453300476,-0.10459042340517044
pinza_izquierda,0.693161129951477,0.5631820559501648,3.4042949437207426e-07,0.7552706003189087,0.5430322289466858,-0.02032792754471302,0.8136030435562134,0.47095486521720886,-0.0398908294737339,0.85206139087677,0.42586472630500793,-0.06092935428023338,0.8453426361083984,0.38458627462387085,-0.08147579431533813,0.7770430445671082,0.33530712127685547,-0.013723846524953842,0.8107386231422424,0.23911094665527344,-0.03599037975072861,0.8389689326286316,0.19383077323436737,-0.05244380235671997,0.8615329265594482,0.15289083123207092,-0.06676240265369415,0.7429850697517395,0.32836678624153137,-0.030035967007279396,0.7843173146247864,0.24845437705516815,-0.0853404775261879,0.8133780360221863,0.3110269010066986,-0.10926920920610428,0.8293393850326538,0.37104976177215576,-0.1103450283408165,0.7054904103279114,0.3384241759777069,-0.05052972212433815,0.7280961275100708,0.23687946796417236,-0.08431297540664673,0.7536893486976624,0.16754212975502014,-0.10174759477376938,0.7729604840278625,0.1003735363483429,-0.1089206263422966,0.66744065284729,0.37025511264801025,-0.07311172783374786,0.6621569395065308,0.2927285432815552,-0.08926909416913986,0.6617012619972229,0.2364254891872406,-0.09516710042953491,0.6574057936668396,0.17599906027317047,-0.10033436119556427
pinza_izquierda,0.6896142959594727,0.5742970705032349,2.771748768282123e-07,0.751004159450531,0.5525496006011963,-0.020502278581261635,0.8091838955879211,0.48404598236083984,-0.04037673771381378,0.848213791847229,0.44248610734939575,-0.06136258691549301,0.8435839414596558,0.3977080285549164,-0.08154525607824326,0.7703486084938049,0.34611308574676514,-0.013840597122907639,0.803242027759552,0.252353310585022,-0.036017823964357376,0.8317033648490906,0.20846335589885712,-0.05285468325018883,0.8542866706848145,0.16693337261676788,-0.06770778447389603,0.7375339269638062,0.3406835198402405,-0.029929812997579575,0.7831676602363586,0.2628573775291443,-0.08479080349206924,0.8113527894020081,0.32916849851608276,-0.10842152684926987,0.8238152861595154,0.39107343554496765,-0.10937611758708954,0.7015175223350525,0.35199829936027527,-0.05024546757340431,0.7311195135116577,0.2473379671573639,-0.08430595695972443,0.758545458316803,0.18071776628494263,-0.10042284429073334,0.7768270969390869,0.11470222473144531,-0.10651040077209473,0.6642870903015137,0.3842831552028656,-0.07262609899044037,0.6591914892196655,0.307413786649704,-0.09085380285978317,0.6591621041297913,0.25078868865966797,-0.09723200649023056,0.6548647284507751,0.18780852854251862,-0.10218407958745956
pinza_izquierda,0.7051846385002136,0.8292181491851807,3.871195985993836e-07,0.7664154171943665,0.818352997303009,-0.01557665504515171,0.8245530128479004,0.7816747426986694,-0.0394236259162426,0.863750159740448,0.7684977054595947,-0.06502743810415268,0.8799585700035095,0.7375146746635437,-0.09069610387086868,0.8048736453056335,0.6496474146842957,-0.026107218116521835,0.8420134782791138,0.5617644786834717,-0.05465933308005333,0.8795785307884216,0.5316307544708252,-0.07653581351041794,0.9093397855758667,0.5086038112640381,-0.09423124045133591,0.7776471972465515,0.6473631262779236,-0.045770104974508286,0.8317179679870605,0.5969031453132629,-0.10417121648788452,0.8587868809700012,0.6648595929145813,-0.13268719613552094,0.86583012342453,0.7215391993522644,-0.13967695832252502,0.7463520765304565,0.6599605679512024,-0.06808415055274963,0.7804315090179443,0.5778248906135559,-0.10600143671035767,0.8137282133102417,0.5276163816452026,-0.12557105720043182,0.8368105292320251,0.47290635108947754,-0.13553917407989502,0.7130767107009888,0.690390408039093,-0.09150739759206772,0.7134150862693787,0.6260113716125488,-0.11394543200731277,0.7173274755477905,0.5774062871932983,-0.12209731340408325,0.7161809802055359,0.5201276540756226,-0.1287343055009842
pinza_izquierda,0.6993788480758667,0.8165810108184814,3.867895941311872e-07,0.7622032165527344,0.8069871068000793,-0.015184496529400349,0.8223603367805481,0.7686755061149597,-0.03846774250268936,0.8622466325759888,0.7545105814933777,-0.06348908692598343,0.8870678544044495,0.7296430468559265,-0.08836819976568222,0.8029690980911255,0.6391987204551697,-0.02587362378835678,0.8447791934013367,0.5516595244407654,-0.05431972071528435,0.884109377861023,0.5224515199661255,-0.07540246099233627,0.9163926839828491,0.5016077756881714,-0.09262879937887192,0.7766517400741577,0.6358030438423157,-0.04511389508843422,0.8335013389587402,0.5867866277694702,-0.1028648316860199,0.8607282638549805,0.6517645716667175,-0.13026587665081024,0.8684612512588501,0.7052120566368103,-0.1369011402130127,0.7461555600166321,0.6482227444648743,-0.06713774055242538,0.7838696837425232,0.5680718421936035,-0.10553757101297379,0.8207614421844482,0.5220295190811157,-0.12462359666824341,0.847697377204895,0.47059062123298645,-0.13431115448474884,0.713415801525116,0.6782277822494507,-0.09023582935333252,0.7177196145057678,0.6155232787132263,-0.11430367082357407,0.72467041015625,0.5667216181755066,-0.1239330917596817,0.726996898651123,0.5088018178939819,-0.131466805934906
pinza_izquierda,0.6988528966903687,0.8164153099060059,3.6329453223515884e-07,0.7617942094802856,0.8079703450202942,-0.016266081482172012,0.8214424252510071,0.7684397101402283,-0.04000600054860115,0.860216498374939,0.7541477084159851,-0.06515450775623322,0.8870072364807129,0.7315359115600586,-0.09006541222333908,0.8031613826751709,0.6368534564971924,-0.025216300040483475,0.8437566161155701,0.5529822707176208,-0.05327323079109192,0.8826170563697815,0.5252964496612549,-0.0744435265660286,0.914559543132782,0.5038116574287415,-0.09202702343463898,0.7756230235099792,0.6325928568840027,-0.0443350188434124,0.8319528698921204,0.5818366408348083,-0.10281255096197128,0.8574435114860535,0.6524313688278198,-0.13027091324329376,0.8635596036911011,0.7105205059051514,-0.13615497946739197,0.7450405955314636,0.6450672149658203,-0.06635479629039764,0.7831366658210754,0.5664156079292297,-0.10416872799396515,0.8225008249282837,0.5209837555885315,-0.1225091889500618,0.8516587615013123,0.46905142068862915,-0.13150599598884583,0.7130913734436035,0.6771100163459778,-0.08962628245353699,0.7173588275909424,0.6151953339576721,-0.11214213818311691,0.7254818677902222,0.5680693984031677,-0.12028735876083374,0.7287324070930481,0.5109984278678894,-0.12691853940486908
pinza_izquierda,0.7044115662574768,0.8111686110496521,4.1435967546021857e-07,0.7671216726303101,0.8009939193725586,-0.016019074246287346,0.8255789875984192,0.7610169649124146,-0.040194183588027954,0.864969789981842,0.7474008798599243,-0.06601349264383316,0.8886334300041199,0.7252397537231445,-0.09182363003492355,0.804585337638855,0.6331931948661804,-0.028245339170098305,0.848751425743103,0.5451424717903137,-0.05732577666640282,0.8881630301475525,0.5160382390022278,-0.07869991660118103,0.9207463264465332,0.4951862096786499,-0.09624684602022171,0.7781078815460205,0.6311095952987671,-0.04784057289361954,0.8342147469520569,0.5810399651527405,-0.10685570538043976,0.8616024255752563,0.6459454894065857,-0.13513906300067902,0.8707761764526367,0.7005304098129272,-0.1422770768404007,0.7478046417236328,0.6441589593887329,-0.07014071196317673,0.7865927815437317,0.5629205107688904,-0.1093059703707695,0.8260465264320374,0.5156658291816711,-0.1295662671327591,0.8555021286010742,0.4636833369731903,-0.14012669026851654,0.71613609790802,0.6754031181335449,-0.09349630028009415,0.7210850715637207,0.612284779548645,-0.11758355796337128,0.7286933660507202,0.5627191066741943,-0.12750667333602905,0.7312560677528381,0.5046525597572327,-0.13558636605739594
pinza_izquierda,0.7032957673072815,0.8130868673324585,3.3481163086435117e-07,0.7662944793701172,0.8060630559921265,-0.014787922613322735,0.8253717422485352,0.7702490091323853,-0.03746688738465309,0.8637993335723877,0.7591728568077087,-0.06160757318139076,0.8882361650466919,0.7293269634246826,-0.08565229177474976,0.8076284527778625,0.6350125670433044,-0.026271244511008263,0.8486780524253845,0.5500982999801636,-0.054926175624132156,0.8885713815689087,0.523826003074646,-0.07621599733829498,0.9196993708610535,0.5039973258972168,-0.0932464525103569,0.7796611785888672,0.629916250705719,-0.045394375920295715,0.8355932235717773,0.5802162289619446,-0.10349269956350327,0.8625301122665405,0.6512672901153564,-0.13088887929916382,0.8683750629425049,0.7100403308868408,-0.1367449015378952,0.7481665015220642,0.6413384079933167,-0.06709645688533783,0.7863015532493591,0.5625580549240112,-0.10481808334589005,0.8267025351524353,0.5170451998710632,-0.12305204570293427,0.8554448485374451,0.46535724401474,-0.13176865875720978,0.7151591181755066,0.6723065376281738,-0.08969869464635849,0.7196736335754395,0.6093044877052307,-0.11203447729349136,0.7280604839324951,0.5629250407218933,-0.11907666176557541,0.7307059168815613,0.5080052614212036,-0.1244969516992569
pinza_izquierda,0.7060824036598206,0.808396577835083,3.790894709254644e-07,0.7692987322807312,0.7994089722633362,-0.014710084535181522,0.8284953236579895,0.7623549699783325,-0.03786935657262802,0.8678709864616394,0.7507009506225586,-0.06271675229072571,0.8952599167823792,0.7261288166046143,-0.0873226672410965,0.8111454844474792,0.6334772109985352,-0.02719997614622116,0.8560088872909546,0.5456075668334961,-0.05563393235206604,0.8961079716682434,0.517134428024292,-0.0763477236032486,0.9285159707069397,0.4964393377304077,-0.09307222068309784,0.7831823825836182,0.628730297088623,-0.046445928514003754,0.8428581953048706,0.5848291516304016,-0.10351614654064178,0.8693230748176575,0.6487383842468262,-0.129866823554039,0.876610279083252,0.7017381191253662,-0.13591314852237701,0.7520164251327515,0.6398361325263977,-0.0683608129620552,0.792420506477356,0.5617374777793884,-0.10605652630329132,0.8308248519897461,0.5141882300376892,-0.12441875785589218,0.8593463897705078,0.4622560143470764,-0.1337839663028717,0.7195852398872375,0.6696919798851013,-0.09122145175933838,0.7240173816680908,0.6071345806121826,-0.11420363932847977,0.7306645512580872,0.559003472328186,-0.12216001749038696,0.7327068448066711,0.5035218000411987,-0.12843568623065948
pinza_izquierda,0.7002854347229004,0.8152003884315491,3.5694370126293506e-07,0.7637771964073181,0.8087794780731201,-0.017973653972148895,0.8235646486282349,0.7715482115745544,-0.043054576963186264,0.8626260757446289,0.7576409578323364,-0.07039095461368561,0.8826923370361328,0.731810986995697,-0.09791838377714157,0.808123767375946,0.6381152272224426,-0.026369599625468254,0.8478454351425171,0.5540012121200562,-0.05637750402092934,0.8852832317352295,0.5281773805618286,-0.07884330302476883,0.9167722463607788,0.5075347423553467,-0.09721759706735611,0.7819991707801819,0.6347571015357971,-0.04636714607477188,0.8340003490447998,0.5824788808822632,-0.10682951658964157,0.8587095737457275,0.6509813070297241,-0.1375052034854889,0.8657807111740112,0.7071443796157837,-0.14616532623767853,0.7502210736274719,0.6441835761070251,-0.06955622881650925,0.7845943570137024,0.5623424053192139,-0.10929273813962936,0.8217952847480774,0.5155607461929321,-0.1305694282054901,0.8489099144935608,0.4652177095413208,-0.14123038947582245,0.7158306241035461,0.669980525970459,-0.09433448314666748,0.7231650352478027,0.5984628200531006,-0.11749237775802612,0.7334465980529785,0.5444201231002808,-0.1279345005750656,0.737758994102478,0.4836401343345642,-0.13651950657367706
pinza_izquierda,0.17032887041568756,0.81081622838974,6.815498210244186e-08,0.20045113563537598,0.7954481244087219,-0.0256313718855381,0.2150205671787262,0.7462197542190552,-0.03635570779442787,0.20440272986888885,0.7124322056770325,-0.04355183616280556,0.18146274983882904,0.6950922012329102,-0.04951159283518791,0.20814768970012665,0.6550992727279663,-0.013249840587377548,0.2138494998216629,0.6028650999069214,-0.022751033306121826,0.21577559411525726,0.5702568888664246,-0.02979378029704094,0.21626125276088715,0.5365062952041626,-0.03653702139854431,0.1766432225704193,0.6486063003540039,-0.01229755487293005,0.17178845405578613,0.5980583429336548,-0.038821030408144,0.17001518607139587,0.6413124799728394,-0.048657242208719254,0.1725304275751114,0.6785293221473694,-0.04638276994228363,0.14610587060451508,0.6535986661911011,-0.015097946859896183,0.13975270092487335,0.596733570098877,-0.032292138785123825,0.13727658987045288,0.5617198348045349,-0.0407768078148365,0.13501322269439697,0.52547687292099,-0.042732324451208115,0.11917735636234283,0.6706321239471436,-0.02002032659947872,0.10878800600767136,0.6172354221343994,-0.02686816081404686,0.1049109697341919,0.5868551731109619,-0.028017999604344368,0.1012047827243805,0.5507328510284424,-0.02865324728190899
pinza_izquierda,0.17410844564437866,0.8169951438903809,5.9435375732164175e-08,0.20525339245796204,0.7997035980224609,-0.024446988478302956,0.21942512691020966,0.7496986389160156,-0.03445596620440483,0.20614106953144073,0.7184667587280273,-0.04125186428427696,0.1826810985803604,0.7031904458999634,-0.0469023697078228,0.2103845179080963,0.660647988319397,-0.011167525313794613,0.21667784452438354,0.6110343337059021,-0.020653709769248962,0.21909868717193604,0.5796481370925903,-0.028537919744849205,0.22025561332702637,0.5467726588249207,-0.03601855784654617,0.17905642092227936,0.6545129418373108,-0.010734953917562962,0.175327330827713,0.6054684519767761,-0.03710847720503807,0.172519251704216,0.6487836837768555,-0.04771086946129799,0.17427057027816772,0.6862696409225464,-0.04616038128733635,0.14887793362140656,0.6597886085510254,-0.013983296230435371,0.1428072601556778,0.603107213973999,-0.030549921095371246,0.1394149214029312,0.5688807368278503,-0.03893391788005829,0.13672176003456116,0.5337970852851868,-0.04101516306400299,0.12206520885229111,0.6779601573944092,-0.01934162527322769,0.11154250800609589,0.6254242658615112,-0.025626249611377716,0.10699984431266785,0.5947901606559753,-0.0264892615377903,0.10278945416212082,0.5588889718055725,-0.027013465762138367
pinza_izquierda,0.17353880405426025,0.8187033534049988,7.568672089064421e-08,0.20462973415851593,0.8031842112541199,-0.024058498442173004,0.21961277723312378,0.7528365850448608,-0.03378470242023468,0.207950621843338,0.7186585068702698,-0.040562521666288376,0.18507811427116394,0.7000834941864014,-0.046186305582523346,0.21317747235298157,0.6633315086364746,-0.009126597084105015,0.2198808789253235,0.6136811971664429,-0.017308251932263374,0.22249342501163483,0.5815327763557434,-0.024137187749147415,0.2231982797384262,0.5486065745353699,-0.03100668452680111,0.18176724016666412,0.6557602286338806,-0.008958407677710056,0.17723751068115234,0.6065661311149597,-0.0339849554002285,0.17578813433647156,0.6482645869255066,-0.0438842847943306,0.17810869216918945,0.6860818266868591,-0.041871435940265656,0.15131500363349915,0.6595787405967712,-0.012527665123343468,0.14502516388893127,0.6034477949142456,-0.028370659798383713,0.143430694937706,0.569550633430481,-0.03594579920172691,0.14198872447013855,0.5351846814155579,-0.037467341870069504,0.12407377362251282,0.676594078540802,-0.01827075146138668,0.11365953832864761,0.6240473389625549,-0.024478046223521233,0.10928457975387573,0.5931345224380493,-0.02502823807299137,0.10503432899713516,0.5573771595954895,-0.025211574509739876
pinza_izquierda,0.1720055490732193,0.8102476000785828,6.96062940619413e-08,0.20397324860095978,0.7939318418502808,-0.022229602560400963,0.2187829464673996,0.7450371980667114,-0.03057241067290306,0.20703357458114624,0.712343692779541,-0.035951536148786545,0.18795332312583923,0.695314347743988,-0.040080390870571136,0.21280397474765778,0.6556251645088196,-0.008125311695039272,0.2215377390384674,0.6057809591293335,-0.01657874882221222,0.22373881936073303,0.5746102929115295,-0.02339533530175686,0.2233380675315857,0.5429657697677612,-0.029802605509757996,0.1818615198135376,0.6495768427848816,-0.008060269989073277,0.1778055727481842,0.6002854704856873,-0.032922666519880295,0.17529262602329254,0.6420983672142029,-0.04265200346708298,0.17609578371047974,0.6794796586036682,-0.040453940629959106,0.1516486555337906,0.654342770576477,-0.011567087844014168,0.14652322232723236,0.5992149710655212,-0.02729281410574913,0.1455513834953308,0.566264271736145,-0.03514569625258446,0.14378181099891663,0.532350480556488,-0.036702994257211685,0.12428788840770721,0.6715470552444458,-0.016974827274680138,0.1140415221452713,0.6200021505355835,-0.023026011884212494,0.1097957044839859,0.5895953178405762,-0.02347182296216488,0.10542933642864227,0.5543358325958252,-0.02333381585776806
pinza_izquierda,0.13659092783927917,0.6039266586303711,9.552370983101355e-08,0.1790366917848587,0.578717827796936,-0.02741055190563202,0.2074717879295349,0.5140384435653687,-0.03707152605056763,0.19553500413894653,0.45865514874458313,-0.04318604990839958,0.16626594960689545,0.429215669631958,-0.04769202321767807,0.20339801907539368,0.43299469351768494,-0.007910437881946564,0.21666143834590912,0.36856964230537415,-0.01823888160288334,0.2208632230758667,0.3264508843421936,-0.02670511230826378,0.2234685719013214,0.28605037927627563,-0.03446396067738533,0.16913749277591705,0.4211803674697876,-0.007262990344315767,0.16665631532669067,0.3470152020454407,-0.03609635308384895,0.1628071814775467,0.37910330295562744,-0.04817980155348778,0.16209104657173157,0.419181764125824,-0.04611953720450401,0.1356276571750641,0.4222908914089203,-0.011085351929068565,0.13299371302127838,0.3466610312461853,-0.030100351199507713,0.13428160548210144,0.2971782982349396,-0.04114169254899025,0.13632479310035706,0.25290364027023315,-0.044341158121824265,0.10413763672113419,0.4373345971107483,-0.017481453716754913,0.0984613299369812,0.3754778802394867,-0.02594720385968685,0.09773170202970505,0.33602041006088257,-0.029403047636151314,0.09712134301662445,0.295183002948761,-0.031653992831707
pinza_izquierda,0.14694425463676453,0.6165242195129395,1.0811780271069438e-07,0.18776370584964752,0.5926618576049805,-0.02877037785947323,0.21565216779708862,0.5296195149421692,-0.03921826183795929,0.20163528621196747,0.47468265891075134,-0.0455680713057518,0.172566220164299,0.4445231854915619,-0.05027931556105614,0.2094898223876953,0.4454316794872284,-0.012056784704327583,0.2227323353290558,0.3827269971370697,-0.023915305733680725,0.2263999879360199,0.3409385085105896,-0.033019449561834335,0.2284787893295288,0.30114203691482544,-0.0408380888402462,0.17547523975372314,0.43504467606544495,-0.010775357484817505,0.17413391172885895,0.36485055088996887,-0.04007597267627716,0.17198406159877777,0.3979634642601013,-0.05170750245451927,0.17277677357196808,0.4367852509021759,-0.04936932772397995,0.1428070068359375,0.43745163083076477,-0.013939732685685158,0.1397792398929596,0.3618026673793793,-0.03362103924155235,0.14150689542293549,0.31270286440849304,-0.044240400195121765,0.14365585148334503,0.26773086190223694,-0.046958260238170624,0.11215347051620483,0.45415905117988586,-0.019651290029287338,0.10508625954389572,0.3922640383243561,-0.028294885531067848,0.10457037389278412,0.3544349670410156,-0.030896423384547234,0.10386531054973602,0.3151291608810425,-0.03222009912133217
pinza_izquierda,0.1466163545846939,0.614549458026886,1.0986939713575339e-07,0.18736101686954498,0.5886576771736145,-0.02748938649892807,0.21387669444084167,0.5251609086990356,-0.03768898546695709,0.19960573315620422,0.4703189432621002,-0.04406799376010895,0.17059986293315887,0.44023457169532776,-0.048963628709316254,0.20603524148464203,0.4431248605251312,-0.010095750913023949,0.21822243928909302,0.3796764612197876,-0.020735159516334534,0.22193726897239685,0.3375042676925659,-0.029163792729377747,0.22307586669921875,0.29782581329345703,-0.03672639653086662,0.17227652668952942,0.4333607852458954,-0.009234340861439705,0.1697825789451599,0.362117201089859,-0.03751293569803238,0.16838857531547546,0.396065354347229,-0.04853329434990883,0.169098362326622,0.4369422197341919,-0.045914918184280396,0.13981622457504272,0.4359950125217438,-0.012744169682264328,0.13592670857906342,0.3602330684661865,-0.03133312612771988,0.13779722154140472,0.3108106553554535,-0.041367899626493454,0.1396535485982895,0.2662500739097595,-0.0440344400703907,0.1091107726097107,0.45278462767601013,-0.01870862767100334,0.1005105972290039,0.39130398631095886,-0.02667289786040783,0.09964367747306824,0.35357797145843506,-0.028922760859131813,0.09870154410600662,0.31433171033859253,-0.030245859175920486
pinza_izquierda,0.14612281322479248,0.6175401210784912,1.2439306829037378e-07,0.18705858290195465,0.5897517204284668,-0.02794850431382656,0.2133212387561798,0.5267974734306335,-0.038480985909700394,0.19946670532226562,0.47469842433929443,-0.0453009158372879,0.17118561267852783,0.4468323588371277,-0.05053248256444931,0.20585203170776367,0.4440191388130188,-0.009811511263251305,0.2176075130701065,0.37992969155311584,-0.020823540166020393,0.22134336829185486,0.3370162844657898,-0.029807664453983307,0.22228577733039856,0.2964800298213959,-0.03769836202263832,0.17204488813877106,0.43430763483047485,-0.008924373425543308,0.16904176771640778,0.36179476976394653,-0.037795066833496094,0.16698890924453735,0.39392516016960144,-0.04983161389827728,0.1671236902475357,0.4328939616680145,-0.04779350012540817,0.13912424445152283,0.4368990361690521,-0.012482311576604843,0.1355358213186264,0.3615429401397705,-0.03127681091427803,0.13690735399723053,0.31176918745040894,-0.04221160337328911,0.13823233544826508,0.2672346830368042,-0.045370616018772125,0.10844992101192474,0.4529547393321991,-0.018614305183291435,0.1002194955945015,0.3910093903541565,-0.02668348141014576,0.09872646629810333,0.3524813652038574,-0.0295086782425642,0.09741795063018799,0.31264233589172363,-0.031168323010206223
pinza_izquierda,0.1447359174489975,0.6186062097549438,1.0000273675814242e-07,0.18509738147258759,0.592975378036499,-0.027545815333724022,0.2122231423854828,0.5266090631484985,-0.037672873586416245,0.19707173109054565,0.47087740898132324,-0.043932557106018066,0.16668689250946045,0.4434869587421417,-0.048747140914201736,0.20401562750339508,0.44486555457115173,-0.010144013911485672,0.21428793668746948,0.37985461950302124,-0.021000880748033524,0.21794524788856506,0.33750030398368835,-0.02993357554078102,0.21935828030109406,0.2968449890613556,-0.03797166794538498,0.16970863938331604,0.4352920949459076,-0.009306255728006363,0.1658584177494049,0.3633994460105896,-0.0380612351000309,0.16323529183864594,0.3968859612941742,-0.050095051527023315,0.1630985587835312,0.43718358874320984,-0.04827854782342911,0.1369633674621582,0.43838247656822205,-0.012780427932739258,0.13266493380069733,0.36373433470726013,-0.03188098594546318,0.13327768445014954,0.31315523386001587,-0.04317177087068558,0.1340385377407074,0.26804375648498535,-0.04685200750827789,0.10643687099218369,0.455364465713501,-0.01863938383758068,0.09769400954246521,0.39404064416885376,-0.027104932814836502,0.09552650153636932,0.3556361794471741,-0.030119460076093674,0.09337683022022247,0.3155330419540405,-0.03216912969946861
pinza_izquierda,0.1258297562599182,0.454854279756546,2.557073628395301e-07,0.1730114370584488,0.4259023070335388,-0.029980072751641273,0.20012874901294708,0.3562532067298889,-0.04037833586335182,0.19254504144191742,0.29586082696914673,-0.047941435128450394,0.16743119060993195,0.2586522698402405,-0.05387243628501892,0.19981630146503448,0.28392866253852844,0.0010295613901689649,0.21558572351932526,0.21744927763938904,-0.005365011747926474,0.22141191363334656,0.1717986762523651,-0.013014346361160278,0.22429817914962769,0.13107149302959442,-0.021150555461645126,0.16499441862106323,0.2729668617248535,0.0022787582129240036,0.16147267818450928,0.1930387020111084,-0.02526879869401455,0.15937180817127228,0.21959511935710907,-0.03959285467863083,0.16091668605804443,0.26158520579338074,-0.038713689893484116,0.12975679337978363,0.27203190326690674,-0.0017087028827518225,0.1284671127796173,0.1892394721508026,-0.017848394811153412,0.13270306587219238,0.13232627511024475,-0.030526086688041687,0.13772226870059967,0.08487223088741302,-0.03552360087633133,0.0971958190202713,0.28592532873153687,-0.009031331166625023,0.09233991801738739,0.22441893815994263,-0.01468383427709341,0.09233446419239044,0.18344901502132416,-0.018608806654810905,0.09346982091665268,0.14308710396289825,-0.0220730509608984
pinza_izquierda,0.13487665355205536,0.4523523151874542,1.6744316155836714e-07,0.1810769885778427,0.4238172173500061,-0.027432549744844437,0.20933544635772705,0.3523358106613159,-0.03672628477215767,0.2026994526386261,0.2867163121700287,-0.04307699576020241,0.17778438329696655,0.2455786019563675,-0.04787292331457138,0.2076796293258667,0.282495379447937,-0.0029294388368725777,0.22453951835632324,0.21617957949638367,-0.012708280235528946,0.2308051586151123,0.16962724924087524,-0.021327288821339607,0.2348509430885315,0.12725231051445007,-0.029409626498818398,0.17344823479652405,0.26958009600639343,-0.0025323261506855488,0.17027325928211212,0.1875050961971283,-0.03165300562977791,0.16827857494354248,0.21248814463615417,-0.045219555497169495,0.16928939521312714,0.25174206495285034,-0.04382486641407013,0.13890774548053741,0.2680969834327698,-0.0068780831061303616,0.13811589777469635,0.18313732743263245,-0.02664370648562908,0.14285171031951904,0.12608128786087036,-0.03892073780298233,0.14796628057956696,0.0784648060798645,-0.04283439740538597,0.10706450045108795,0.28151988983154297,-0.013844822533428669,0.10245004296302795,0.21822839975357056,-0.02325151301920414,0.1029079481959343,0.176385760307312,-0.027531173080205917,0.1038486585021019,0.13549640774726868,-0.03034658171236515
pinza_izquierda,0.13299942016601562,0.45600569248199463,1.1105566954938695e-07,0.17902615666389465,0.42950552701950073,-0.02626519650220871,0.2082703709602356,0.3610285222530365,-0.03516249731183052,0.2026343047618866,0.29842475056648254,-0.04106844961643219,0.1747889220714569,0.2646537125110626,-0.04541222006082535,0.2049475908279419,0.28468382358551025,-0.005040584597736597,0.21999827027320862,0.21959426999092102,-0.016623007133603096,0.22606161236763,0.1762811541557312,-0.02615972049534321,0.23113763332366943,0.13558243215084076,-0.03463144600391388,0.17089451849460602,0.27244558930397034,-0.005364574026316404,0.1695692092180252,0.19450563192367554,-0.036426082253456116,0.16878880560398102,0.2245500683784485,-0.049699366092681885,0.1703595668077469,0.2646616995334625,-0.04783032089471817,0.13642828166484833,0.27281880378723145,-0.010370016098022461,0.13609620928764343,0.19162917137145996,-0.031918901950120926,0.1405874639749527,0.13724440336227417,-0.04439662769436836,0.14522740244865417,0.09027950465679169,-0.047983765602111816,0.10392595827579498,0.28766340017318726,-0.0178350992500782,0.09885662794113159,0.2256847470998764,-0.028205500915646553,0.0989072248339653,0.1849086880683899,-0.03296259790658951,0.09842349588871002,0.14394183456897736,-0.03592315688729286
pinza_izquierda,0.13403138518333435,0.4711263179779053,8.538258100543317e-08,0.17955678701400757,0.44290751218795776,-0.023927543312311172,0.20777809619903564,0.36996182799339294,-0.032005809247493744,0.20128469169139862,0.30415087938308716,-0.03761657699942589,0.1757328063249588,0.26528602838516235,-0.04170789197087288,0.20599524676799774,0.30101364850997925,-0.003529227338731289,0.22216302156448364,0.23426413536071777,-0.013926757499575615,0.2279009371995926,0.18953609466552734,-0.0219661146402359,0.2323930561542511,0.14755268394947052,-0.02970791980624199,0.1722957193851471,0.28892800211906433,-0.004773958586156368,0.16935846209526062,0.2084883749485016,-0.03566606715321541,0.1676165610551834,0.23549029231071472,-0.04864298179745674,0.16954535245895386,0.27356547117233276,-0.04659264534711838,0.1381615698337555,0.28883880376815796,-0.010273445397615433,0.1369805932044983,0.20651619136333466,-0.031899042427539825,0.14145320653915405,0.15118403732776642,-0.04343649744987488,0.14695768058300018,0.10346047580242157,-0.04644264653325081,0.1063700020313263,0.3022414743900299,-0.01790744811296463,0.10007679462432861,0.23917679488658905,-0.02888506092131138,0.0994156152009964,0.19758369028568268,-0.03338398039340973,0.09977331757545471,0.1556575894355774,-0.03605967015028
pinza_izquierda,0.1311386376619339,0.4695013165473938,1.3344568117190647e-07,0.17733414471149445,0.4391992688179016,-0.025083107873797417,0.20396845042705536,0.3690102994441986,-0.03273049369454384,0.1948898881673813,0.307250440120697,-0.03741500899195671,0.17148271203041077,0.2704664468765259,-0.04056208208203316,0.20191407203674316,0.2982022762298584,-0.003315149573609233,0.21715539693832397,0.2320101261138916,-0.012892321683466434,0.2228575497865677,0.18657547235488892,-0.021335624158382416,0.22605684399604797,0.14432106912136078,-0.02914656139910221,0.1672966331243515,0.286210834980011,-0.003160102292895317,0.16307689249515533,0.20682811737060547,-0.03127529099583626,0.16250179708003998,0.23257330060005188,-0.044079795479774475,0.16391941905021667,0.27111756801605225,-0.04261435940861702,0.1326298862695694,0.28624966740608215,-0.007447044365108013,0.13011935353279114,0.20327289402484894,-0.02651929296553135,0.13420887291431427,0.14780302345752716,-0.03851767256855965,0.1387854516506195,0.10029250383377075,-0.04235357418656349,0.10051138699054718,0.3004038631916046,-0.014058934524655342,0.09522242844104767,0.2372363954782486,-0.022909831255674362,0.09546928107738495,0.1960790455341339,-0.02695252187550068,0.09637165814638138,0.15493126213550568,-0.029580233618617058
pinza_izquierda,0.35117262601852417,0.47508883476257324,1.7245200467641553e-07,0.39851534366607666,0.44639718532562256,-0.01749633625149727,0.43152564764022827,0.37909823656082153,-0.02683538943529129,0.4396698772907257,0.32222387194633484,-0.03591028228402138,0.41484224796295166,0.286265105009079,-0.044288620352745056,0.40975236892700195,0.2926325500011444,-0.0013558336067944765,0.4236329197883606,0.2243870496749878,-0.01401491742581129,0.432777464389801,0.18230591714382172,-0.023889923468232155,0.4392789304256439,0.14301426708698273,-0.032062429934740067,0.37602323293685913,0.28361770510673523,-0.007697600405663252,0.3786216080188751,0.20362332463264465,-0.04005168750882149,0.39152956008911133,0.23221775889396667,-0.05381586402654648,0.40245330333709717,0.27132323384284973,-0.05185117572546005,0.34221598505973816,0.28734254837036133,-0.017672527581453323,0.34225785732269287,0.20005235075950623,-0.039001625031232834,0.35001814365386963,0.14341801404953003,-0.04849057272076607,0.3568923771381378,0.09566804766654968,-0.049886304885149,0.3092236816883087,0.30663225054740906,-0.02937965840101242,0.30362793803215027,0.24045410752296448,-0.03861724212765694,0.3043999969959259,0.19638001918792725,-0.0401906855404377,0.30473676323890686,0.15304966270923615,-0.040578264743089676
pinza_izquierda,0.36865440011024475,0.48088911175727844,1.3374149432365812e-07,0.4168122112751007,0.4521747827529907,-0.01583084650337696,0.4516695737838745,0.38643956184387207,-0.02473035454750061,0.4626229405403137,0.32825973629951477,-0.033596958965063095,0.43801188468933105,0.2945110499858856,-0.04218536615371704,0.43160387873649597,0.3018512725830078,-0.0038925367407500744,0.4465183615684509,0.2305818647146225,-0.018147440627217293,0.45859992504119873,0.18771547079086304,-0.029068997129797935,0.468885213136673,0.14893998205661774,-0.037760257720947266,0.3987499177455902,0.2920992970466614,-0.011153995990753174,0.40382957458496094,0.21369382739067078,-0.04546288773417473,0.41316869854927063,0.23902156949043274,-0.060134705156087875,0.42063772678375244,0.27244123816490173,-0.05898147448897362,0.36541271209716797,0.29530438780784607,-0.02164333313703537,0.3688294589519501,0.20979434251785278,-0.04438149183988571,0.3758856952190399,0.1546609252691269,-0.054410241544246674,0.381369024515152,0.10797666013240814,-0.05619785934686661,0.33234846591949463,0.31241196393966675,-0.033644646406173706,0.32697635889053345,0.24660709500312805,-0.04430810362100601,0.3289670944213867,0.2026280164718628,-0.046687282621860504,0.33084139227867126,0.15899693965911865,-0.04746164754033089
pinza_izquierda,0.3571808338165283,0.4828733205795288,2.515148764814512e-07,0.40499213337898254,0.45634955167770386,-0.020412418991327286,0.4401024281978607,0.39017578959465027,-0.03127751871943474,0.45329493284225464,0.33246761560440063,-0.042038444429636,0.42704421281814575,0.29599669575691223,-0.05210006982088089,0.41839998960494995,0.3009917140007019,-0.0027069933712482452,0.4358593821525574,0.23099255561828613,-0.017106175422668457,0.44865697622299194,0.18620097637176514,-0.028019241988658905,0.45832863450050354,0.1450619250535965,-0.03692840412259102,0.3870728611946106,0.2920673191547394,-0.008615617640316486,0.3942268192768097,0.21563977003097534,-0.04363929107785225,0.40817177295684814,0.24693843722343445,-0.05880158394575119,0.4185302257537842,0.28555214405059814,-0.0575704388320446,0.35506874322891235,0.2961541712284088,-0.01872202754020691,0.35641250014305115,0.21191240847110748,-0.04192492365837097,0.363600492477417,0.15711623430252075,-0.05309061333537102,0.368441104888916,0.10952796041965485,-0.055552080273628235,0.3227497935295105,0.3143623471260071,-0.031065091490745544,0.31797659397125244,0.24992811679840088,-0.0424647331237793,0.31829750537872314,0.20595228672027588,-0.04671577736735344,0.3169381320476532,0.16165617108345032,-0.04902355745434761
pinza_izquierda,0.3497229516506195,0.4888514578342438,2.164740209309457e-07,0.39841604232788086,0.46455568075180054,-0.020404823124408722,0.434722363948822,0.4000985324382782,-0.03152374550700188,0.44714632630348206,0.34338635206222534,-0.042417608201503754,0.4208306670188904,0.3060983717441559,-0.05287250503897667,0.4134216904640198,0.304825097322464,-0.004081887658685446,0.4312228858470917,0.23461982607841492,-0.01896413415670395,0.4439806342124939,0.19121502339839935,-0.030500061810016632,0.4541461169719696,0.1510837823152542,-0.03976127877831459,0.381506085395813,0.2968408465385437,-0.00977986678481102,0.38679131865501404,0.22289983928203583,-0.04574117809534073,0.3990978002548218,0.2542543411254883,-0.061390891671180725,0.4090988039970398,0.29087844491004944,-0.06039916351437569,0.3488486707210541,0.30213838815689087,-0.019514698535203934,0.35032913088798523,0.22022633254528046,-0.043291106820106506,0.35866859555244446,0.1655539870262146,-0.054273393005132675,0.3650074005126953,0.11629071831703186,-0.056420180946588516,0.3162338137626648,0.3214482069015503,-0.03136090189218521,0.31282544136047363,0.25720033049583435,-0.04338798299431801,0.3134632706642151,0.212912455201149,-0.04736292362213135,0.31241047382354736,0.1667766571044922,-0.049111928790807724
pinza_izquierda,0.3454049229621887,0.49292051792144775,2.3256320957898424e-07,0.39396002888679504,0.46699976921081543,-0.019448963925242424,0.4299151301383972,0.40234053134918213,-0.02983260154724121,0.44297975301742554,0.34525540471076965,-0.039985883980989456,0.41597506403923035,0.3089158535003662,-0.04971040412783623,0.4079427719116211,0.3083529770374298,-0.003813454182818532,0.42619335651397705,0.23793713748455048,-0.01832580752670765,0.4381038546562195,0.19339792430400848,-0.02912059798836708,0.4470374584197998,0.15169551968574524,-0.03797811269760132,0.37667250633239746,0.2992216646671295,-0.010034945793449879,0.38379520177841187,0.22269763052463531,-0.04490469768643379,0.39749428629875183,0.2546166181564331,-0.0600171834230423,0.40770983695983887,0.2930338382720947,-0.05899100378155708,0.3443450927734375,0.3039289116859436,-0.020248621702194214,0.34575188159942627,0.21954676508903503,-0.04342709854245186,0.3530121147632599,0.16481320559978485,-0.054834138602018356,0.358409583568573,0.11614033579826355,-0.05766088888049126,0.3111175000667572,0.3229476809501648,-0.032456979155540466,0.30682316422462463,0.2579882740974426,-0.044351719319820404,0.3072957992553711,0.21381540596485138,-0.04881316050887108,0.3061732351779938,0.16859778761863708,-0.05121958628296852
pinza_izquierda,0.3706321716308594,0.6608867645263672,1.845765353891693e-07,0.41524696350097656,0.6469535827636719,-0.018622782081365585,0.45106321573257446,0.6001596450805664,-0.03135181963443756,0.46887916326522827,0.5664765238761902,-0.04351622238755226,0.44861075282096863,0.549027144908905,-0.054811812937259674,0.4286957085132599,0.5023722052574158,-0.012343011796474457,0.4472178816795349,0.44181910157203674,-0.029495548456907272,0.459503710269928,0.40757426619529724,-0.04100540652871132,0.4716036319732666,0.37189412117004395,-0.05024748295545578,0.3986438810825348,0.4966534376144409,-0.019560514017939568,0.4130921959877014,0.44151830673217773,-0.056916072964668274,0.4261537194252014,0.48825621604919434,-0.06977137923240662,0.435883492231369,0.5307670831680298,-0.06732948124408722,0.3680385649204254,0.5047200918197632,-0.030451398342847824,0.3730972409248352,0.43871989846229553,-0.05466854199767113,0.3840176463127136,0.3948144316673279,-0.0643235445022583,0.39319291710853577,0.3491918444633484,-0.06616339832544327,0.3393384516239166,0.5262835621833801,-0.04320807754993439,0.3364129364490509,0.4732950031757355,-0.05393940210342407,0.33761468529701233,0.43724364042282104,-0.056619107723236084,0.33676692843437195,0.3957865238189697,-0.05839024856686592
pinza_izquierda,0.37255728244781494,0.6720595955848694,1.3577357549365843e-07,0.41862964630126953,0.6582534909248352,-0.018705036491155624,0.45401760935783386,0.6108816862106323,-0.030533593147993088,0.47092223167419434,0.5780941247940063,-0.041478753089904785,0.4494989812374115,0.5650054812431335,-0.05207193270325661,0.42965763807296753,0.5201047658920288,-0.015608195215463638,0.4479319453239441,0.4587497115135193,-0.03127768263220787,0.45914506912231445,0.4248020052909851,-0.0416395366191864,0.46939200162887573,0.3869975805282593,-0.05080336332321167,0.39990636706352234,0.5157854557037354,-0.02278006635606289,0.41115719079971313,0.45966508984565735,-0.058441340923309326,0.42625972628593445,0.5050646066665649,-0.07123960554599762,0.4367767572402954,0.5483596324920654,-0.06979592889547348,0.36958053708076477,0.525323212146759,-0.03314976766705513,0.3731708228588104,0.4615088999271393,-0.05596069619059563,0.3851050138473511,0.4189527928829193,-0.06620471924543381,0.39420396089553833,0.37430983781814575,-0.06922559440135956,0.34201982617378235,0.5474779605865479,-0.04538992792367935,0.3387434780597687,0.4943163990974426,-0.05588405579328537,0.34026631712913513,0.4576435387134552,-0.05964777618646622,0.3386978805065155,0.4154573678970337,-0.06283365935087204
pinza_izquierda,0.37238195538520813,0.6752492189407349,1.9273821294518712e-07,0.4164167046546936,0.6612449288368225,-0.017624197527766228,0.4530475437641144,0.6163696050643921,-0.03045610524713993,0.47099655866622925,0.5839177966117859,-0.04286276921629906,0.4501638114452362,0.5663108825683594,-0.054794713854789734,0.43027108907699585,0.5210403203964233,-0.012940258719027042,0.4479442238807678,0.4602592885494232,-0.028896763920783997,0.45998838543891907,0.4275268316268921,-0.03958782181143761,0.4718358516693115,0.39237654209136963,-0.04850957542657852,0.400907963514328,0.5163451433181763,-0.02018686942756176,0.4150904417037964,0.46182194352149963,-0.05551660433411598,0.4279709458351135,0.5081980228424072,-0.06793328374624252,0.43733471632003784,0.5507599115371704,-0.06608670204877853,0.37051302194595337,0.5252038240432739,-0.030704407021403313,0.37497368454933167,0.4617673456668854,-0.05314135551452637,0.3862347900867462,0.4209041893482208,-0.062158241868019104,0.3953850269317627,0.37821444869041443,-0.06422675400972366,0.3416609466075897,0.5464732646942139,-0.04295085743069649,0.3395712971687317,0.4945114552974701,-0.052658721804618835,0.3408942222595215,0.4602588415145874,-0.05496784672141075,0.33999884128570557,0.42081454396247864,-0.0568314865231514
pinza_izquierda,0.3688163161277771,0.6752726435661316,1.8780237098781072e-07,0.41315966844558716,0.6621017456054688,-0.019199803471565247,0.4491370618343353,0.6174480319023132,-0.03296036645770073,0.4668130874633789,0.58501136302948,-0.04610137268900871,0.4458063840866089,0.5720283389091492,-0.05858355760574341,0.4270869493484497,0.5209708213806152,-0.015080423094332218,0.4450516402721405,0.4597022235393524,-0.032170381397008896,0.457407683134079,0.4269595146179199,-0.04352397471666336,0.4692034125328064,0.39232686161994934,-0.05276728793978691,0.39703547954559326,0.5156324505805969,-0.021932126954197884,0.41121530532836914,0.4632294476032257,-0.05890372768044472,0.42409226298332214,0.5101980566978455,-0.07134299725294113,0.43333670496940613,0.552420437335968,-0.06903660297393799,0.3663806617259979,0.5243138074874878,-0.032224781811237335,0.37000614404678345,0.4617643356323242,-0.055568501353263855,0.380402147769928,0.41904890537261963,-0.06462700664997101,0.38884687423706055,0.37439194321632385,-0.0664716362953186,0.33771055936813354,0.5457999110221863,-0.04447035491466522,0.3351769745349884,0.4944201409816742,-0.05438583344221115,0.3365338444709778,0.45974305272102356,-0.05660469830036163,0.3357139229774475,0.4195482134819031,-0.058290235698223114
pinza_izquierda,0.3656710088253021,0.6790772676467896,1.6470015395952942e-07,0.4118766188621521,0.6670949459075928,-0.01805521547794342,0.44841429591178894,0.6227255463600159,-0.030873602256178856,0.46625110507011414,0.5916494131088257,-0.043113671243190765,0.44565701484680176,0.5801498889923096,-0.054759226739406586,0.42612820863723755,0.5254071950912476,-0.014686386100947857,0.4454660713672638,0.46553903818130493,-0.03150507062673569,0.45780181884765625,0.43332231044769287,-0.04255920276045799,0.4696478247642517,0.3988650143146515,-0.05180304870009422,0.39628148078918457,0.5207635164260864,-0.021912526339292526,0.40994763374328613,0.4704267382621765,-0.058778662234544754,0.4231516718864441,0.5184128284454346,-0.07123619318008423,0.43249326944351196,0.560840904712677,-0.06916297972202301,0.36569467186927795,0.5300458669662476,-0.032480183988809586,0.3695513606071472,0.46749934554100037,-0.05668463557958603,0.3806280493736267,0.42568010091781616,-0.06646719574928284,0.389601469039917,0.3806305527687073,-0.06871085613965988,0.33771875500679016,0.5521364212036133,-0.04472807049751282,0.3346327841281891,0.5014553666114807,-0.055786971002817154,0.33567655086517334,0.46708589792251587,-0.05879462882876396,0.3344968557357788,0.42645102739334106,-0.06099529191851616
pinza_izquierda,0.38243210315704346,0.7734044194221497,1.8468472262611613e-07,0.41989874839782715,0.7693334221839905,-0.02029455453157425,0.45176881551742554,0.7441549897193909,-0.03627416864037514,0.4684208631515503,0.7272887229919434,-0.05069441348314285,0.4546022415161133,0.7182262539863586,-0.06486175954341888,0.4346083700656891,0.6557564735412598,-0.027549680322408676,0.4481959939002991,0.6043400168418884,-0.04572422802448273,0.4597136080265045,0.5809967517852783,-0.05670773983001709,0.4724496603012085,0.5556366443634033,-0.06552254408597946,0.40660226345062256,0.6533160209655762,-0.03333864361047745,0.42008692026138306,0.6160025000572205,-0.06847889721393585,0.4284816384315491,0.6615674495697021,-0.08023548871278763,0.4346312880516052,0.6993371844291687,-0.07994182407855988,0.37744101881980896,0.6624490022659302,-0.04187458008527756,0.38111746311187744,0.6158704161643982,-0.06511843949556351,0.39050671458244324,0.586706817150116,-0.07461416721343994,0.39863187074661255,0.5538419485092163,-0.07796622067689896,0.3504122793674469,0.6811003684997559,-0.05203414335846901,0.3464363217353821,0.6393705010414124,-0.06354832649230957,0.34527355432510376,0.6138529777526855,-0.06749863922595978,0.34237682819366455,0.5823038816452026,-0.0708768293261528
pinza_izquierda,0.3842390179634094,0.7797263264656067,1.6889616460957768e-07,0.41942885518074036,0.7774348258972168,-0.020436862483620644,0.44961509108543396,0.7534403800964355,-0.03766515105962753,0.4670504927635193,0.7413575649261475,-0.05355207994580269,0.45736268162727356,0.7279259562492371,-0.06908978521823883,0.43645650148391724,0.6639880537986755,-0.028861213475465775,0.45168760418891907,0.6110585331916809,-0.047678813338279724,0.46476811170578003,0.5871032476425171,-0.05875059589743614,0.47757720947265625,0.5624658465385437,-0.06733333319425583,0.40942177176475525,0.6603252291679382,-0.03504566103219986,0.42382723093032837,0.6256116032600403,-0.07214485853910446,0.43227383494377136,0.6730743050575256,-0.0840132012963295,0.4380873441696167,0.7116608619689941,-0.08301357179880142,0.3809632658958435,0.6684896945953369,-0.044095952063798904,0.38483357429504395,0.6211671233177185,-0.06768618524074554,0.3948184549808502,0.5897843241691589,-0.0766221433877945,0.4035731852054596,0.554456353187561,-0.07938646525144577,0.3544941544532776,0.687231719493866,-0.054826755076646805,0.3504304885864258,0.6445302367210388,-0.06630242615938187,0.34991294145584106,0.6181046366691589,-0.06968525797128677,0.3481835722923279,0.5852739214897156,-0.07241847366094589
pinza_izquierda,0.3741454482078552,0.8012268543243408,2.0719252802336996e-07,0.4130347669124603,0.7928571701049805,-0.02011902444064617,0.44507521390914917,0.7560271620750427,-0.035518210381269455,0.46108418703079224,0.7301009893417358,-0.04932677373290062,0.4448402225971222,0.7131839990615845,-0.062292810529470444,0.4249143898487091,0.6672154664993286,-0.023930074647068977,0.440484881401062,0.6035550832748413,-0.042954541742801666,0.45335114002227783,0.5691859722137451,-0.054894305765628815,0.4638729989528656,0.533542275428772,-0.06381876021623611,0.3972322940826416,0.6628487706184387,-0.02973482944071293,0.4134434163570404,0.613575279712677,-0.06734412163496017,0.426752507686615,0.6587092876434326,-0.07923189550638199,0.4348636865615845,0.6990954279899597,-0.07685979455709457,0.3686676025390625,0.6699848771095276,-0.03852098807692528,0.375847190618515,0.6088111400604248,-0.06331875920295715,0.3887345492839813,0.5697609782218933,-0.07208441197872162,0.3980334997177124,0.5285792350769043,-0.07340260595083237,0.3417695164680481,0.6879228353500366,-0.04882875457406044,0.34152549505233765,0.6352441310882568,-0.05975962430238724,0.34414565563201904,0.6018515825271606,-0.06130704656243324,0.34373754262924194,0.5636085271835327,-0.062152739614248276
pinza_izquierda,0.3699561357498169,0.8276660442352295,1.0481859646915836e-07,0.4091399610042572,0.8200948238372803,-0.019633425399661064,0.44268691539764404,0.7834911942481995,-0.035407327115535736,0.4594767093658447,0.7591376900672913,-0.04995981231331825,0.44167348742485046,0.7454384565353394,-0.06399265676736832,0.4227578639984131,0.6973573565483093,-0.025043480098247528,0.43951156735420227,0.6352506875991821,-0.04322504997253418,0.4519748389720917,0.6037356853485107,-0.05428028106689453,0.46251532435417175,0.5687950849533081,-0.06323365867137909,0.3965608775615692,0.6942718029022217,-0.03228012099862099,0.4126484990119934,0.6449107527732849,-0.07091078907251358,0.4242880344390869,0.690574049949646,-0.08390741795301437,0.4310290217399597,0.7314395308494568,-0.08236382901668549,0.3687865734100342,0.7014074921607971,-0.042173247784376144,0.3744564950466156,0.6426953673362732,-0.06564243137836456,0.3867952823638916,0.6040676236152649,-0.07393533736467361,0.3966619074344635,0.5632851719856262,-0.07558323442935944,0.34280499815940857,0.7189910411834717,-0.05389944091439247,0.3397420346736908,0.6662814617156982,-0.06390594691038132,0.3416047990322113,0.6330639123916626,-0.06572818011045456,0.3417803943157196,0.5951964259147644,-0.06728126853704453
pinza_izquierda,0.37128567695617676,0.8377566337585449,1.286910276121489e-07,0.41155901551246643,0.831102192401886,-0.01864996924996376,0.44370466470718384,0.7976272702217102,-0.032316096127033234,0.46133339405059814,0.7742352485656738,-0.04502895474433899,0.4452485740184784,0.7632669806480408,-0.05717775598168373,0.4256736934185028,0.7096465826034546,-0.022374264895915985,0.4417279362678528,0.6471007466316223,-0.040211696177721024,0.453712522983551,0.6146204471588135,-0.05089082568883896,0.4648984968662262,0.5799535512924194,-0.0593331903219223,0.39937257766723633,0.7055705785751343,-0.029426289722323418,0.41223037242889404,0.6573651432991028,-0.06592468172311783,0.42342832684516907,0.7008635401725769,-0.07742777466773987,0.43063247203826904,0.741373598575592,-0.0753176286816597,0.3719257116317749,0.7129232883453369,-0.039500027894973755,0.3759632110595703,0.654771089553833,-0.06299371272325516,0.38714495301246643,0.6158770322799683,-0.07202281802892685,0.39650958776474,0.5762488842010498,-0.0739603117108345,0.3459664285182953,0.7302532196044922,-0.05138206481933594,0.3411948084831238,0.6782357692718506,-0.06234129145741463,0.34199151396751404,0.6439986228942871,-0.06561576575040817,0.3412783443927765,0.6057682037353516,-0.0680089220404625
pinza_izquierda,0.375998318195343,0.8750571608543396,1.1332437566125009e-07,0.4128849506378174,0.8686500787734985,-0.02154310792684555,0.4456726908683777,0.8396055102348328,-0.03970193862915039,0.4656253755092621,0.8205892443656921,-0.05630704015493393,0.4559074640274048,0.8051561117172241,-0.07232484221458435,0.43012672662734985,0.7465701699256897,-0.029960453510284424,0.44531580805778503,0.682126522064209,-0.04952140152454376,0.4564840793609619,0.6494835615158081,-0.06049536168575287,0.46715638041496277,0.6163065433502197,-0.06908807158470154,0.40511730313301086,0.744933009147644,-0.03677108883857727,0.42304515838623047,0.6970945000648499,-0.0746712014079094,0.43276309967041016,0.7410612106323242,-0.08600930124521255,0.4378772974014282,0.7782192230224609,-0.08417382836341858,0.37845537066459656,0.7539278268814087,-0.046538036316633224,0.38629478216171265,0.695716381072998,-0.07148773968219757,0.3977668583393097,0.6608189344406128,-0.07955420762300491,0.4064246416091919,0.6225852966308594,-0.08123105764389038,0.35303229093551636,0.7733137011528015,-0.058196693658828735,0.3515525162220001,0.7214339375495911,-0.07065203040838242,0.354180246591568,0.6881018280982971,-0.07376164197921753,0.3541505038738251,0.6494006514549255,-0.07627662271261215
pinza_izquierda,0.3747253715991974,0.8782320022583008,1.378305682919745e-07,0.4147760272026062,0.8722243905067444,-0.01632988080382347,0.4481052756309509,0.8398481607437134,-0.030626606196165085,0.46697181463241577,0.819137692451477,-0.044557590037584305,0.45233556628227234,0.8069014549255371,-0.058380186557769775,0.42928773164749146,0.7503743767738342,-0.02222702093422413,0.4441806972026825,0.6868605613708496,-0.03993745893239975,0.45659172534942627,0.6572550535202026,-0.0505758561193943,0.4692588448524475,0.6281983852386475,-0.05924135074019432,0.40382620692253113,0.7489151358604431,-0.029951604083180428,0.4187268316745758,0.7059165239334106,-0.06598465144634247,0.42856985330581665,0.7499266862869263,-0.0773770734667778,0.4352894127368927,0.7876524329185486,-0.07632267475128174,0.37731119990348816,0.7586288452148438,-0.040368419140577316,0.3834782838821411,0.7040746212005615,-0.0638008639216423,0.3950224816799164,0.6684867143630981,-0.07202965021133423,0.40470078587532043,0.6309088468551636,-0.07435285300016403,0.352474182844162,0.7778304815292358,-0.052259158343076706,0.34959080815315247,0.730749249458313,-0.06423039734363556,0.35102614760398865,0.6986813545227051,-0.06771190464496613,0.35154271125793457,0.6604132652282715,-0.07058368623256683
pinza_izquierda,0.6792264580726624,0.5259625911712646,3.286924368239852e-07,0.7374690771102905,0.5209089517593384,-0.01265388261526823,0.7965914011001587,0.4751497805118561,-0.027859199792146683,0.8374595046043396,0.4505782723426819,-0.04622209817171097,0.8572399616241455,0.4032950699329376,-0.06483461707830429,0.7784302830696106,0.3521023094654083,-0.003083872376009822,0.8223299980163574,0.2773652672767639,-0.022527560591697693,0.8553714752197266,0.24711444973945618,-0.03821023553609848,0.8795782923698425,0.22160875797271729,-0.050873320549726486,0.7582026720046997,0.34224268794059753,-0.01956498995423317,0.8100016117095947,0.2870199382305145,-0.06434191018342972,0.833919107913971,0.33582115173339844,-0.08728501200675964,0.8422286510467529,0.38266146183013916,-0.09119419753551483,0.7313840389251709,0.3421993553638458,-0.039860643446445465,0.7720022201538086,0.2610085606575012,-0.0675186887383461,0.808265209197998,0.2093610316514969,-0.08211405575275421,0.8348761796951294,0.1610415279865265,-0.08815409243106842,0.7009705305099487,0.35615164041519165,-0.06177211552858353,0.71570885181427,0.2850763201713562,-0.07692388445138931,0.7308139801025391,0.23153334856033325,-0.08257360011339188,0.7400239706039429,0.17786547541618347,-0.086685411632061
pinza_izquierda,0.6641536951065063,0.5321435928344727,3.049448480396677e-07,0.7222968935966492,0.5287914872169495,-0.011615429073572159,0.781564474105835,0.4850424826145172,-0.026121867820620537,0.8218290209770203,0.4633139967918396,-0.04383104294538498,0.8445639610290527,0.41997602581977844,-0.06162665784358978,0.7651749849319458,0.3622737228870392,-0.0034162888769060373,0.8103950023651123,0.2878493666648865,-0.022992026060819626,0.844273030757904,0.2597346305847168,-0.038510993123054504,0.8692735433578491,0.23724277317523956,-0.050912994891405106,0.7458421587944031,0.35243815183639526,-0.01991727575659752,0.7997047901153564,0.30309316515922546,-0.06479761004447937,0.822801411151886,0.35199615359306335,-0.0870029628276825,0.8295133113861084,0.3974175453186035,-0.09052317589521408,0.7201216220855713,0.35233333706855774,-0.04017651081085205,0.7637751698493958,0.2731124758720398,-0.06812833994626999,0.8013560771942139,0.22418537735939026,-0.08213334530591965,0.828361451625824,0.17758247256278992,-0.08776754140853882,0.6907099485397339,0.36572566628456116,-0.061942651867866516,0.7059901356697083,0.29591917991638184,-0.07776517421007156,0.7218261957168579,0.24421101808547974,-0.08345559984445572,0.7318132519721985,0.1916157454252243,-0.08737251907587051
pinza_izquierda,0.6581856608390808,0.5366005301475525,2.645156200742349e-07,0.7143535614013672,0.5350813865661621,-0.012611384503543377,0.7730464339256287,0.49423158168792725,-0.02735571749508381,0.8130913376808167,0.47407153248786926,-0.04483070224523544,0.8339221477508545,0.43091681599617004,-0.06208038702607155,0.759426474571228,0.3677799105644226,-0.005908344406634569,0.8048712611198425,0.29227107763290405,-0.025637945160269737,0.8392519950866699,0.2658464014530182,-0.0405607633292675,0.8668150305747986,0.2434256225824356,-0.05246254801750183,0.7404003143310547,0.3570258319377899,-0.021564658731222153,0.7946034073829651,0.3073892295360565,-0.06692908704280853,0.8143110871315002,0.3608907461166382,-0.0869923084974289,0.8183284401893616,0.4099096953868866,-0.08817365765571594,0.7147209048271179,0.3563978672027588,-0.04100590571761131,0.7603492140769958,0.27574703097343445,-0.06927584111690521,0.799616277217865,0.22895169258117676,-0.08111043274402618,0.8275260329246521,0.18460385501384735,-0.08452995121479034,0.6845713257789612,0.3696421682834625,-0.062036626040935516,0.7006589770317078,0.2989080548286438,-0.07817506790161133,0.7165401577949524,0.24818100035190582,-0.08271542191505432,0.7262808680534363,0.1966613382101059,-0.08509854972362518
pinza_izquierda,0.6443996429443359,0.5292156934738159,2.86177140651489e-07,0.7029840350151062,0.5263235569000244,-0.01543751172721386,0.7618416547775269,0.48578405380249023,-0.031151941046118736,0.8025637865066528,0.4651634097099304,-0.04881630092859268,0.8214417695999146,0.4216049909591675,-0.06585129350423813,0.7450251579284668,0.36270788311958313,-0.009292599745094776,0.787186324596405,0.2856249511241913,-0.02948068454861641,0.821029007434845,0.26021528244018555,-0.04499002918601036,0.8478266000747681,0.23909714818000793,-0.05743693932890892,0.7264098525047302,0.3521595299243927,-0.02337455376982689,0.7814544439315796,0.3025394082069397,-0.06891028583049774,0.8021405935287476,0.35513797402381897,-0.09000270068645477,0.8066306710243225,0.4030868709087372,-0.09239569306373596,0.7010451555252075,0.35159850120544434,-0.0412408746778965,0.7469277381896973,0.2736462354660034,-0.06960679590702057,0.7853162884712219,0.2269170880317688,-0.08271325379610062,0.8123731017112732,0.18268150091171265,-0.08742257207632065,0.6710299253463745,0.3652524948120117,-0.060958243906497955,0.6869280338287354,0.29517820477485657,-0.0772886872291565,0.7015747427940369,0.2454887181520462,-0.08287611603736877,0.7105057835578918,0.19535695016384125,-0.08640135079622269
pinza_izquierda,0.6391216516494751,0.5329728722572327,2.774743848021899e-07,0.6946633458137512,0.528910756111145,-0.014632396399974823,0.7518479228019714,0.48889368772506714,-0.031125376001000404,0.7922147512435913,0.46841195225715637,-0.05008494481444359,0.8128910064697266,0.42365607619285583,-0.06882272660732269,0.7377417087554932,0.3673044443130493,-0.009794756770133972,0.7804074287414551,0.2911286950111389,-0.02978411689400673,0.8125033378601074,0.26393014192581177,-0.04462020844221115,0.8390234708786011,0.23962467908859253,-0.05675734952092171,0.7196757793426514,0.35773470997810364,-0.024611257016658783,0.7719120979309082,0.3066665530204773,-0.06917110085487366,0.7914378046989441,0.3578014373779297,-0.08947548270225525,0.7960209846496582,0.40319016575813293,-0.09192550182342529,0.6948135495185852,0.35776403546333313,-0.043134793639183044,0.7373924851417542,0.27741262316703796,-0.07117501646280289,0.7739941477775574,0.23331376910209656,-0.08327899128198624,0.7995774745941162,0.19119946658611298,-0.08748463541269302,0.6651845574378967,0.37131640315055847,-0.06344995647668839,0.6787970662117004,0.30031266808509827,-0.07994921505451202,0.6941534280776978,0.2506365180015564,-0.08572939783334732,0.7036309242248535,0.20016315579414368,-0.08944227546453476
pinza_izquierda,0.6313073635101318,0.5383468866348267,2.1900355307025166e-07,0.6876078248023987,0.5363792777061462,-0.010298607870936394,0.74541175365448,0.4970710277557373,-0.02460727095603943,0.7848331928253174,0.47863996028900146,-0.04202890396118164,0.8043601512908936,0.43939486145973206,-0.05930523946881294,0.7329391241073608,0.37368184328079224,-0.00541502982378006,0.776417076587677,0.30010750889778137,-0.0252273790538311,0.8096707463264465,0.2759447693824768,-0.040051016956567764,0.837315559387207,0.2547996938228607,-0.051885947585105896,0.7148869633674622,0.3649715483188629,-0.02192613296210766,0.7663769125938416,0.3167972266674042,-0.06728839874267578,0.7845311760902405,0.3713304102420807,-0.08677806705236435,0.7884363532066345,0.4201396405696869,-0.08767645806074142,0.6899703145027161,0.3660273253917694,-0.04200024530291557,0.7329833507537842,0.2879784405231476,-0.07026463001966476,0.7703908681869507,0.24170051515102386,-0.0821111723780632,0.7976646423339844,0.1965944468975067,-0.0856616348028183,0.6608818173408508,0.38011208176612854,-0.06345553696155548,0.6759974956512451,0.3123529553413391,-0.07947258651256561,0.6914793252944946,0.26181918382644653,-0.08433181792497635,0.7015476226806641,0.20927493274211884,-0.0871981680393219
pinza_izquierda,0.6450628638267517,0.6268470287322998,2.2240806174522731e-07,0.6988010406494141,0.6312257051467896,-0.0063008335418999195,0.7557694911956787,0.5977917313575745,-0.017245469614863396,0.7937255501747131,0.5858109593391418,-0.03139326348900795,0.8189731240272522,0.5569266080856323,-0.04539130628108978,0.7472883462905884,0.48567572236061096,-0.0014520923141390085,0.7925177812576294,0.4243148863315582,-0.01952880434691906,0.8266845941543579,0.4063381850719452,-0.03347543627023697,0.8535517454147339,0.39220303297042847,-0.04461117461323738,0.7320659756660461,0.4765319526195526,-0.01810363307595253,0.7864646911621094,0.4429759383201599,-0.06002557650208473,0.802683413028717,0.49436986446380615,-0.07936647534370422,0.8041591048240662,0.5382000207901001,-0.08129947632551193,0.7105229496955872,0.47568342089653015,-0.0377754345536232,0.7564560174942017,0.4141065776348114,-0.06518714874982834,0.7976651191711426,0.37858355045318604,-0.07834932208061218,0.828388512134552,0.3419293165206909,-0.08297980576753616,0.685893177986145,0.48700228333473206,-0.058152131736278534,0.7024409770965576,0.4257686138153076,-0.07382600009441376,0.718349277973175,0.382209837436676,-0.07876816391944885,0.7288089990615845,0.3369021713733673,-0.08172912895679474
pinza_izquierda,0.6431553959846497,0.6216534972190857,2.3899042389530223e-07,0.6958401799201965,0.6249604225158691,-0.009548252448439598,0.7504302859306335,0.5948588252067566,-0.023141082376241684,0.7871390581130981,0.5836375951766968,-0.03935566172003746,0.8132873773574829,0.5536981821060181,-0.05539127066731453,0.7452376484870911,0.48571357131004333,-0.007183710113167763,0.7907880544662476,0.42179161310195923,-0.025968099012970924,0.824729323387146,0.40501806139945984,-0.04045584425330162,0.8510184288024902,0.39213356375694275,-0.052081964910030365,0.729174017906189,0.4752569794654846,-0.022630512714385986,0.7822415232658386,0.4399300813674927,-0.06483960896730423,0.7985281944274902,0.49018824100494385,-0.08527880907058716,0.8001982569694519,0.532559871673584,-0.08884799480438232,0.7063713073730469,0.47320955991744995,-0.04098348692059517,0.7503060698509216,0.41205281019210815,-0.06843051314353943,0.7909057140350342,0.377898633480072,-0.08280142396688461,0.8209481239318848,0.342670202255249,-0.08895820379257202,0.6801535487174988,0.4832688570022583,-0.060242895036935806,0.69579017162323,0.4209701716899872,-0.0759577676653862,0.7109370827674866,0.3778040111064911,-0.08183357864618301,0.7210835218429565,0.3327602744102478,-0.08599338680505753
pinza_izquierda,0.6425579190254211,0.6287063360214233,1.8955985581214918e-07,0.6968708634376526,0.634415864944458,-0.007014208473265171,0.7526943683624268,0.603373646736145,-0.019113142043352127,0.7901240587234497,0.5916399359703064,-0.034210484474897385,0.8165258169174194,0.5677023530006409,-0.04910675808787346,0.743554949760437,0.4901588261127472,-0.004510683007538319,0.7881937026977539,0.4287058413028717,-0.02386048622429371,0.822566568851471,0.4135945737361908,-0.0382470078766346,0.8507047295570374,0.403277188539505,-0.04942657798528671,0.7284460663795471,0.48226627707481384,-0.020760564133524895,0.7837890982627869,0.4518834352493286,-0.06426414102315903,0.8001474738121033,0.5038187503814697,-0.08314351737499237,0.8024061918258667,0.5482998490333557,-0.08421548455953598,0.7072156071662903,0.48224076628685,-0.03997444733977318,0.7543757557868958,0.42353013157844543,-0.06879062205553055,0.795971155166626,0.3890621066093445,-0.08115728944540024,0.8271757364273071,0.3540499806404114,-0.0845365822315216,0.6829560399055481,0.4931968152523041,-0.059959858655929565,0.7009445428848267,0.4340893030166626,-0.07743111997842789,0.717261791229248,0.3890129625797272,-0.0828753337264061,0.7290258407592773,0.3419310748577118,-0.08541664481163025
pinza_izquierda,0.6412539482116699,0.6344773769378662,1.8923022082617535e-07,0.6958207488059998,0.6409821510314941,-0.006620832718908787,0.7515005469322205,0.6102158427238464,-0.018808448687195778,0.7890059947967529,0.5994555354118347,-0.03415082395076752,0.8152023553848267,0.576923668384552,-0.04951300099492073,0.7447119951248169,0.49753984808921814,-0.005162541288882494,0.7892451882362366,0.43793511390686035,-0.02481103502213955,0.823582112789154,0.4217045307159424,-0.03899528458714485,0.8518742918968201,0.4107770323753357,-0.05003737285733223,0.7292690873146057,0.48945555090904236,-0.02173290215432644,0.7836017608642578,0.4581712484359741,-0.06442134827375412,0.7995452284812927,0.5101834535598755,-0.08268099278211594,0.801569402217865,0.5542410016059875,-0.08385568857192993,0.7074099779129028,0.48998114466667175,-0.041348494589328766,0.7553730607032776,0.4297720193862915,-0.07029291242361069,0.796686589717865,0.39600786566734314,-0.08286026865243912,0.827131450176239,0.3614756464958191,-0.08666407316923141,0.6823266744613647,0.5020128488540649,-0.06160953640937805,0.7012753486633301,0.4429306387901306,-0.0795387551188469,0.7192134857177734,0.39883074164390564,-0.08564212918281555,0.7319390773773193,0.35284024477005005,-0.08894088119268417
pinza_izquierda,0.6392010450363159,0.6356405019760132,1.8690296599288558e-07,0.6934028267860413,0.6418786644935608,-0.006079521030187607,0.7486041784286499,0.6115618944168091,-0.01751558482646942,0.7859157919883728,0.6014868021011353,-0.03201467543840408,0.8148512244224548,0.5813687443733215,-0.0464678518474102,0.742533266544342,0.5020667314529419,-0.005388831719756126,0.7886370420455933,0.4407714009284973,-0.0249173566699028,0.8233629465103149,0.4232874810695648,-0.03901928663253784,0.8521692156791687,0.411390483379364,-0.05009259656071663,0.728131115436554,0.4947911500930786,-0.021867908537387848,0.7823275327682495,0.46610626578330994,-0.06516483426094055,0.7978336215019226,0.5173094868659973,-0.08386852592229843,0.7993633151054382,0.5597085952758789,-0.08545150607824326,0.7070927023887634,0.49558377265930176,-0.041230931878089905,0.755272626876831,0.43680626153945923,-0.07077706605195999,0.7960453033447266,0.40528687834739685,-0.08355878293514252,0.8258252143859863,0.3720552921295166,-0.08751309663057327,0.682176947593689,0.5067329406738281,-0.06114472076296806,0.7022014856338501,0.4495578408241272,-0.07995950430631638,0.720903754234314,0.4063814580440521,-0.08657852560281754,0.7345349788665771,0.36031657457351685,-0.09013039618730545
pinza_izquierda,0.637145459651947,0.6335639953613281,2.076920395666093e-07,0.691138744354248,0.6393113136291504,-0.007893218658864498,0.7453903555870056,0.6116219758987427,-0.020766528323292732,0.7820119261741638,0.6021768450737,-0.036439258605241776,0.8112024068832397,0.5799542665481567,-0.05208614841103554,0.7411550879478455,0.5036035776138306,-0.0070974333211779594,0.7881382703781128,0.44379958510398865,-0.026633597910404205,0.8220006823539734,0.42605912685394287,-0.04119377210736275,0.8493013381958008,0.41241005063056946,-0.0529470294713974,0.7265691757202148,0.4960848093032837,-0.02304239384829998,0.7797638773918152,0.4649859368801117,-0.06589948385953903,0.7950633764266968,0.515253484249115,-0.08587243407964706,0.7965105175971985,0.5556761622428894,-0.08917494118213654,0.7051939368247986,0.49654245376586914,-0.041870422661304474,0.7520575523376465,0.4379604756832123,-0.07102175056934357,0.7921695709228516,0.4093697965145111,-0.08464235067367554,0.8217210173606873,0.37724748253822327,-0.08978991210460663,0.6796004772186279,0.5077987909317017,-0.061418917030096054,0.7013086080551147,0.4527464509010315,-0.08005063980817795,0.720613956451416,0.4113474488258362,-0.08746125549077988,0.7343564629554749,0.3656774163246155,-0.09213746339082718
pinza_izquierda,0.6367214918136597,0.6284360289573669,2.1799365867991582e-07,0.6905189156532288,0.6333114504814148,-0.006112616043537855,0.745031476020813,0.606232762336731,-0.018269162625074387,0.7817017436027527,0.5979865789413452,-0.03357831388711929,0.8073943853378296,0.5731048583984375,-0.048732940107584,0.7396880984306335,0.49605968594551086,-0.006280141416937113,0.7862185835838318,0.4316372275352478,-0.027412589639425278,0.8200410008430481,0.4148194193840027,-0.043358683586120605,0.8468600511550903,0.4053274393081665,-0.05554956942796707,0.7265031933784485,0.48990148305892944,-0.0230058953166008,0.7786337733268738,0.46001455187797546,-0.0664806216955185,0.7940146923065186,0.5087618827819824,-0.08679866790771484,0.7965928912162781,0.5481914281845093,-0.09037631750106812,0.706009566783905,0.4914596676826477,-0.04268999397754669,0.7519598603248596,0.4314765930175781,-0.07219486683607101,0.7910812497138977,0.40156668424606323,-0.0863533616065979,0.82115238904953,0.368391752243042,-0.09198492020368576,0.6814782619476318,0.5031994581222534,-0.06299283355474472,0.7024047374725342,0.447765588760376,-0.08166796714067459,0.7207406163215637,0.40696680545806885,-0.08912792056798935,0.7345654368400574,0.3620346784591675,-0.09387591481208801
pinza_izquierda,0.6635668873786926,0.7377489805221558,1.843175994054036e-07,0.7206900715827942,0.7549294829368591,-0.005306734703481197,0.7748314738273621,0.7434484362602234,-0.01910102553665638,0.8114269971847534,0.7467048764228821,-0.03594411537051201,0.8435186743736267,0.7365632653236389,-0.05303702875971794,0.7809142470359802,0.6369606852531433,-0.011311200447380543,0.8313881158828735,0.5843966007232666,-0.03217724710702896,0.8657957315444946,0.5713734030723572,-0.04787188768386841,0.8925838470458984,0.5644816160202026,-0.06080067157745361,0.7672931551933289,0.6297803521156311,-0.02822570502758026,0.8222782015800476,0.6226415634155273,-0.07204096019268036,0.8341187238693237,0.6731646656990051,-0.09317507594823837,0.8334226608276367,0.7091513872146606,-0.09873493015766144,0.7462891340255737,0.6299206018447876,-0.047371428459882736,0.8010537028312683,0.5899280905723572,-0.07853322476148605,0.8424688577651978,0.5789119601249695,-0.09376382827758789,0.8748452663421631,0.5603798031806946,-0.10087469220161438,0.720694899559021,0.6408741474151611,-0.06673017889261246,0.7435285449028015,0.5956486463546753,-0.08922434598207474,0.7650095820426941,0.561636209487915,-0.09966214746236801,0.7838775515556335,0.5208332538604736,-0.10653869807720184
pinza_izquierda,0.67530357837677,0.7487553954124451,1.4857647556709708e-07,0.7316117882728577,0.7620055079460144,-0.004983882419764996,0.786048412322998,0.7468468546867371,-0.01787523366510868,0.8239796161651611,0.7478821277618408,-0.03402828052639961,0.856665849685669,0.7370548844337463,-0.050088997930288315,0.7890664339065552,0.6377075910568237,-0.00658103171736002,0.8371516466140747,0.5837838649749756,-0.028127968311309814,0.8684742450714111,0.5769627690315247,-0.044762201607227325,0.8877211809158325,0.5796541571617126,-0.057235121726989746,0.7756742238998413,0.6296199560165405,-0.022951850667595863,0.8334267139434814,0.6222410798072815,-0.06495918333530426,0.8459393978118896,0.6731606721878052,-0.08545000851154327,0.8440341949462891,0.7112616300582886,-0.0904475674033165,0.7552316784858704,0.6292349100112915,-0.0420663021504879,0.8118770718574524,0.589985191822052,-0.07140296697616577,0.8538389205932617,0.5745921730995178,-0.08592931181192398,0.8855211138725281,0.5534409880638123,-0.09259813278913498,0.7299691438674927,0.6393402814865112,-0.06157321482896805,0.7553505301475525,0.593529999256134,-0.08205384016036987,0.7761856913566589,0.5584571957588196,-0.0908198207616806,0.7936328053474426,0.5178475379943848,-0.09645187109708786
pinza_izquierda,0.6701526045799255,0.7416903376579285,2.7230188948124123e-07,0.7262935042381287,0.7577910423278809,-0.007335307076573372,0.7813690304756165,0.7446679472923279,-0.022047733888030052,0.8168250918388367,0.7470781803131104,-0.03920480236411095,0.8505806922912598,0.738164484500885,-0.05617060884833336,0.7837470769882202,0.628761887550354,-0.009818772785365582,0.8323824405670166,0.5805158615112305,-0.03133324906229973,0.8664753437042236,0.5703246593475342,-0.04736362397670746,0.8905476927757263,0.5677542090415955,-0.06002394109964371,0.7688093781471252,0.6205572485923767,-0.0261298306286335,0.8312318325042725,0.6116098165512085,-0.06869222223758698,0.8434171676635742,0.6669195890426636,-0.08906439691781998,0.840475857257843,0.7091130614280701,-0.09363771975040436,0.7481119632720947,0.6236145496368408,-0.04520610347390175,0.80711430311203,0.5838022232055664,-0.07473044842481613,0.851447582244873,0.5693882703781128,-0.08926746249198914,0.8861213326454163,0.5480654239654541,-0.0961371511220932,0.7233536839485168,0.6394261121749878,-0.06479015201330185,0.7525215148925781,0.5995316505432129,-0.08508859574794769,0.7771745920181274,0.566874086856842,-0.09389062225818634,0.7973921298980713,0.5281133651733398,-0.10005225241184235
pinza_izquierda,0.6655484437942505,0.7474608421325684,6.711692890348786e-08,0.7227878570556641,0.7583450078964233,-0.002938556484878063,0.7760902047157288,0.7420526742935181,-0.015304245054721832,0.8128162026405334,0.7440443634986877,-0.03143058717250824,0.8465561270713806,0.7359936833381653,-0.046571485698223114,0.7787771224975586,0.630396842956543,-0.0015988608356565237,0.8269758224487305,0.5996659398078918,-0.0275089293718338,0.8417060375213623,0.6315895915031433,-0.048238251358270645,0.8467650413513184,0.6656308770179749,-0.06172410026192665,0.7662416696548462,0.6211458444595337,-0.018849272280931473,0.8246474862098694,0.6066033840179443,-0.0570058710873127,0.836394727230072,0.6629650592803955,-0.0774960070848465,0.8350949287414551,0.7092597484588623,-0.08345899730920792,0.7457897663116455,0.62286376953125,-0.03983192890882492,0.8031154274940491,0.5796399712562561,-0.06717008352279663,0.845805823802948,0.5643025636672974,-0.08312805742025375,0.8796936869621277,0.5447515249252319,-0.091196708381176,0.7211216688156128,0.6375246644020081,-0.061024729162454605,0.7489481568336487,0.5951936841011047,-0.07972074300050735,0.7727639079093933,0.5617453455924988,-0.08883655071258545,0.7936805486679077,0.5243592262268066,-0.09529780596494675
pinza_izquierda,0.6626060605049133,0.7435532212257385,2.85153532786353e-07,0.7191960215568542,0.7605142593383789,-0.0063454871997237206,0.7743304967880249,0.7477758526802063,-0.02230389416217804,0.8109877109527588,0.7504758834838867,-0.04086313396692276,0.846473217010498,0.7425673007965088,-0.05940372496843338,0.7743198871612549,0.6305707097053528,-0.010958706960082054,0.8246314525604248,0.5856828689575195,-0.03121829777956009,0.8609393835067749,0.5705004930496216,-0.0455985926091671,0.8885825872421265,0.5621702075004578,-0.05728573724627495,0.7590185403823853,0.6212230324745178,-0.028069397434592247,0.8237624764442444,0.6164230108261108,-0.06891333311796188,0.838158905506134,0.6703729033470154,-0.08676942437887192,0.8363406658172607,0.7126851677894592,-0.08975330740213394,0.7397235631942749,0.6252367496490479,-0.047558099031448364,0.8001269698143005,0.5910278558731079,-0.07537012547254562,0.8437608480453491,0.5792242884635925,-0.08569227904081345,0.8756136298179626,0.5614897608757019,-0.08973313868045807,0.7174443006515503,0.6434648036956787,-0.0676666647195816,0.7478951215744019,0.6061823964118958,-0.0873359888792038,0.7717670798301697,0.5730430483818054,-0.0942084789276123,0.7899773716926575,0.5344748497009277,-0.0985206738114357
pinza_izquierda,0.6635429263114929,0.7492947578430176,9.234226183707506e-08,0.7242559790611267,0.7625613808631897,-0.0027135806158185005,0.7783839106559753,0.7518621683120728,-0.017212487757205963,0.816027820110321,0.7569954991340637,-0.03561149165034294,0.8498771786689758,0.7479752898216248,-0.05290624126791954,0.7760255336761475,0.636623203754425,-0.004858667030930519,0.8311114311218262,0.6211522817611694,-0.03264269605278969,0.8438698053359985,0.658079206943512,-0.05458345636725426,0.8462632894515991,0.6945369839668274,-0.0687340497970581,0.7621901631355286,0.6261072754859924,-0.02331075258553028,0.8275713324546814,0.6193375587463379,-0.06166129931807518,0.8410041928291321,0.6753329038619995,-0.08256886154413223,0.8414108753204346,0.7211791276931763,-0.08957023918628693,0.7423900365829468,0.6305180191993713,-0.0453292541205883,0.8063928484916687,0.5942550897598267,-0.07275319844484329,0.849283754825592,0.5809321403503418,-0.08916629105806351,0.8823986053466797,0.563607931137085,-0.09800047427415848,0.7208626866340637,0.6503313779830933,-0.06754852831363678,0.7534898519515991,0.6134538054466248,-0.0865911990404129,0.7788020372390747,0.5805003046989441,-0.09670250862836838,0.8005566000938416,0.5438759922981262,-0.10412687063217163
pinza_izquierda,0.6670496463775635,0.7530840039253235,1.0379925186043693e-07,0.7255563735961914,0.7679293155670166,-0.002001646440476179,0.7803577184677124,0.7560124397277832,-0.015160050243139267,0.8180492520332336,0.7605777382850647,-0.03180301561951637,0.8506576418876648,0.753860354423523,-0.04714103415608406,0.7783381342887878,0.6408747434616089,-0.003485339693725109,0.8324926495552063,0.6176376342773438,-0.029618356376886368,0.8484596014022827,0.6489567756652832,-0.05008940026164055,0.8527953028678894,0.6820658445358276,-0.06300632655620575,0.7640345096588135,0.6297191381454468,-0.021273216232657433,0.8299320936203003,0.6264943480491638,-0.06013501062989235,0.8427168726921082,0.6856450438499451,-0.07916591316461563,0.8415080308914185,0.7346558570861816,-0.08329556882381439,0.7445405721664429,0.6341685652732849,-0.042364779859781265,0.8110431432723999,0.5982000827789307,-0.0693734660744667,0.8557436466217041,0.587243914604187,-0.08268709480762482,0.8899840712547302,0.5726499557495117,-0.08839137852191925,0.7232499122619629,0.6538848876953125,-0.06359943002462387,0.7561058402061462,0.6164326667785645,-0.08181352913379669,0.7803147435188293,0.5842251181602478,-0.08880265057086945,0.8006368279457092,0.5483097434043884,-0.09299585968255997
pinza_izquierda,0.672680675983429,0.6803494691848755,2.8031530519001535e-07,0.7257367968559265,0.6868031620979309,-0.010021216236054897,0.7825021743774414,0.6637882590293884,-0.0246919933706522,0.8212494850158691,0.6582722067832947,-0.04171951115131378,0.8535348176956177,0.6351658701896667,-0.05860009416937828,0.78215491771698,0.5489410758018494,-0.011396598070859909,0.8334211111068726,0.4839290976524353,-0.03458857908844948,0.8697643280029297,0.46708908677101135,-0.0519738495349884,0.8975016474723816,0.45584636926651,-0.06483131647109985,0.7677897214889526,0.5395719408988953,-0.02653600089251995,0.8235633969306946,0.5135518312454224,-0.07223585993051529,0.8380348682403564,0.5652344226837158,-0.09347177296876907,0.8388652801513672,0.605939507484436,-0.09710974246263504,0.7450830340385437,0.5380499362945557,-0.044781774282455444,0.7935264706611633,0.47939348220825195,-0.07598111778497696,0.8348347544670105,0.45080214738845825,-0.08996105939149857,0.8677509427070618,0.4191876947879791,-0.0948537290096283,0.7168431878089905,0.546972393989563,-0.06386930495500565,0.7401467561721802,0.48906368017196655,-0.08321577310562134,0.7599377632141113,0.4482608139514923,-0.08955759555101395,0.7755112051963806,0.4036789834499359,-0.09295040369033813
pinza_izquierda,0.7034794092178345,0.5970962047576904,2.9605587315018056e-07,0.7602696418762207,0.6011710166931152,-0.01258389838039875,0.8231326937675476,0.566992461681366,-0.02609763666987419,0.8662695288658142,0.5515398383140564,-0.04146376997232437,0.9004664421081543,0.5177443027496338,-0.056138038635253906,0.8188202381134033,0.4494757652282715,-0.006427111104130745,0.8706409931182861,0.3783845007419586,-0.025296486914157867,0.9061741828918457,0.3564017415046692,-0.03951817750930786,0.9342105984687805,0.3384609818458557,-0.05069615691900253,0.8027306199073792,0.4356474280357361,-0.020627489313483238,0.8615197539329529,0.3930346369743347,-0.0633624792098999,0.8779720664024353,0.4454444646835327,-0.08368890732526779,0.8796197175979614,0.491486519575119,-0.08640457689762115,0.7788333296775818,0.4304789900779724,-0.038409844040870667,0.8326354622840881,0.3584596514701843,-0.06602376699447632,0.8756030797958374,0.32234281301498413,-0.07956918329000473,0.9092039465904236,0.2871488034725189,-0.08503150939941406,0.7489101886749268,0.4362410008907318,-0.05752212181687355,0.7715606093406677,0.36819955706596375,-0.07453610748052597,0.7923187017440796,0.3211557865142822,-0.0808749794960022,0.8093149065971375,0.2735575735569,-0.08488515764474869
pinza_izquierda,0.6837388873100281,0.5053801536560059,7.813725915184477e-07,0.7564148306846619,0.4950177073478699,-0.010307380929589272,0.8214974403381348,0.451322078704834,-0.021859491243958473,0.8703470826148987,0.42440131306648254,-0.03739091008901596,0.8945384621620178,0.3723318576812744,-0.05101558938622475,0.8034839630126953,0.32576224207878113,0.01768064685165882,0.8542159199714661,0.25306475162506104,0.0015215390594676137,0.8955304622650146,0.22878596186637878,-0.016447866335511208,0.9313600063323975,0.2061009705066681,-0.031025255098938942,0.7874566316604614,0.3095443844795227,0.0013031336711719632,0.844954252243042,0.2668910324573517,-0.03800489008426666,0.8683677911758423,0.31065624952316284,-0.06284387409687042,0.8781707882881165,0.3538784086704254,-0.06958889961242676,0.7654277682304382,0.30189239978790283,-0.02012479305267334,0.8088116645812988,0.22484427690505981,-0.04911649972200394,0.8487926721572876,0.18331193923950195,-0.06882418692111969,0.8758127689361572,0.1484985649585724,-0.07713305950164795,0.7393706440925598,0.308402419090271,-0.04287862777709961,0.7597365975379944,0.2369569092988968,-0.05524875596165657,0.7765070199966431,0.1874040961265564,-0.06027808040380478,0.7865864634513855,0.1376708745956421,-0.06430500745773315
pinza_izquierda,0.5282489657402039,0.43374961614608765,2.2286913292646204e-07,0.5871698260307312,0.4239131808280945,-0.01818215847015381,0.6414198875427246,0.3676788806915283,-0.030751746147871017,0.673387885093689,0.321461945772171,-0.04394930601119995,0.6752992272377014,0.2679482698440552,-0.0565483421087265,0.640134334564209,0.24695852398872375,-0.00732344901189208,0.6778497695922852,0.17702734470367432,-0.030288688838481903,0.7055736780166626,0.1354518085718155,-0.04722297936677933,0.7270057201385498,0.09615889191627502,-0.05984136834740639,0.6073687076568604,0.2247970551252365,-0.019611692056059837,0.6406948566436768,0.1498318314552307,-0.06721716374158859,0.6550084352493286,0.19451960921287537,-0.08761099725961685,0.6606417298316956,0.24048687517642975,-0.08774807304143906,0.5689625144004822,0.21722647547721863,-0.03661656007170677,0.5982068181037903,0.1253143548965454,-0.06942109018564224,0.6279022097587585,0.06592729687690735,-0.08354131877422333,0.6527925133705139,0.010668367147445679,-0.08696581423282623,0.5254608988761902,0.2267134189605713,-0.055336982011795044,0.5328911542892456,0.14968666434288025,-0.07391107827425003,0.5451684594154358,0.09652359783649445,-0.07941575348377228,0.5568183660507202,0.03997170925140381,-0.08188917487859726
pinza_izquierda,0.4246630072593689,0.4449763298034668,2.696835679216747e-07,0.48009103536605835,0.4300050139427185,-0.026213468983769417,0.5275809168815613,0.3765782415866852,-0.04073343053460121,0.547980010509491,0.3250889182090759,-0.05417981371283531,0.5301584005355835,0.27700501680374146,-0.06732167303562164,0.5264731049537659,0.25211361050605774,-0.01467649545520544,0.5458618998527527,0.16296899318695068,-0.0332840159535408,0.5669833421707153,0.11106941103935242,-0.047089092433452606,0.5834870934486389,0.06856341660022736,-0.05762583762407303,0.4924638867378235,0.2341306358575821,-0.018394848331809044,0.5090261697769165,0.15006011724472046,-0.0490325391292572,0.5145754218101501,0.18000102043151855,-0.06134422495961189,0.5182615518569946,0.2148350179195404,-0.06230759620666504,0.4561036229133606,0.2372225522994995,-0.026672951877117157,0.47268685698509216,0.14488554000854492,-0.053517911583185196,0.48857951164245605,0.11851012706756592,-0.06345218420028687,0.49982327222824097,0.10295276343822479,-0.06603125482797623,0.416628897190094,0.2553707957267761,-0.03723876550793648,0.4398002326488495,0.20252908766269684,-0.05548767372965813,0.46238625049591064,0.1996796429157257,-0.05957135185599327,0.4804387092590332,0.2030988335609436,-0.060962870717048645
pinza_izquierda,0.24604517221450806,0.5516594648361206,9.003361611803484e-08,0.3007548451423645,0.5355367660522461,-0.033606745302677155,0.3386198580265045,0.47293874621391296,-0.04743565618991852,0.33581817150115967,0.4153387248516083,-0.05684550479054451,0.31092801690101624,0.37786129117012024,-0.06394141167402267,0.3367956876754761,0.3462882339954376,-0.016728028655052185,0.3571712374687195,0.26858171820640564,-0.03440282121300697,0.3672617971897125,0.21816587448120117,-0.04647679626941681,0.3752896785736084,0.17023928463459015,-0.05640856921672821,0.29574984312057495,0.3308420181274414,-0.01782926730811596,0.29958978295326233,0.24518322944641113,-0.05821947753429413,0.2967298626899719,0.2923879623413086,-0.07282854616641998,0.29622510075569153,0.3437741696834564,-0.06919430196285248,0.253166526556015,0.3325527310371399,-0.02466607838869095,0.2562231719493866,0.23713168501853943,-0.054162923246622086,0.2620561420917511,0.1737796813249588,-0.06878915429115295,0.2682543992996216,0.11405269801616669,-0.0718591958284378,0.21171638369560242,0.3533836305141449,-0.034155767410993576,0.20132115483283997,0.27416902780532837,-0.04924904927611351,0.19880372285842896,0.22538921236991882,-0.05418103560805321,0.1961674988269806,0.17299307882785797,-0.05620576813817024
pinza_izquierda,0.21447379887104034,0.661890983581543,-1.1060039639687602e-07,0.2611972689628601,0.652424693107605,-0.03507761284708977,0.29312634468078613,0.6041752099990845,-0.05478565767407417,0.28236791491508484,0.5604459047317505,-0.06996592879295349,0.25635474920272827,0.5270625352859497,-0.08308035880327225,0.29524314403533936,0.47432640194892883,-0.030098121613264084,0.3059401512145996,0.39898937940597534,-0.05105786770582199,0.31097185611724854,0.35262855887413025,-0.06361070275306702,0.31107452511787415,0.3109895586967468,-0.0732215866446495,0.2531397342681885,0.46054041385650635,-0.03100319765508175,0.25152575969696045,0.3939720392227173,-0.07552535086870193,0.24900740385055542,0.4539003074169159,-0.08871568739414215,0.24694053828716278,0.5074481964111328,-0.08378330618143082,0.21196597814559937,0.46340203285217285,-0.03712359815835953,0.2066596895456314,0.3824676275253296,-0.06676500290632248,0.20751352608203888,0.3253207802772522,-0.07738042622804642,0.2091185748577118,0.26449984312057495,-0.07850129157304764,0.17308305203914642,0.4837610423564911,-0.04606718197464943,0.15723678469657898,0.41172248125076294,-0.061006058007478714,0.15122729539871216,0.3690670430660248,-0.0636429563164711,0.14717483520507812,0.3163672089576721,-0.06417813897132874
pinza_izquierda,0.2219216674566269,0.7253683805465698,-1.3363793982534844e-07,0.26391860842704773,0.7212443351745605,-0.038505084812641144,0.290372371673584,0.6814963817596436,-0.06048290431499481,0.2683974802494049,0.6513547897338867,-0.07776274532079697,0.23341532051563263,0.6339070796966553,-0.09334014356136322,0.27879658341407776,0.5563704967498779,-0.03900417685508728,0.2818160355091095,0.48637115955352783,-0.05758587270975113,0.2797792851924896,0.45131319761276245,-0.067158043384552,0.2741963565349579,0.41456469893455505,-0.07569614797830582,0.23679494857788086,0.550336480140686,-0.03770298883318901,0.22748255729675293,0.5022404193878174,-0.07923947274684906,0.2263551950454712,0.568078875541687,-0.09140738099813461,0.22745421528816223,0.6170530915260315,-0.08831426501274109,0.1983444094657898,0.5607230067253113,-0.04102019593119621,0.18227611482143402,0.4955469071865082,-0.06959272176027298,0.17149069905281067,0.45208853483200073,-0.08009553700685501,0.1631469428539276,0.3973414897918701,-0.08242222666740417,0.1650654375553131,0.5841892957687378,-0.047392554581165314,0.14192858338356018,0.5235785245895386,-0.062299370765686035,0.12990914285182953,0.48896315693855286,-0.0667392686009407,0.11999422311782837,0.43844878673553467,-0.06950373202562332
pinza_izquierda,0.31117910146713257,0.8077292442321777,3.183413070928509e-07,0.27214452624320984,0.8177505135536194,-0.020662114024162292,0.23893137276172638,0.7906672358512878,-0.03359738737344742,0.2301948368549347,0.7581076622009277,-0.046195730566978455,0.2290545552968979,0.7361501455307007,-0.05732392147183418,0.22299769520759583,0.7095966339111328,-0.02915961667895317,0.19940918684005737,0.657662570476532,-0.04827214032411575,0.18808212876319885,0.6249186396598816,-0.06206037104129791,0.17852617800235748,0.5891729593276978,-0.07212543487548828,0.25602319836616516,0.6868605613708496,-0.03196563199162483,0.23715263605117798,0.6369150280952454,-0.05350858345627785,0.2296067625284195,0.6087799072265625,-0.06701407581567764,0.22395779192447662,0.5772477984428406,-0.0751233696937561,0.2924427092075348,0.680368959903717,-0.036354996263980865,0.28679656982421875,0.6434915065765381,-0.06451646983623505,0.29114991426467896,0.6968950033187866,-0.06517442315816879,0.29434332251548767,0.7391095161437988,-0.05761256814002991,0.33060598373413086,0.6842498183250427,-0.042474597692489624,0.33233386278152466,0.6336392760276794,-0.06556307524442673,0.3350648880004883,0.6056174039840698,-0.06887197494506836,0.3367995023727417,0.5802741050720215,-0.0660243034362793
pinza_izquierda,0.28149300813674927,0.8326811194419861,-1.0137259209841432e-07,0.3333125114440918,0.8426430225372314,-0.014898857101798058,0.39572861790657043,0.8282740712165833,-0.025458836928009987,0.4321252405643463,0.8072379231452942,-0.0377064049243927,0.4047284722328186,0.7838131785392761,-0.04979145899415016,0.39871945977211,0.7121918797492981,-0.010600614361464977,0.41299381852149963,0.6496256589889526,-0.02156217209994793,0.4185648560523987,0.618151068687439,-0.03198849409818649,0.4275476038455963,0.5904282927513123,-0.04266524687409401,0.3668256998062134,0.6945730447769165,-0.020179767161607742,0.3773823380470276,0.6606190204620361,-0.048988841474056244,0.3779713213443756,0.7076702117919922,-0.06608894467353821,0.37812715768814087,0.7489895224571228,-0.07346981018781662,0.33164024353027344,0.6916776895523071,-0.03128662705421448,0.34228962659835815,0.6619458794593811,-0.05773011967539787,0.35404688119888306,0.7055485844612122,-0.06715133786201477,0.3602261245250702,0.7403981685638428,-0.06942375749349594,0.2979210317134857,0.7019265294075012,-0.044036611914634705,0.30736052989959717,0.6594871878623962,-0.06028517708182335,0.3129424452781677,0.6268897652626038,-0.0663227066397667,0.3161126375198364,0.5911601185798645,-0.07071482390165329
pinza_izquierda,0.497453898191452,0.8035939931869507,3.060678182009724e-07,0.5466862916946411,0.8036508560180664,-0.019621271640062332,0.5900275707244873,0.7797794938087463,-0.04190445691347122,0.6187503337860107,0.7723191976547241,-0.06412874162197113,0.6106775999069214,0.7596874237060547,-0.0864410549402237,0.5729146003723145,0.6682236194610596,-0.03885458782315254,0.597235918045044,0.5948452353477478,-0.06690162420272827,0.6212980151176453,0.5709784626960754,-0.08543302863836288,0.6457862257957458,0.552176833152771,-0.09951373934745789,0.5419747829437256,0.6659845113754272,-0.0509578175842762,0.5740625262260437,0.6327880620956421,-0.10185253620147705,0.5902978777885437,0.689725935459137,-0.12281476706266403,0.6007024049758911,0.7354393601417542,-0.1273174285888672,0.5083751082420349,0.6760581731796265,-0.06541621685028076,0.5265049934387207,0.6185946464538574,-0.099155955016613,0.5470912456512451,0.5868781208992004,-0.11391142755746841,0.5651839971542358,0.5513272881507874,-0.12067775428295135,0.47545120120048523,0.6988663673400879,-0.08129646629095078,0.4720694124698639,0.6497644186019897,-0.10054522752761841,0.4699530005455017,0.6154486536979675,-0.10770861059427261,0.46763741970062256,0.5734531879425049,-0.11337941884994507
pinza_izquierda,0.5516113638877869,0.7723055481910706,3.3662243481558107e-07,0.6037962436676025,0.7729021310806274,-0.015281366184353828,0.6550753116607666,0.7506272792816162,-0.03511762246489525,0.6898862719535828,0.7459412813186646,-0.05602289363741875,0.6952532529830933,0.7310779690742493,-0.0773097351193428,0.6430971622467041,0.6353769898414612,-0.029286883771419525,0.678023099899292,0.562879204750061,-0.0543646402657032,0.7080716490745544,0.5385338664054871,-0.07150600105524063,0.7343470454216003,0.5203717947006226,-0.08509176969528198,0.6171740889549255,0.6316733956336975,-0.043815191835165024,0.6595697999000549,0.6044122576713562,-0.09132096916437149,0.6790363192558289,0.658174991607666,-0.11279494315385818,0.6862163543701172,0.7033885717391968,-0.11842581629753113,0.5861057043075562,0.6400332450866699,-0.06060950458049774,0.6122412085533142,0.5852539539337158,-0.09243723005056381,0.6411920189857483,0.5536569356918335,-0.10808160901069641,0.6655067205429077,0.5189259052276611,-0.1161775216460228,0.5532215237617493,0.6619589328765869,-0.0785902813076973,0.5581232309341431,0.6122472286224365,-0.09754720330238342,0.562605619430542,0.5757460594177246,-0.10480954498052597,0.5649822950363159,0.5338049530982971,-0.11079572886228561
pinza_izquierda,0.6311772465705872,0.7593764662742615,2.938868988167087e-07,0.6922163963317871,0.7632783055305481,-0.00832316279411316,0.744900107383728,0.7387067079544067,-0.02659052610397339,0.7827014327049255,0.7341470718383789,-0.0469232015311718,0.8084653615951538,0.7250522375106812,-0.06776982545852661,0.733504056930542,0.6250853538513184,-0.02101440168917179,0.7792410850524902,0.5652535557746887,-0.0452365018427372,0.8132663369178772,0.5443944334983826,-0.06252152472734451,0.8418816924095154,0.529808521270752,-0.07705211639404297,0.7139909267425537,0.6227920055389404,-0.0393015593290329,0.7736623883247375,0.6028718948364258,-0.08828109502792358,0.7926457524299622,0.660354733467102,-0.10990903526544571,0.798195481300354,0.7052347660064697,-0.11460456252098083,0.6897782683372498,0.6348245739936829,-0.05952353775501251,0.741719663143158,0.5822883248329163,-0.09371428191661835,0.7834414839744568,0.5577700138092041,-0.10914898663759232,0.8173872232437134,0.5248944759368896,-0.11658186465501785,0.6639968156814575,0.660291850566864,-0.08002983778715134,0.6847903728485107,0.6176827549934387,-0.10240417718887329,0.7045528888702393,0.5831835865974426,-0.1114303395152092,0.7203510403633118,0.5407518744468689,-0.1182602271437645
pinza_izquierda,0.647852897644043,0.661149263381958,2.942096557490004e-07,0.7028167843818665,0.6540958881378174,-0.012015411630272865,0.7589096426963806,0.6188437938690186,-0.028361842036247253,0.7982256412506104,0.6036809682846069,-0.046606484800577164,0.8215916752815247,0.5705456137657166,-0.06468897312879562,0.7447401285171509,0.5067625641822815,-0.01567807048559189,0.7892155647277832,0.42657238245010376,-0.03901522234082222,0.8238645792007446,0.39984625577926636,-0.05581497400999069,0.8517141938209534,0.37882959842681885,-0.06836826354265213,0.7272583246231079,0.5011464953422546,-0.030794894322752953,0.7798457145690918,0.46033763885498047,-0.07722669094800949,0.7982454895973206,0.5098713636398315,-0.09758879989385605,0.802897572517395,0.5496231317520142,-0.10049301385879517,0.7028189897537231,0.5044229626655579,-0.0489923357963562,0.7454167604446411,0.4321185052394867,-0.07973054051399231,0.7817970514297485,0.3943033218383789,-0.09235592931509018,0.8098812699317932,0.3537108898162842,-0.09678883850574493,0.6739988327026367,0.5196744799613953,-0.06829626858234406,0.6890457272529602,0.4560324549674988,-0.08676599711179733,0.7038737535476685,0.4125383198261261,-0.09216751903295517,0.7147845029830933,0.36476173996925354,-0.09532157331705093
pinza_izquierda,0.6200374960899353,0.5602270364761353,3.008266844517493e-07,0.6738231182098389,0.5523604154586792,-0.01646946743130684,0.7327428460121155,0.5031617283821106,-0.031707581132650375,0.7754589915275574,0.4748910069465637,-0.04845133423805237,0.7863012552261353,0.4325532019138336,-0.06438525021076202,0.712375819683075,0.3772091865539551,-0.011011951602995396,0.7536011338233948,0.29226788878440857,-0.030614495277404785,0.7850916981697083,0.26094862818717957,-0.04436888545751572,0.8116692304611206,0.23395532369613647,-0.05563218146562576,0.6895011067390442,0.36637452244758606,-0.024290286004543304,0.743684709072113,0.3088037967681885,-0.06935089081525803,0.7658452391624451,0.36090847849845886,-0.0875287726521492,0.7730493545532227,0.40748172998428345,-0.08767315000295639,0.6614184379577637,0.3686661124229431,-0.04153664410114288,0.7045434713363647,0.2800471782684326,-0.06977555900812149,0.7392449378967285,0.2305220514535904,-0.0813707485795021,0.7644081115722656,0.1820807158946991,-0.08515767753124237,0.6280965209007263,0.3850994408130646,-0.06079334393143654,0.6444351077079773,0.3148411214351654,-0.07738980650901794,0.6603385806083679,0.26517653465270996,-0.08323461562395096,0.6712507605552673,0.2137119472026825,-0.08708149939775467
pinza_izquierda,0.5050444602966309,0.5640038847923279,1.9516927807217144e-07,0.5614302754402161,0.5495033264160156,-0.01846829056739807,0.6118299961090088,0.4962337017059326,-0.03504519537091255,0.6428425908088684,0.46313250064849854,-0.05181349068880081,0.636247456073761,0.4243752062320709,-0.06763850152492523,0.5932565331459045,0.36742594838142395,-0.017905505374073982,0.6237295866012573,0.28183242678642273,-0.041350141167640686,0.6475706100463867,0.24670837819576263,-0.056980203837156296,0.6684272289276123,0.2130279392004013,-0.06868172436952591,0.5577709674835205,0.35891732573509216,-0.029843071475625038,0.5943892002105713,0.29490718245506287,-0.07999172061681747,0.61002516746521,0.3579574525356293,-0.09745778143405914,0.6170287132263184,0.41273683309555054,-0.0948420986533165,0.5202893018722534,0.36533409357070923,-0.04573586583137512,0.546579122543335,0.2767181694507599,-0.07770776748657227,0.5692027807235718,0.21940326690673828,-0.08906792104244232,0.586604118347168,0.1613616645336151,-0.09099311381578445,0.48303574323654175,0.3889021575450897,-0.06324668228626251,0.48798900842666626,0.3183804154396057,-0.07862085849046707,0.4935508370399475,0.2713626027107239,-0.08048432320356369,0.49588578939437866,0.21823786199092865,-0.08090821653604507
pinza_izquierda,0.4300442337989807,0.5931745767593384,2.3196361098598572e-07,0.4831123948097229,0.5753210186958313,-0.025385046377778053,0.5286891460418701,0.5216679573059082,-0.04412531107664108,0.5541942119598389,0.48489463329315186,-0.061915189027786255,0.5419202446937561,0.44924619793891907,-0.07818012684583664,0.5120834708213806,0.39350736141204834,-0.01975080370903015,0.5352848172187805,0.3141573369503021,-0.04179474338889122,0.5543748140335083,0.27569735050201416,-0.056153345853090286,0.5731019973754883,0.2359856814146042,-0.06755447387695312,0.47406476736068726,0.38556522130966187,-0.02817484550178051,0.49767154455184937,0.3192462921142578,-0.07678503543138504,0.512060284614563,0.3793415129184723,-0.09419113397598267,0.5212724208831787,0.4316791594028473,-0.09193567931652069,0.4348802864551544,0.39262834191322327,-0.04117870703339577,0.4496513903141022,0.3066367208957672,-0.072633758187294,0.46660375595092773,0.24991944432258606,-0.08474625647068024,0.479792982339859,0.1919810026884079,-0.08702785521745682,0.39532989263534546,0.415316104888916,-0.05659845098853111,0.39331188797950745,0.34365320205688477,-0.07226261496543884,0.3942824900150299,0.2963429391384125,-0.07624299079179764,0.3934550881385803,0.24128058552742004,-0.07817110419273376
pinza_izquierda,0.315965473651886,0.6275348663330078,1.33571447236136e-07,0.3659819960594177,0.6076769232749939,-0.021156631410121918,0.4030482769012451,0.5442622900009155,-0.03527170047163963,0.4126625657081604,0.4983917772769928,-0.04900910332798958,0.38429510593414307,0.471040278673172,-0.06185603886842728,0.38444891571998596,0.41572296619415283,-0.0059949541464447975,0.3984452486038208,0.34084776043891907,-0.021799005568027496,0.40757888555526733,0.29599905014038086,-0.032985620200634,0.4137468636035919,0.25079983472824097,-0.043055322021245956,0.3441306948661804,0.4084939956665039,-0.014971724711358547,0.35148295760154724,0.3382428288459778,-0.05690828338265419,0.3629807233810425,0.39828017354011536,-0.07214854657649994,0.371579647064209,0.45397281646728516,-0.06890419870615005,0.30364662408828735,0.4189927875995636,-0.028502129018306732,0.3035659193992615,0.3355270028114319,-0.05524241924285889,0.31037983298301697,0.2746550440788269,-0.06672202795743942,0.31632640957832336,0.21385954320430756,-0.06925608962774277,0.26472362875938416,0.44862404465675354,-0.04399727284908295,0.25044405460357666,0.3784620761871338,-0.05497095361351967,0.24447029829025269,0.3331080973148346,-0.05626915767788887,0.23806148767471313,0.2810049057006836,-0.05714865028858185
pinza_izquierda,0.22509945929050446,0.6145883202552795,1.399775442223472e-07,0.27697470784187317,0.5907605886459351,-0.03357313945889473,0.3093007802963257,0.5254764556884766,-0.04931036755442619,0.2998754680156708,0.473030686378479,-0.06118892878293991,0.26819080114364624,0.4385349750518799,-0.0712604969739914,0.2910275459289551,0.397051066160202,-0.016157811507582664,0.29892846941947937,0.3226439356803894,-0.03440985456109047,0.30243444442749023,0.27383601665496826,-0.047281380742788315,0.30216678977012634,0.22760629653930664,-0.05778078734874725,0.2468482404947281,0.3904142677783966,-0.017355380579829216,0.2369919866323471,0.3192000985145569,-0.05822300910949707,0.24274225533008575,0.373910129070282,-0.07323018461465836,0.24970364570617676,0.425189346075058,-0.07025732100009918,0.20420490205287933,0.4017491936683655,-0.024394739419221878,0.19306522607803345,0.3163037598133087,-0.053701456636190414,0.1911109983921051,0.25649356842041016,-0.06716784834861755,0.1901252120733261,0.19524633884429932,-0.07008682936429977,0.16500861942768097,0.4317536950111389,-0.0341048501431942,0.14540323615074158,0.35939669609069824,-0.04906469210982323,0.1380607783794403,0.31496554613113403,-0.05313379690051079,0.13081201910972595,0.26317036151885986,-0.054786503314971924
pinza_izquierda,0.2554323971271515,0.5330404043197632,6.37521537782959e-08,0.30925652384757996,0.5060156583786011,-0.02760019712150097,0.34251174330711365,0.4271281063556671,-0.039675597101449966,0.3463558554649353,0.3629952073097229,-0.04858151450753212,0.3140203356742859,0.32626408338546753,-0.055933818221092224,0.3235231935977936,0.2959510087966919,-0.015080013312399387,0.33659663796424866,0.20840303599834442,-0.034351885318756104,0.3446383774280548,0.15162761509418488,-0.04824669659137726,0.3506277799606323,0.09428395330905914,-0.05956136807799339,0.2777995467185974,0.2855856120586395,-0.019718317314982414,0.2747209072113037,0.1903398185968399,-0.06233461946249008,0.28224611282348633,0.24179571866989136,-0.07758395373821259,0.28934624791145325,0.2965623438358307,-0.07362920790910721,0.23359180986881256,0.29479336738586426,-0.029491297900676727,0.22801601886749268,0.19044913351535797,-0.059633947908878326,0.22998656332492828,0.11613094806671143,-0.07553388923406601,0.2315644770860672,0.046200335025787354,-0.07998498529195786,0.19241955876350403,0.3233221471309662,-0.04122122749686241,0.17565599083900452,0.23931223154067993,-0.055583588778972626,0.1693173348903656,0.18610572814941406,-0.05993659421801567,0.16246092319488525,0.12912270426750183,-0.06238315999507904
pinza_izquierda,0.5132586359977722,0.5223126411437988,2.2318535286558472e-07,0.5724988579750061,0.49534302949905396,-0.01928950473666191,0.62156742811203,0.42568227648735046,-0.038127072155475616,0.6520188450813293,0.37703415751457214,-0.05803485959768295,0.6358211040496826,0.3299759030342102,-0.07702161371707916,0.5887559652328491,0.2917928695678711,-0.016580762341618538,0.6112720966339111,0.19233755767345428,-0.04528459534049034,0.6376149654388428,0.14752836525440216,-0.0660516768693924,0.6596615314483643,0.10769760608673096,-0.08062613010406494,0.5537762641906738,0.28659605979919434,-0.030091818422079086,0.5839847922325134,0.213697612285614,-0.0874074324965477,0.6048390865325928,0.27530068159103394,-0.10881589353084564,0.6163374185562134,0.32946324348449707,-0.10735359787940979,0.5157831311225891,0.296398401260376,-0.048161521553993225,0.5305417776107788,0.19534173607826233,-0.0864693894982338,0.5481624007225037,0.1278442144393921,-0.10115966200828552,0.5602883696556091,0.06073358654975891,-0.10405436903238297,0.4779367446899414,0.3234197497367859,-0.06772420555353165,0.4722649157047272,0.24394309520721436,-0.08617062121629715,0.47216424345970154,0.18925654888153076,-0.08904422074556351,0.469089537858963,0.12837481498718262,-0.08991196751594543
pinza_izquierda,0.24413518607616425,0.6167466640472412,1.788489214504807e-07,0.29900938272476196,0.5883102416992188,-0.05044466629624367,0.3258967399597168,0.5144797563552856,-0.07788059115409851,0.30798959732055664,0.46005287766456604,-0.09888187795877457,0.2668097913265228,0.42409878969192505,-0.11719899624586105,0.30737096071243286,0.3617376983165741,-0.04356372356414795,0.3208153545856476,0.257301390171051,-0.07079590857028961,0.3273988366127014,0.18816064298152924,-0.08706747740507126,0.3294389247894287,0.12674564123153687,-0.09995092451572418,0.2561741769313812,0.3581198751926422,-0.04112347960472107,0.2440512478351593,0.2772042751312256,-0.09961744397878647,0.25127503275871277,0.34600409865379333,-0.11782630532979965,0.2621247470378876,0.4084300994873047,-0.11296534538269043,0.2098819762468338,0.3715355098247528,-0.04553065821528435,0.193955197930336,0.2643531262874603,-0.08465135097503662,0.18924573063850403,0.19096249341964722,-0.10013185441493988,0.18527568876743317,0.11593130230903625,-0.10337001085281372,0.17042720317840576,0.4041736125946045,-0.053966958075761795,0.1472133845090866,0.3214457035064697,-0.07408245652914047,0.13768044114112854,0.2691274583339691,-0.0801658034324646,0.12885071337223053,0.2056954801082611,-0.08323504030704498
pinza_izquierda,0.4441651403903961,0.5937911868095398,2.063504069838018e-07,0.5039318203926086,0.5687759518623352,-0.027910184115171432,0.547691822052002,0.49963289499282837,-0.04864005744457245,0.5691326260566711,0.4454025626182556,-0.06767401099205017,0.5382207036018372,0.4160306453704834,-0.08488643169403076,0.5239377617835999,0.36351656913757324,-0.025891615077853203,0.5501154065132141,0.2678340673446655,-0.05197586491703987,0.5690084099769592,0.20984810590744019,-0.06823723763227463,0.5831844210624695,0.15438136458396912,-0.08087693154811859,0.47948113083839417,0.3551027774810791,-0.03533393144607544,0.4996298849582672,0.27589336037635803,-0.09065496921539307,0.5138598084449768,0.34479907155036926,-0.10773417353630066,0.5226548314094543,0.4068761467933655,-0.10277017951011658,0.4347332715988159,0.3635638952255249,-0.04964422807097435,0.4380250871181488,0.266509085893631,-0.08573351055383682,0.4481836259365082,0.19331032037734985,-0.10013732314109802,0.45579567551612854,0.11974084377288818,-0.10352415591478348,0.39249294996261597,0.3926311731338501,-0.0662667378783226,0.37188512086868286,0.3142673671245575,-0.08172515034675598,0.36238938570022583,0.26261335611343384,-0.08451258391141891,0.35309624671936035,0.20218081772327423,-0.08645154535770416
pinza_izquierda,0.5802938938140869,0.5625503659248352,3.1453640758627444e-07,0.6410658359527588,0.5432683825492859,-0.02391905151307583,0.6932764649391174,0.4847586750984192,-0.04465033859014511,0.7257415056228638,0.4426773190498352,-0.06509541720151901,0.7078190445899963,0.40901559591293335,-0.08457007259130478,0.6678736209869385,0.3546171486377716,-0.02651369757950306,0.6963200569152832,0.2605408728122711,-0.05356777831912041,0.7177553772926331,0.20711517333984375,-0.07152986526489258,0.7351692914962769,0.15459538996219635,-0.08541640639305115,0.6275057792663574,0.3465244174003601,-0.03949747979640961,0.6604679822921753,0.2719278335571289,-0.09618247300386429,0.6836729049682617,0.3328428864479065,-0.11741689592599869,0.6960268020629883,0.3906036913394928,-0.11641807109117508,0.5853240489959717,0.3551577031612396,-0.05649348348379135,0.6007959246635437,0.26362961530685425,-0.09429407119750977,0.6213634610176086,0.19904746115207672,-0.11123982816934586,0.6373254656791687,0.13599179685115814,-0.11637907475233078,0.5448676347732544,0.38249874114990234,-0.07533637434244156,0.5365902781486511,0.3062683641910553,-0.09255070239305496,0.534650444984436,0.2553161084651947,-0.0970543622970581,0.530577540397644,0.1983848363161087,-0.10031159967184067
pinza_izquierda,0.5946204662322998,0.6063308715820312,2.1687165485673177e-07,0.6555960178375244,0.5914056301116943,-0.022443832829594612,0.7095763683319092,0.5410463809967041,-0.04501830041408539,0.7453435063362122,0.5113875269889832,-0.06792102009057999,0.731410801410675,0.4816107749938965,-0.09003414213657379,0.6885545253753662,0.4122822880744934,-0.031410057097673416,0.7189072966575623,0.31141287088394165,-0.05897481366991997,0.7453771829605103,0.2593596577644348,-0.0764131247997284,0.7661906480789185,0.2092789113521576,-0.09000615775585175,0.6509808897972107,0.4074711203575134,-0.046105507761240005,0.6898156404495239,0.3444850444793701,-0.10362169146537781,0.7120152711868286,0.4072842001914978,-0.1243332251906395,0.7223096489906311,0.4587033987045288,-0.12371843308210373,0.6121777892112732,0.41600191593170166,-0.06435622274875641,0.6324055790901184,0.32872286438941956,-0.09918373823165894,0.655803382396698,0.2674160301685333,-0.11114389449357986,0.6735652089118958,0.2036418914794922,-0.1142273098230362,0.5736082196235657,0.43989109992980957,-0.08509088307619095,0.5700206756591797,0.36103880405426025,-0.10195611417293549,0.569802463054657,0.3096737265586853,-0.10452625900506973,0.567457914352417,0.251765638589859,-0.10618805140256882
pinza_izquierda,0.598121702671051,0.6925676465034485,2.6436160283083154e-07,0.6578874588012695,0.6860225796699524,-0.02395653910934925,0.711570143699646,0.6568513512611389,-0.049838874489068985,0.7487078905105591,0.6460654735565186,-0.07576300948858261,0.7494087815284729,0.6188671588897705,-0.10094553232192993,0.6978679299354553,0.5296081900596619,-0.04070379585027695,0.7378323674201965,0.44111013412475586,-0.07111980020999908,0.7681764960289001,0.3999488353729248,-0.0908815786242485,0.7915530204772949,0.35883861780166626,-0.10636401176452637,0.6650960445404053,0.5254544615745544,-0.056033533066511154,0.7106521725654602,0.48495107889175415,-0.1142752468585968,0.7318243384361267,0.5503504276275635,-0.13891907036304474,0.7382696270942688,0.6014001369476318,-0.14345654845237732,0.6295710206031799,0.532171368598938,-0.07443959265947342,0.6584603190422058,0.4633454382419586,-0.11311035603284836,0.6903173923492432,0.4200361371040344,-0.13074828684329987,0.7144922018051147,0.3700982928276062,-0.13859155774116516,0.5952411890029907,0.5535528659820557,-0.09479212015867233,0.5987966060638428,0.4876870810985565,-0.1148669570684433,0.6024895906448364,0.44376176595687866,-0.120963916182518,0.6018362641334534,0.39313849806785583,-0.12608684599399567
pinza_izquierda,0.5973820090293884,0.7452206015586853,2.495005730906996e-07,0.6547822952270508,0.7443603277206421,-0.01879524253308773,0.7080458402633667,0.7238425016403198,-0.043117456138134,0.7453294992446899,0.7208633422851562,-0.06801952421665192,0.7506736516952515,0.704163670539856,-0.09273446351289749,0.6970881819725037,0.6023010015487671,-0.04231832176446915,0.7380670309066772,0.5212709903717041,-0.07272321730852127,0.7701722979545593,0.4840191900730133,-0.09287600964307785,0.7960413694381714,0.4496855139732361,-0.10856202244758606,0.6685187816619873,0.5973390340805054,-0.05837458744645119,0.7142254114151001,0.5767086744308472,-0.11380693316459656,0.7344385385513306,0.6382959485054016,-0.13861969113349915,0.7396128177642822,0.6860281229019165,-0.14546367526054382,0.6349881291389465,0.6043906211853027,-0.0763864815235138,0.6641644239425659,0.5473672747612,-0.11464744806289673,0.6955314874649048,0.5118196606636047,-0.13365045189857483,0.7202670574188232,0.4719349443912506,-0.14340734481811523,0.6010715365409851,0.6260698437690735,-0.09547629952430725,0.6023833751678467,0.5679816007614136,-0.11619029194116592,0.6039127111434937,0.5264308452606201,-0.12347060441970825,0.6027933955192566,0.48000678420066833,-0.12986497581005096
pinza_izquierda,0.22535383701324463,0.7010660767555237,1.313934347990653e-07,0.27387332916259766,0.6855607628822327,-0.017185231670737267,0.3113604187965393,0.6290320158004761,-0.024869590997695923,0.3208830654621124,0.58100426197052,-0.03223172947764397,0.2956026494503021,0.5557540059089661,-0.038827866315841675,0.29683631658554077,0.5412092804908752,0.002347261179238558,0.31176239252090454,0.48621153831481934,-0.007151074707508087,0.3225240111351013,0.4506053924560547,-0.015144160017371178,0.331175297498703,0.41439804434776306,-0.02328106202185154,0.26633596420288086,0.5281597375869751,-0.003658490953966975,0.2747761011123657,0.4605710506439209,-0.034246236085891724,0.2800237536430359,0.4997851848602295,-0.04762358218431473,0.28321772813796997,0.5417048335075378,-0.046105556190013885,0.2342345416545868,0.5271012187004089,-0.013350137509405613,0.23648905754089355,0.4555370807647705,-0.03289635851979256,0.2437010258436203,0.40721243619918823,-0.04355359822511673,0.250304639339447,0.36187848448753357,-0.046496450901031494,0.20181557536125183,0.5409393906593323,-0.02499839849770069,0.19276727735996246,0.4813646674156189,-0.033227331936359406,0.18971748650074005,0.4431048035621643,-0.03644411638379097,0.18632903695106506,0.40197157859802246,-0.03885256499052048
pinza_izquierda,0.133523628115654,0.8142044544219971,6.674804922113253e-07,0.22280067205429077,0.802776038646698,-0.054313305765390396,0.2874598503112793,0.7198628187179565,-0.07547645270824432,0.2547612190246582,0.63886559009552,-0.09445711225271225,0.19293388724327087,0.591714084148407,-0.11043740808963776,0.2803724706172943,0.5147159695625305,-0.03454839438199997,0.3240082263946533,0.38910385966300964,-0.06088137999176979,0.34933969378471375,0.3154541254043579,-0.07727976888418198,0.3680168092250824,0.2466716468334198,-0.08635891228914261,0.21699462831020355,0.48262858390808105,-0.036653149873018265,0.22704607248306274,0.3295676112174988,-0.07497613877058029,0.2379060685634613,0.2350771427154541,-0.10472018271684647,0.24277926981449127,0.14643365144729614,-0.12103679776191711,0.15805992484092712,0.48659002780914307,-0.0449930801987648,0.16619972884655,0.3945932388305664,-0.10257024317979813,0.18421132862567902,0.49514806270599365,-0.1192970722913742,0.1911538690328598,0.5659012794494629,-0.11329914629459381,0.09799153357744217,0.5109415650367737,-0.05789472162723541,0.08341576159000397,0.3918859362602234,-0.09120696783065796,0.08007857948541641,0.31527072191238403,-0.09960795938968658,0.08042091876268387,0.2304738461971283,-0.10086911916732788
pinza_izquierda,0.13913537561893463,0.7912341356277466,6.176442752803268e-07,0.2266729474067688,0.7749261856079102,-0.052742015570402145,0.2913438081741333,0.6937209963798523,-0.07449555397033691,0.2597421705722809,0.6075586676597595,-0.09370853006839752,0.19931276142597198,0.5599386692047119,-0.10987430810928345,0.28499484062194824,0.49551865458488464,-0.037629634141922,0.3316461741924286,0.36870911717414856,-0.06349888443946838,0.35706251859664917,0.29423582553863525,-0.07905817031860352,0.3756222128868103,0.2253706157207489,-0.08793752640485764,0.22313782572746277,0.4627934992313385,-0.039847128093242645,0.23526057600975037,0.31025126576423645,-0.07734902203083038,0.2474978268146515,0.2143765091896057,-0.10662207007408142,0.2529483437538147,0.12618282437324524,-0.12345726042985916,0.16547495126724243,0.46569371223449707,-0.047682903707027435,0.17597395181655884,0.3710477948188782,-0.10277964919805527,0.19525617361068726,0.4604107439517975,-0.12158728390932083,0.20186355710029602,0.5278882384300232,-0.11884144693613052,0.10676319152116776,0.4894602596759796,-0.05970536544919014,0.08796088397502899,0.3693024814128876,-0.09261032938957214,0.08144869655370712,0.28948307037353516,-0.10324634611606598,0.07730069756507874,0.20599251985549927,-0.10671177506446838
pinza_izquierda,0.14501827955245972,0.792182207107544,6.120955617916479e-07,0.23476845026016235,0.7795370817184448,-0.05081407353281975,0.30144697427749634,0.6981616020202637,-0.07133525609970093,0.27237647771835327,0.6132877469062805,-0.08949536085128784,0.21115490794181824,0.569683313369751,-0.10456608235836029,0.29235655069351196,0.5018644332885742,-0.03599429130554199,0.3402490019798279,0.3744496703147888,-0.060324396938085556,0.36574575304985046,0.30189406871795654,-0.07379677891731262,0.38390469551086426,0.2344750165939331,-0.08144335448741913,0.23220840096473694,0.4704955816268921,-0.0380328893661499,0.24473123252391815,0.3172721862792969,-0.07472073286771774,0.25599321722984314,0.22324034571647644,-0.10131049156188965,0.25969699025154114,0.13518771529197693,-0.11643949151039124,0.17617474496364594,0.4727925658226013,-0.04562108591198921,0.18588240444660187,0.3719455897808075,-0.09913767129182816,0.2024417668581009,0.46806076169013977,-0.11353852599859238,0.20746031403541565,0.5385794043540955,-0.10817648470401764,0.11810123175382614,0.49546992778778076,-0.057561326771974564,0.09915858507156372,0.377865731716156,-0.09011367708444595,0.0940854623913765,0.2985963225364685,-0.1001058891415596,0.09199812263250351,0.21169915795326233,-0.10337899625301361
pinza_izquierda,0.14024904370307922,0.7872180938720703,6.853817922092276e-07,0.23110081255435944,0.7798537015914917,-0.05620727688074112,0.2988089323043823,0.7035323977470398,-0.07721235603094101,0.26783183217048645,0.6242713928222656,-0.09584839642047882,0.2108692228794098,0.567752480506897,-0.11147583276033401,0.29822757840156555,0.496023952960968,-0.03176301345229149,0.34731191396713257,0.3751998543739319,-0.05768902599811554,0.37395739555358887,0.29892605543136597,-0.07416144013404846,0.3924635946750641,0.23090329766273499,-0.08233129978179932,0.23529957234859467,0.4654988646507263,-0.032821450382471085,0.2466326206922531,0.3129124939441681,-0.07207812368869781,0.2544851303100586,0.21758687496185303,-0.10254663974046707,0.2570188343524933,0.1329190731048584,-0.11714772880077362,0.17707279324531555,0.4694785475730896,-0.04041283205151558,0.1900210976600647,0.38821375370025635,-0.09907137602567673,0.20222297310829163,0.4850822687149048,-0.11426084488630295,0.20485438406467438,0.5511643886566162,-0.10500208288431168,0.11927065998315811,0.49031877517700195,-0.05276699364185333,0.11839830875396729,0.37129825353622437,-0.08531861007213593,0.12635628879070282,0.29962074756622314,-0.08988022804260254,0.13838201761245728,0.2207905352115631,-0.08660930395126343
pinza_izquierda,0.13977444171905518,0.788520872592926,7.7522105357275e-07,0.22596833109855652,0.7850444912910461,-0.055060628801584244,0.29552868008613586,0.7153145670890808,-0.07675477117300034,0.26733627915382385,0.6426794528961182,-0.09650979191064835,0.21075573563575745,0.5875028967857361,-0.11321794986724854,0.29207926988601685,0.5066279768943787,-0.03209519013762474,0.3339017629623413,0.3819812536239624,-0.05871099978685379,0.35586708784103394,0.30347222089767456,-0.07434457540512085,0.37073609232902527,0.23423239588737488,-0.0810796245932579,0.23273847997188568,0.47810035943984985,-0.03457465395331383,0.25886502861976624,0.3283895254135132,-0.07237090170383453,0.2800254821777344,0.23277339339256287,-0.10077613592147827,0.29415059089660645,0.14963415265083313,-0.11398961395025253,0.1759815812110901,0.48150435090065,-0.04398427531123161,0.19238272309303284,0.4029691219329834,-0.10272006690502167,0.2026442289352417,0.5001434087753296,-0.11847691982984543,0.20547236502170563,0.5663307905197144,-0.10924652218818665,0.1174185499548912,0.5007993578910828,-0.0579424686729908,0.11579403281211853,0.38587677478790283,-0.08997388929128647,0.12144554406404495,0.3166911005973816,-0.09493274986743927,0.13183867931365967,0.23794212937355042,-0.09227855503559113
pinza_izquierda,0.1340419054031372,0.79314786195755,7.678278848288755e-07,0.22002100944519043,0.7915741205215454,-0.05811356008052826,0.2890254259109497,0.7211419343948364,-0.08118214458227158,0.2616811990737915,0.6483432054519653,-0.1020141988992691,0.20736870169639587,0.5909606218338013,-0.11958073079586029,0.288666307926178,0.5076524615287781,-0.03505226597189903,0.32939204573631287,0.3840576708316803,-0.06353139877319336,0.35146695375442505,0.3048744201660156,-0.08091071993112564,0.36670753359794617,0.2351633608341217,-0.08890841901302338,0.22855213284492493,0.4797343313694,-0.03644803538918495,0.25329476594924927,0.33207231760025024,-0.07652271538972855,0.27362143993377686,0.23589405417442322,-0.1069306954741478,0.28797778487205505,0.15303757786750793,-0.12151304632425308,0.1709652841091156,0.4835420250892639,-0.04507579654455185,0.18658669292926788,0.4072059690952301,-0.10543826967477798,0.19629225134849548,0.5049778819084167,-0.12182924151420593,0.19907382130622864,0.5721660256385803,-0.11296172440052032,0.11235965043306351,0.5022307634353638,-0.05856642499566078,0.11069411039352417,0.38641953468322754,-0.0914229080080986,0.11579479277133942,0.31768137216567993,-0.09663832932710648,0.12613287568092346,0.2392820417881012,-0.09415682405233383
pinza_izquierda,0.13185560703277588,0.814283013343811,7.420075576192176e-07,0.21914365887641907,0.8077434301376343,-0.05614358186721802,0.2829182744026184,0.7329875230789185,-0.0778469666838646,0.2436242699623108,0.6661788821220398,-0.09776665270328522,0.18422220647335052,0.6159244775772095,-0.11457985639572144,0.273068904876709,0.5234323740005493,-0.031926918774843216,0.30864065885543823,0.398967444896698,-0.058014918118715286,0.3270646333694458,0.31905215978622437,-0.0742170438170433,0.33885639905929565,0.24853330850601196,-0.0821894183754921,0.2116967886686325,0.4982607960700989,-0.033868178725242615,0.22500427067279816,0.3503875732421875,-0.07321365177631378,0.2393905520439148,0.25188788771629333,-0.10420328378677368,0.24877770245075226,0.1652606725692749,-0.11974126845598221,0.15557900071144104,0.5054158568382263,-0.042814917862415314,0.16464325785636902,0.42820918560028076,-0.10244151949882507,0.1773143708705902,0.5281844139099121,-0.119491808116436,0.1813327670097351,0.5947645306587219,-0.11154960095882416,0.09883623570203781,0.5278564691543579,-0.05650133639574051,0.09060175716876984,0.4125688672065735,-0.08969779312610626,0.09195231646299362,0.34205132722854614,-0.09623824805021286,0.09781932085752487,0.2607639729976654,-0.09503233432769775
pinza_izquierda,0.3910244405269623,0.7666807174682617,5.354099812393542e-07,0.4718978703022003,0.7707453966140747,-0.04811091348528862,0.5382805466651917,0.7291313409805298,-0.07662098854780197,0.5384488701820374,0.680652379989624,-0.10486510396003723,0.48540616035461426,0.6435788869857788,-0.13072192668914795,0.5264418721199036,0.5160868167877197,-0.044379476457834244,0.5644208192825317,0.4096846282482147,-0.07797332853078842,0.5889862775802612,0.34844377636909485,-0.09656234830617905,0.6037062406539917,0.2830888032913208,-0.10636527836322784,0.46792325377464294,0.4941228926181793,-0.051123324781656265,0.47192326188087463,0.3509877026081085,-0.10158801078796387,0.4759809970855713,0.25992274284362793,-0.13363754749298096,0.470394492149353,0.17467617988586426,-0.14826327562332153,0.41600459814071655,0.5098461508750916,-0.06279801577329636,0.44124913215637207,0.46559470891952515,-0.13121800124645233,0.47075513005256653,0.5679332613945007,-0.15264444053173065,0.48566704988479614,0.6307997703552246,-0.1469281166791916,0.3649764657020569,0.5399516224861145,-0.07716609537601471,0.3572237491607666,0.4506872296333313,-0.11357076466083527,0.349030464887619,0.3873338997364044,-0.12237296253442764,0.3440564274787903,0.3150891661643982,-0.12337829917669296
pinza_izquierda,0.38850530982017517,0.7620792388916016,5.625206540571526e-07,0.4691188931465149,0.7664598226547241,-0.048774342983961105,0.5338646769523621,0.7276162505149841,-0.07826165109872818,0.5398792624473572,0.6820546388626099,-0.10713159292936325,0.4897423982620239,0.644943118095398,-0.1336713284254074,0.5260704159736633,0.5117113590240479,-0.046332020312547684,0.5658160448074341,0.40967175364494324,-0.08002699911594391,0.5926337242126465,0.3492836356163025,-0.09854862093925476,0.608609139919281,0.28584176301956177,-0.10809679329395294,0.46709635853767395,0.48874521255493164,-0.05280796438455582,0.47214770317077637,0.34704625606536865,-0.10325489193201065,0.47774603962898254,0.2600153684616089,-0.13414907455444336,0.4732389450073242,0.1805981695652008,-0.14762453734874725,0.41456377506256104,0.5041251182556152,-0.06435652822256088,0.4419645667076111,0.4646088480949402,-0.1328686624765396,0.47233089804649353,0.5664452910423279,-0.15489462018013,0.4878637492656708,0.6294460296630859,-0.14960546791553497,0.3630638122558594,0.5346970558166504,-0.0785318911075592,0.3550165891647339,0.44672390818595886,-0.11484701931476593,0.34519273042678833,0.3830903172492981,-0.12419488281011581,0.33865493535995483,0.3111576735973358,-0.12573161721229553
pinza_izquierda,0.38097140192985535,0.8300085663795471,8.379266205338354e-07,0.4630826711654663,0.834872305393219,-0.06410980224609375,0.5269036889076233,0.7954326272010803,-0.10190945863723755,0.5231150388717651,0.7648827433586121,-0.13828280568122864,0.46761780977249146,0.7444671988487244,-0.17214828729629517,0.5049000978469849,0.5593075156211853,-0.06139596179127693,0.5249044895172119,0.43731629848480225,-0.10318323969841003,0.5371441841125488,0.3602193593978882,-0.12780918180942535,0.5426421165466309,0.284709632396698,-0.14074289798736572,0.4426853060722351,0.5483643412590027,-0.06637866795063019,0.44319525361061096,0.39792507886886597,-0.12042350322008133,0.4492282271385193,0.2968795597553253,-0.15300743281841278,0.44772377610206604,0.19996002316474915,-0.16757932305335999,0.3881136476993561,0.5719741582870483,-0.07880788296461105,0.4009118378162384,0.527268648147583,-0.15389497578144073,0.4308983087539673,0.6456879377365112,-0.172429621219635,0.4488871097564697,0.7155085206031799,-0.1614084243774414,0.33718571066856384,0.6093890070915222,-0.09628321975469589,0.3326454758644104,0.5165791511535645,-0.13719508051872253,0.33161449432373047,0.4571852684020996,-0.14484921097755432,0.3333572447299957,0.3813939094543457,-0.14368928968906403
pinza_izquierda,0.38456887006759644,0.8211339712142944,7.698154149693437e-07,0.46401962637901306,0.8247442245483398,-0.058095574378967285,0.529876708984375,0.7875404357910156,-0.0957045778632164,0.5322099328041077,0.7570549249649048,-0.13261348009109497,0.4799729585647583,0.7417613863945007,-0.16745203733444214,0.5103738903999329,0.5561375021934509,-0.0637202113866806,0.532805323600769,0.43593093752861023,-0.10711631923913956,0.5465376377105713,0.3602813482284546,-0.13206225633621216,0.5534420013427734,0.285540908575058,-0.1455477774143219,0.4485629200935364,0.543432354927063,-0.07143183052539825,0.45231688022613525,0.39642930030822754,-0.12680169939994812,0.46029895544052124,0.2991306781768799,-0.1585380882024765,0.4604082703590393,0.20384198427200317,-0.17287632822990417,0.393190860748291,0.5665090084075928,-0.08545419573783875,0.4099346399307251,0.5259020328521729,-0.15971799194812775,0.43915191292762756,0.6415750980377197,-0.17642667889595032,0.4559757113456726,0.7113553881645203,-0.1653677225112915,0.34120169281959534,0.6056140661239624,-0.10393405705690384,0.3357800543308258,0.5173983573913574,-0.14541588723659515,0.3329739272594452,0.46013933420181274,-0.15282155573368073,0.3321244418621063,0.3873330354690552,-0.15170831978321075
pinza_izquierda,0.3751215934753418,0.8164307475090027,7.801264132467622e-07,0.45418471097946167,0.8193202018737793,-0.05660148710012436,0.5172927379608154,0.7835613489151001,-0.09346774965524673,0.5191624164581299,0.7530438899993896,-0.12987029552459717,0.46873193979263306,0.7334096431732178,-0.16432537138462067,0.4999983608722687,0.5515047907829285,-0.06208750978112221,0.5223778486251831,0.4293063282966614,-0.10498736798763275,0.5366721153259277,0.35286134481430054,-0.12988819181919098,0.5449206829071045,0.27862221002578735,-0.14332790672779083,0.43873026967048645,0.5395674705505371,-0.07035347074270248,0.4423852562904358,0.39032331109046936,-0.12420977652072906,0.45117881894111633,0.29247501492500305,-0.15574957430362701,0.4530490040779114,0.19695279002189636,-0.1703212708234787,0.38309890031814575,0.5631906390190125,-0.08489067107439041,0.3987165093421936,0.5204123854637146,-0.15856163203716278,0.4270332455635071,0.6362094283103943,-0.17599092423915863,0.4437534809112549,0.7071648240089417,-0.16570359468460083,0.33093589544296265,0.6029900312423706,-0.10363224893808365,0.32223814725875854,0.5144263505935669,-0.14617428183555603,0.31642550230026245,0.4586910009384155,-0.15435127913951874,0.3130408525466919,0.3872551918029785,-0.1535458117723465
pinza_izquierda,0.37582850456237793,0.8267706036567688,8.271960609818052e-07,0.4540117383003235,0.8291746973991394,-0.05728347599506378,0.5170060992240906,0.7973055839538574,-0.09699229151010513,0.5192440152168274,0.7728301286697388,-0.13641344010829926,0.4696023762226105,0.7595337629318237,-0.17395177483558655,0.4996464252471924,0.5658912062644958,-0.06654388457536697,0.5208612084388733,0.4463169574737549,-0.11154461652040482,0.5350228548049927,0.3707786202430725,-0.13672423362731934,0.5445607900619507,0.29843801259994507,-0.15021337568759918,0.4381225109100342,0.5543121695518494,-0.07544013112783432,0.44223150610923767,0.40869736671447754,-0.13235749304294586,0.4516626298427582,0.3126900792121887,-0.1642908751964569,0.4549185037612915,0.21921306848526,-0.1785849779844284,0.38288044929504395,0.5783183574676514,-0.09060204774141312,0.3998233675956726,0.541976273059845,-0.16665714979171753,0.4299621284008026,0.6568933725357056,-0.18479420244693756,0.4481135308742523,0.7263758182525635,-0.17481330037117004,0.33126184344291687,0.6188547611236572,-0.10989254713058472,0.3208225965499878,0.5368483066558838,-0.15345175564289093,0.31193214654922485,0.4835720360279083,-0.1622568964958191,0.3044208884239197,0.41364580392837524,-0.16204971075057983
pinza_izquierda,0.3837517499923706,0.8239591121673584,7.81566882324114e-07,0.46079713106155396,0.8239476084709167,-0.05403262749314308,0.5280202627182007,0.7897512912750244,-0.09027180820703506,0.5287131667137146,0.7642337083816528,-0.12637931108474731,0.47880157828330994,0.7561097145080566,-0.16044001281261444,0.5107219815254211,0.5624182820320129,-0.06282320618629456,0.5340600609779358,0.43796974420547485,-0.10656194388866425,0.5493056774139404,0.3605821430683136,-0.13036814332008362,0.5584483742713928,0.2868575155735016,-0.14286477863788605,0.44697004556655884,0.550762951374054,-0.07211922109127045,0.4527163505554199,0.40328332781791687,-0.12816330790519714,0.462396502494812,0.30909475684165955,-0.15956038236618042,0.4634230434894562,0.21856912970542908,-0.17297574877738953,0.3909647464752197,0.5745720267295837,-0.08739513903856277,0.41134577989578247,0.5447092056274414,-0.16347920894622803,0.4456648528575897,0.6596179008483887,-0.1839064359664917,0.46607545018196106,0.7289602756500244,-0.17520321905612946,0.3391152024269104,0.6151309013366699,-0.10617005825042725,0.332385778427124,0.5380861163139343,-0.14963197708129883,0.32270219922065735,0.48801466822624207,-0.1595105230808258,0.31283819675445557,0.4197447896003723,-0.16001693904399872
pinza_izquierda,0.3843277394771576,0.8230168223381042,7.228020990623918e-07,0.4648021459579468,0.8244621753692627,-0.05327053368091583,0.5293920040130615,0.7923923134803772,-0.08974958956241608,0.5368093252182007,0.7660430073738098,-0.12653137743473053,0.4850635528564453,0.7544612884521484,-0.16145986318588257,0.5184920430183411,0.5669305920600891,-0.060132190585136414,0.5453881025314331,0.44414442777633667,-0.10184866935014725,0.5612183213233948,0.3701995313167572,-0.12451177090406418,0.568993866443634,0.2969176173210144,-0.13699136674404144,0.45697304606437683,0.553156852722168,-0.06948941946029663,0.46579575538635254,0.41194817423820496,-0.12501516938209534,0.47646600008010864,0.31816038489341736,-0.15634846687316895,0.47723957896232605,0.2280580997467041,-0.17051520943641663,0.40203267335891724,0.574670135974884,-0.08481020480394363,0.4249262809753418,0.5408157110214233,-0.1585087925195694,0.4543303847312927,0.6530128717422485,-0.1794358640909195,0.46993833780288696,0.7215635776519775,-0.1724722683429718,0.34934788942337036,0.6135435700416565,-0.10377957671880722,0.34075430035591125,0.5398170948028564,-0.14631816744804382,0.3284132480621338,0.4902605414390564,-0.15733976662158966,0.3164924085140228,0.427545428276062,-0.15926535427570343
pinza_izquierda,0.6311084628105164,0.7444378137588501,8.050758992794727e-07,0.7189715504646301,0.7407898902893066,-0.04408330097794533,0.7833554744720459,0.7173428535461426,-0.08090036362409592,0.8313700556755066,0.7063727378845215,-0.1184384822845459,0.821698784828186,0.6877532005310059,-0.15401798486709595,0.7746420502662659,0.49670571088790894,-0.06631916761398315,0.8289774060249329,0.3855724632740021,-0.10687649250030518,0.8628783226013184,0.3225894570350647,-0.12790192663669586,0.885429859161377,0.2573087513446808,-0.1400352567434311,0.723377525806427,0.4813607335090637,-0.07937192171812057,0.7562037706375122,0.3424753248691559,-0.1346869021654129,0.7855833172798157,0.2527165710926056,-0.16696329414844513,0.8050050139427185,0.1674439013004303,-0.18318770825862885,0.672049880027771,0.5064918398857117,-0.09617473930120468,0.7334991097450256,0.49224579334259033,-0.1699487864971161,0.772077202796936,0.5951476693153381,-0.19620785117149353,0.7939093112945557,0.6553889513015747,-0.1952306628227234,0.6262578368186951,0.5516838431358337,-0.11476851254701614,0.6275771260261536,0.4936562180519104,-0.1605338156223297,0.6255189180374146,0.4453755021095276,-0.17709137499332428,0.6261635422706604,0.390602707862854,-0.1836145669221878
pinza_izquierda,0.6307569146156311,0.7394010424613953,7.799023933330318e-07,0.7217520475387573,0.738640546798706,-0.04335351288318634,0.7877799272537231,0.7173110246658325,-0.08045720309019089,0.836408257484436,0.7064828872680664,-0.11818041652441025,0.8187786340713501,0.6844570636749268,-0.15413348376750946,0.778059184551239,0.496721476316452,-0.0684182345867157,0.8325328230857849,0.3870570659637451,-0.10897257924079895,0.8659101724624634,0.3261677920818329,-0.12970246374607086,0.8882787823677063,0.26023179292678833,-0.14169403910636902,0.7260565161705017,0.4796072542667389,-0.08161091059446335,0.7578643560409546,0.3412049412727356,-0.13995148241519928,0.7867969870567322,0.25209319591522217,-0.17366237938404083,0.8053005337715149,0.16609561443328857,-0.19061607122421265,0.6740163564682007,0.5028064250946045,-0.0979093611240387,0.7354826927185059,0.49114689230918884,-0.17330427467823029,0.772881269454956,0.5940031409263611,-0.1990107148885727,0.7934372425079346,0.6536136269569397,-0.19725684821605682,0.6276759505271912,0.54527747631073,-0.11581560969352722,0.6305257081985474,0.48067665100097656,-0.16100116074085236,0.6285950541496277,0.42872318625450134,-0.17617292702198029,0.6290382742881775,0.37109604477882385,-0.18191519379615784
pinza_izquierda,0.626489520072937,0.7610719799995422,6.60932244045398e-07,0.7108781337738037,0.7591558694839478,-0.042646776884794235,0.781460165977478,0.7297853231430054,-0.07346253842115402,0.8290413618087769,0.7190700173377991,-0.10521452128887177,0.8158134818077087,0.701366662979126,-0.13538026809692383,0.7712771892547607,0.5116446018218994,-0.05542375519871712,0.8243080973625183,0.40173426270484924,-0.09209412336349487,0.8580560684204102,0.34144240617752075,-0.1115376278758049,0.8814525008201599,0.27463018894195557,-0.12140308320522308,0.7220913171768188,0.4938158392906189,-0.06804445385932922,0.7523625493049622,0.35492587089538574,-0.12307094782590866,0.778451144695282,0.26573073863983154,-0.15679384768009186,0.7956327795982361,0.17686086893081665,-0.172316774725914,0.6692216992378235,0.5125645399093628,-0.0846521183848381,0.7306930422782898,0.5010038018226624,-0.16013948619365692,0.7656367421150208,0.6064837574958801,-0.1850651353597641,0.7854945659637451,0.6667546033859253,-0.1796720176935196,0.6224771738052368,0.546711266040802,-0.1029883325099945,0.6463682055473328,0.4525025486946106,-0.14505437016487122,0.6582545638084412,0.3834976851940155,-0.1555657982826233,0.669577956199646,0.3112886846065521,-0.15684865415096283
pinza_izquierda,0.6266577243804932,0.7599155306816101,7.351298449975729e-07,0.7106920480728149,0.7588577270507812,-0.0460030697286129,0.7785321474075317,0.7292622327804565,-0.07928209006786346,0.824908971786499,0.7184896469116211,-0.11292675882577896,0.8130643367767334,0.6985083222389221,-0.14473114907741547,0.7679465413093567,0.5128206610679626,-0.06137245148420334,0.8209099769592285,0.4018869996070862,-0.10007376968860626,0.8556569814682007,0.3402467668056488,-0.1204397901892662,0.8792130947113037,0.27260062098503113,-0.13065211474895477,0.7189257144927979,0.4937194585800171,-0.07267521321773529,0.7492349743843079,0.3513903021812439,-0.12896722555160522,0.7748583555221558,0.2607930898666382,-0.1618637591600418,0.791857123374939,0.16891711950302124,-0.17649993300437927,0.6661984324455261,0.5119723081588745,-0.08819986134767532,0.7284601330757141,0.4991028308868408,-0.16536328196525574,0.7647029161453247,0.6074350476264954,-0.1887807846069336,0.7848078012466431,0.6696839928627014,-0.18160447478294373,0.619330883026123,0.5454477071762085,-0.10579206794500351,0.642371654510498,0.44903549551963806,-0.14961287379264832,0.6546712517738342,0.38052600622177124,-0.1602165400981903,0.6668825745582581,0.30817079544067383,-0.16114076972007751
pinza_izquierda,0.6152799725532532,0.7691471576690674,7.099617391759239e-07,0.7007992267608643,0.7690372467041016,-0.045333437621593475,0.7719820141792297,0.7397862076759338,-0.07825342565774918,0.8206951022148132,0.7319987416267395,-0.11191610991954803,0.8088773488998413,0.718000054359436,-0.1438438892364502,0.7628327012062073,0.5229857563972473,-0.0597485788166523,0.815268337726593,0.40941253304481506,-0.09849005937576294,0.8488723039627075,0.3478659391403198,-0.1185813620686531,0.8718761205673218,0.280287504196167,-0.12852339446544647,0.7133744359016418,0.5045463442802429,-0.0716480240225792,0.7455934882164001,0.36287152767181396,-0.12786202132701874,0.7720390558242798,0.2737165093421936,-0.16039912402629852,0.7893950939178467,0.18445274233818054,-0.17455175518989563,0.660370945930481,0.5234168171882629,-0.0879235491156578,0.7232500910758972,0.5115954279899597,-0.16445156931877136,0.7587899565696716,0.61985182762146,-0.18811234831809998,0.7785335183143616,0.6822874546051025,-0.18124611675739288,0.6137564778327942,0.5579195022583008,-0.10632823407649994,0.6398447155952454,0.4643937349319458,-0.14923067390918732,0.6521092057228088,0.39639076590538025,-0.15971027314662933,0.6630846858024597,0.3243423104286194,-0.16064590215682983
pinza_izquierda,0.6183081865310669,0.7699582576751709,7.005721158748202e-07,0.7048810720443726,0.7723166942596436,-0.04288167878985405,0.7793124914169312,0.7447673082351685,-0.07476868480443954,0.8301498889923096,0.7394014596939087,-0.10789617151021957,0.8191851377487183,0.7238039374351501,-0.13932673633098602,0.7697478532791138,0.5290241241455078,-0.057641834020614624,0.8241980671882629,0.41132915019989014,-0.09507967531681061,0.8576497435569763,0.34999880194664,-0.11387249827384949,0.8812500834465027,0.28209275007247925,-0.1230066567659378,0.7209086418151855,0.5113941431045532,-0.07089207321405411,0.7559225559234619,0.36707887053489685,-0.1259421557188034,0.7852567434310913,0.27837032079696655,-0.15843479335308075,0.8053697347640991,0.1903420388698578,-0.1729244738817215,0.6681719422340393,0.5291535258293152,-0.0882578045129776,0.7343742251396179,0.5154817700386047,-0.1635569930076599,0.7694840431213379,0.6237390041351318,-0.1874139904975891,0.7887797355651855,0.6858982443809509,-0.18127350509166718,0.6214509010314941,0.5621508359909058,-0.10757087916135788,0.6494626998901367,0.4689081907272339,-0.14965598285198212,0.6632273197174072,0.40270406007766724,-0.16007590293884277,0.6754559278488159,0.33170247077941895,-0.16131721436977386
pinza_izquierda,0.6187718510627747,0.7636947631835938,7.117874929463142e-07,0.7050495147705078,0.766958475112915,-0.04231987148523331,0.7767125964164734,0.7422633171081543,-0.07497180253267288,0.8259106874465942,0.7389468550682068,-0.10899164527654648,0.8156589269638062,0.7221917510032654,-0.14115919172763824,0.7755889296531677,0.5255325436592102,-0.05850721523165703,0.8295100331306458,0.4131225347518921,-0.09755967557430267,0.8634271621704102,0.3520362377166748,-0.1175910159945488,0.8882699012756348,0.28614822030067444,-0.12751531600952148,0.7255471348762512,0.506439745426178,-0.07265481352806091,0.7627789378166199,0.36630094051361084,-0.12951035797595978,0.7937964200973511,0.27902498841285706,-0.1631578803062439,0.8153811097145081,0.19351941347122192,-0.17838390171527863,0.6717323660850525,0.5232971906661987,-0.09087294340133667,0.7345516085624695,0.5117926001548767,-0.1675492376089096,0.76759934425354,0.6202514171600342,-0.19180068373680115,0.7864832282066345,0.6830233335494995,-0.18588842451572418,0.6241310834884644,0.555733859539032,-0.11102671176195145,0.6514286994934082,0.465253621339798,-0.1539730578660965,0.6648025512695312,0.40000754594802856,-0.16485010087490082,0.6772014498710632,0.3283597528934479,-0.1664390116930008
pinza_izquierda,0.6034050583839417,0.7580743432044983,7.303712550310593e-07,0.6882011890411377,0.7624629139900208,-0.043058838695287704,0.7574971318244934,0.7385703325271606,-0.07665099948644638,0.8058005571365356,0.7370561957359314,-0.11171220988035202,0.8021031618118286,0.7247461080551147,-0.14497871696949005,0.7622584104537964,0.5245044231414795,-0.05991465598344803,0.816097617149353,0.4130975008010864,-0.09902286529541016,0.8507960438728333,0.35236799716949463,-0.11859048157930374,0.8761795163154602,0.28651365637779236,-0.12818342447280884,0.7120625376701355,0.5045308470726013,-0.0740940272808075,0.7486545443534851,0.3654769957065582,-0.13117706775665283,0.7791463732719421,0.27855950593948364,-0.16410820186138153,0.8006815910339355,0.1920672059059143,-0.17858581244945526,0.6582176685333252,0.5218584537506104,-0.09242785722017288,0.7189576625823975,0.5146785378456116,-0.16981227695941925,0.7518349289894104,0.6237950325012207,-0.19388410449028015,0.7714044451713562,0.6859050989151001,-0.1875586211681366,0.6107141971588135,0.5554642081260681,-0.11270160228013992,0.6378994584083557,0.4664251506328583,-0.1559949815273285,0.6514650583267212,0.4019191861152649,-0.1664230227470398,0.664247989654541,0.3309459686279297,-0.1675308644771576
pinza_izquierda,0.5864232778549194,0.769841194152832,6.568820936081465e-07,0.672165036201477,0.7728045582771301,-0.040933046489953995,0.7415628433227539,0.7472015619277954,-0.07310914993286133,0.79002845287323,0.7421716451644897,-0.10741014778614044,0.7808883190155029,0.7300407886505127,-0.14018134772777557,0.7437574863433838,0.536109447479248,-0.05748622119426727,0.7985967397689819,0.4274366497993469,-0.09745468199253082,0.8326783776283264,0.3686171770095825,-0.11773094534873962,0.8568571209907532,0.30276408791542053,-0.12797358632087708,0.6941568851470947,0.5164850950241089,-0.07176495343446732,0.7317588329315186,0.38376742601394653,-0.1296638697385788,0.7625443935394287,0.2989313006401062,-0.161976620554924,0.7837260961532593,0.21296235918998718,-0.17617569863796234,0.641253650188446,0.5341180562973022,-0.09016777575016022,0.702498733997345,0.5264440178871155,-0.16661235690116882,0.7346568703651428,0.6368504762649536,-0.18950244784355164,0.7528903484344482,0.6992708444595337,-0.18303042650222778,0.5942357182502747,0.569097101688385,-0.11047093570232391,0.6224203109741211,0.486417680978775,-0.15325124561786652,0.635678231716156,0.42350655794143677,-0.16408511996269226,0.6480669975280762,0.35478997230529785,-0.16575782001018524
pinza_izquierda,0.575981616973877,0.7682499885559082,6.435873274313053e-07,0.6653971672058105,0.7780276536941528,-0.04458248242735863,0.737953245639801,0.7569189071655273,-0.07739784568548203,0.7875389456748962,0.7560434341430664,-0.11190532892942429,0.7768091559410095,0.7364542484283447,-0.14477606117725372,0.7433741092681885,0.5402978658676147,-0.05708414688706398,0.7967886924743652,0.42970773577690125,-0.09493701159954071,0.8305384516716003,0.3708953261375427,-0.11374729871749878,0.8539140820503235,0.30649396777153015,-0.12265443801879883,0.6915188431739807,0.5181208848953247,-0.06947453320026398,0.7284560799598694,0.3857496976852417,-0.1261303871870041,0.7583803534507751,0.2997692823410034,-0.15803176164627075,0.7785216569900513,0.21499094367027283,-0.17163026332855225,0.6359612345695496,0.5342926979064941,-0.08638083934783936,0.6973801255226135,0.533322811126709,-0.1626049429178238,0.7270172238349915,0.645616352558136,-0.18588313460350037,0.7442036271095276,0.7073801159858704,-0.17926162481307983,0.5864789485931396,0.5684013366699219,-0.10537851601839066,0.6151635050773621,0.4873228073120117,-0.14774276316165924,0.6259729862213135,0.42651504278182983,-0.15763598680496216,0.6363909840583801,0.35953712463378906,-0.1584109216928482
pinza_izquierda,0.5811324119567871,0.7826567888259888,7.322927331188112e-07,0.6689954996109009,0.7882993817329407,-0.04079574719071388,0.7399575114250183,0.7659474611282349,-0.0730811208486557,0.7885725498199463,0.7638145685195923,-0.10756440460681915,0.780771017074585,0.7522224187850952,-0.14050202071666718,0.740310549736023,0.549852728843689,-0.05652274936437607,0.7981688380241394,0.4406925439834595,-0.09753169119358063,0.8348569869995117,0.3804638981819153,-0.11814616620540619,0.8617734909057617,0.3146436810493469,-0.1279849261045456,0.6895554661750793,0.5283679962158203,-0.07115312665700912,0.7297930121421814,0.39413875341415405,-0.13035878539085388,0.7630167007446289,0.30739128589630127,-0.1637362390756607,0.7880751490592957,0.21926790475845337,-0.17780207097530365,0.6353014707565308,0.5456901788711548,-0.08987850695848465,0.698095440864563,0.5476523637771606,-0.16893380880355835,0.7308580279350281,0.660322368144989,-0.19296492636203766,0.7507782578468323,0.7224421501159668,-0.1857651025056839,0.5873465538024902,0.5820297598838806,-0.11014296859502792,0.6172017455101013,0.5014951229095459,-0.15421834588050842,0.6305913925170898,0.44157642126083374,-0.1639239341020584,0.6431828141212463,0.3749461770057678,-0.1637345850467682
pinza_izquierda,0.16059160232543945,0.48379582166671753,4.300863452044723e-07,0.20871013402938843,0.4673725962638855,-0.0369909442961216,0.23834767937660217,0.4162238538265228,-0.05282500758767128,0.21552014350891113,0.3711233139038086,-0.06657437980175018,0.18184341490268707,0.3377079963684082,-0.07836827635765076,0.23100560903549194,0.2923961877822876,-0.02873508259654045,0.24433057010173798,0.207605242729187,-0.04822273552417755,0.24930614233016968,0.1546270102262497,-0.059694644063711166,0.2502257823944092,0.10895344614982605,-0.06498879194259644,0.19293399155139923,0.2798774540424347,-0.028272069990634918,0.193546861410141,0.18175190687179565,-0.054089367389678955,0.19567549228668213,0.11782068014144897,-0.07237598299980164,0.19524502754211426,0.06445503234863281,-0.08101952075958252,0.1580522507429123,0.2882540225982666,-0.03190137818455696,0.1560354232788086,0.2349323332309723,-0.06778476387262344,0.16794157028198242,0.2817342281341553,-0.07889280468225479,0.17412333190441132,0.31759753823280334,-0.07497695088386536,0.123800128698349,0.30720585584640503,-0.03851175308227539,0.11162038892507553,0.23474335670471191,-0.05910002440214157,0.10729487240314484,0.18909838795661926,-0.06354683637619019,0.10422959178686142,0.1403607577085495,-0.06279268860816956
pinza_izquierda,0.15793569386005402,0.48316794633865356,4.4092345774515707e-07,0.20547893643379211,0.4649985730648041,-0.03628900274634361,0.23495814204216003,0.4145129323005676,-0.052248645573854446,0.2115062028169632,0.37075185775756836,-0.06622189283370972,0.1790902018547058,0.3397078514099121,-0.07819986343383789,0.22753465175628662,0.2917841672897339,-0.02878049574792385,0.24229492247104645,0.2051764726638794,-0.04811931774020195,0.24820728600025177,0.1517976075410843,-0.059088334441185,0.24978645145893097,0.1063285619020462,-0.0638733059167862,0.18889065086841583,0.27948489785194397,-0.028730900958180428,0.1892978399991989,0.17922696471214294,-0.054417651146650314,0.1919505000114441,0.11434556543827057,-0.07240857183933258,0.1922181099653244,0.06078121066093445,-0.08076414465904236,0.15390676259994507,0.2879129648208618,-0.03269262984395027,0.15163308382034302,0.2347221076488495,-0.06883525848388672,0.16412022709846497,0.2796288728713989,-0.08114758878946304,0.17083331942558289,0.31548550724983215,-0.07803201675415039,0.12009420990943909,0.306653767824173,-0.039421197026968,0.10475623607635498,0.23504576086997986,-0.060663022100925446,0.09706801921129227,0.18808767199516296,-0.0659852847456932,0.09057833254337311,0.1378343552350998,-0.06578657031059265
pinza_izquierda,0.16033422946929932,0.49432533979415894,4.213238753436599e-07,0.20740589499473572,0.4750756025314331,-0.03583434224128723,0.23683828115463257,0.42413803935050964,-0.051633596420288086,0.21269336342811584,0.3800870478153229,-0.06538563221693039,0.1797143667936325,0.34886807203292847,-0.07714365422725677,0.22698107361793518,0.30213162302970886,-0.029275471344590187,0.24014446139335632,0.216024249792099,-0.04845477640628815,0.24535119533538818,0.16371643543243408,-0.05942000076174736,0.24662043154239655,0.11842045187950134,-0.06445065885782242,0.18827125430107117,0.2897855043411255,-0.029315419495105743,0.18741276860237122,0.19004233181476593,-0.054740745574235916,0.18906839191913605,0.12583845853805542,-0.07257897406816483,0.1886042058467865,0.07170465588569641,-0.0812387615442276,0.1533593237400055,0.29867836833000183,-0.03322248160839081,0.15156984329223633,0.24313867092132568,-0.06912937760353088,0.16380785405635834,0.2896880507469177,-0.08092497289180756,0.17032532393932343,0.32706859707832336,-0.07787956297397614,0.11972729861736298,0.3191225528717041,-0.039879851043224335,0.10238640755414963,0.24841168522834778,-0.06135101988911629,0.09339427202939987,0.201567143201828,-0.06697447597980499,0.08576633036136627,0.15181028842926025,-0.06720267236232758
pinza_izquierda,0.1583460569381714,0.5073941946029663,4.3079057832073886e-07,0.2042389065027237,0.4874081313610077,-0.03555287793278694,0.2335970550775528,0.4387008547782898,-0.05172456428408623,0.21205469965934753,0.3966931998729706,-0.06597123295068741,0.18093426525592804,0.3665370047092438,-0.07815808802843094,0.22389018535614014,0.31523969769477844,-0.028854867443442345,0.2372209131717682,0.23071953654289246,-0.04821387305855751,0.2423098385334015,0.17882056534290314,-0.05903813615441322,0.24339842796325684,0.13395625352859497,-0.06388158351182938,0.18549717962741852,0.30371078848838806,-0.02900848537683487,0.18477723002433777,0.20559480786323547,-0.05486190319061279,0.18613754212856293,0.14194172620773315,-0.07253901660442352,0.184993177652359,0.08849406242370605,-0.08085693418979645,0.15083587169647217,0.3135109543800354,-0.03305070474743843,0.14862015843391418,0.25985991954803467,-0.06964687258005142,0.16190378367900848,0.30639374256134033,-0.08163520693778992,0.1694994866847992,0.34358707070350647,-0.0784781351685524,0.11754821240901947,0.3344991207122803,-0.03969745337963104,0.09830670803785324,0.2672058343887329,-0.06140534207224846,0.08758244663476944,0.22351223230361938,-0.06690983474254608,0.07837984710931778,0.17641112208366394,-0.06688374280929565
pinza_izquierda,0.1635553240776062,0.5080996155738831,4.223756491228414e-07,0.21002450585365295,0.4874795079231262,-0.035283658653497696,0.24049822986125946,0.43930602073669434,-0.05141023173928261,0.21788427233695984,0.39644840359687805,-0.06584684550762177,0.18669022619724274,0.36846768856048584,-0.07827530056238174,0.22875943779945374,0.3159324526786804,-0.027829065918922424,0.24269729852676392,0.23006896674633026,-0.04653770104050636,0.24816088378429413,0.17823044955730438,-0.056625183671712875,0.2492888867855072,0.13420367240905762,-0.06098455563187599,0.1904943883419037,0.305178165435791,-0.02832319587469101,0.19000226259231567,0.20600198209285736,-0.05387471616268158,0.1917152851819992,0.1416480541229248,-0.07128383964300156,0.1902911514043808,0.08822880685329437,-0.07947248220443726,0.15609678626060486,0.3147892653942108,-0.03281961381435394,0.15388251841068268,0.2589971721172333,-0.06943754106760025,0.1685670018196106,0.30504661798477173,-0.08245288580656052,0.17710645496845245,0.3426291346549988,-0.08012402057647705,0.1229698583483696,0.3346481919288635,-0.03985460847616196,0.10371111333370209,0.2685827612876892,-0.062113068997859955,0.09120208024978638,0.22489109635353088,-0.06881622970104218,0.07931503653526306,0.1775902956724167,-0.06975674629211426
pinza_izquierda,0.16562727093696594,0.5100884437561035,4.0491264030606544e-07,0.211652010679245,0.49038922786712646,-0.034391097724437714,0.24110503494739532,0.44226279854774475,-0.05042892321944237,0.21984529495239258,0.4004437029361725,-0.0649154782295227,0.18838563561439514,0.3729020357131958,-0.0773114338517189,0.23180760443210602,0.3181169927120209,-0.027659209445118904,0.24473193287849426,0.23317115008831024,-0.04655778035521507,0.24960394203662872,0.1829167604446411,-0.05707952007651329,0.25013431906700134,0.1392088085412979,-0.06204187870025635,0.19355662167072296,0.3063564896583557,-0.028422856703400612,0.1929570436477661,0.20971764624118805,-0.05395297333598137,0.19422681629657745,0.14671751856803894,-0.07153768837451935,0.19242650270462036,0.09221296012401581,-0.0802740529179573,0.158901646733284,0.31610172986984253,-0.03302255645394325,0.15553201735019684,0.26055842638015747,-0.06901280581951141,0.16885802149772644,0.3106682598590851,-0.08066809922456741,0.17657436430454254,0.3502435088157654,-0.07786807417869568,0.1257956326007843,0.3379212021827698,-0.04024802893400192,0.10445299744606018,0.27291783690452576,-0.06254223734140396,0.09151463955640793,0.22912050783634186,-0.06904878467321396,0.07998492568731308,0.18114665150642395,-0.07001639902591705
pinza_izquierda,0.16903667151927948,0.5088882446289062,4.1935430772355176e-07,0.2157445251941681,0.4883628189563751,-0.03372497484087944,0.2450549155473709,0.4401412606239319,-0.04968159645795822,0.2210695892572403,0.39847880601882935,-0.06423427164554596,0.18906086683273315,0.3725949823856354,-0.07668624818325043,0.23400923609733582,0.3168298900127411,-0.027320442721247673,0.24702088534832,0.23081998527050018,-0.046177878975868225,0.2518731653690338,0.1800215244293213,-0.05666481330990791,0.2529350519180298,0.1353587657213211,-0.061752114444971085,0.19541114568710327,0.30519405007362366,-0.02841552346944809,0.19402901828289032,0.2074468433856964,-0.05399281531572342,0.1953963339328766,0.14406335353851318,-0.07157666236162186,0.19408445060253143,0.08831338584423065,-0.0804583951830864,0.1608750820159912,0.31473153829574585,-0.033246129751205444,0.15778589248657227,0.2572278082370758,-0.06941527873277664,0.17132847011089325,0.3084258437156677,-0.0808480903506279,0.17909447848796844,0.3491084575653076,-0.07791266590356827,0.12798455357551575,0.3367760181427002,-0.040643129497766495,0.10656002163887024,0.27265018224716187,-0.06321079283952713,0.09332037717103958,0.22956649959087372,-0.06975582987070084,0.08108242601156235,0.18204431235790253,-0.07072561234235764
pinza_izquierda,0.16363771259784698,0.6839823722839355,4.351217626208381e-07,0.207450732588768,0.6666803359985352,-0.02933800220489502,0.2317550778388977,0.6213701963424683,-0.04268736392259598,0.2011805772781372,0.5914431214332581,-0.05507580563426018,0.16807821393013,0.5758593678474426,-0.06608240306377411,0.21982716023921967,0.5090140700340271,-0.021899990737438202,0.23472870886325836,0.4395636320114136,-0.03713362663984299,0.24169166386127472,0.39640772342681885,-0.046019963920116425,0.24545542895793915,0.35897672176361084,-0.050248101353645325,0.18197008967399597,0.4995189309120178,-0.023106127977371216,0.18106026947498322,0.41725125908851624,-0.044679511338472366,0.18150614202022552,0.362087607383728,-0.060722868889570236,0.18014191091060638,0.31108567118644714,-0.06869044899940491,0.14932715892791748,0.5099257230758667,-0.027492709457874298,0.14407089352607727,0.47108885645866394,-0.05956246331334114,0.15480618178844452,0.5274409651756287,-0.06964169442653656,0.16040879487991333,0.5663866996765137,-0.06633412092924118,0.11801670491695404,0.5320949554443359,-0.0339880995452404,0.0953712984919548,0.4791308343410492,-0.05289500951766968,0.08119618147611618,0.4447839856147766,-0.05677167698740959,0.06886351108551025,0.4039655327796936,-0.056112226098775864
pinza_izquierda,0.16413724422454834,0.6828775405883789,4.375358741981472e-07,0.20897626876831055,0.6676422953605652,-0.03033241257071495,0.235896036028862,0.6225310564041138,-0.043878037482500076,0.2052864134311676,0.5928064584732056,-0.05639081820845604,0.1701706349849701,0.5789897441864014,-0.06783444434404373,0.21994377672672272,0.5081701874732971,-0.023166552186012268,0.23306015133857727,0.4373549222946167,-0.03850749135017395,0.23916953802108765,0.3928058445453644,-0.047866594046354294,0.24342286586761475,0.354131281375885,-0.052545178681612015,0.1825147569179535,0.4997076988220215,-0.02413262240588665,0.18123416602611542,0.4167705178260803,-0.04540508612990379,0.18068017065525055,0.3608497381210327,-0.06243716925382614,0.17942166328430176,0.31043165922164917,-0.07133771479129791,0.15007346868515015,0.5108479261398315,-0.028211595490574837,0.14558404684066772,0.4716876745223999,-0.060685764998197556,0.15408650040626526,0.5259523391723633,-0.07169771939516068,0.15817877650260925,0.5656432509422302,-0.0689651295542717,0.11960853636264801,0.5330355167388916,-0.03441286459565163,0.09548747539520264,0.4792781174182892,-0.05396255478262901,0.08109913021326065,0.44506797194480896,-0.058202747255563736,0.06861934810876846,0.4059431552886963,-0.05766971409320831
pinza_izquierda,0.17208163440227509,0.679344654083252,4.401603348469507e-07,0.21504880487918854,0.6625587344169617,-0.03123277612030506,0.24042576551437378,0.6204351782798767,-0.04619390890002251,0.21257680654525757,0.5923848748207092,-0.06005352735519409,0.18209147453308105,0.5772191882133484,-0.07278697937726974,0.22716201841831207,0.5048482418060303,-0.025108156725764275,0.2402234971523285,0.43601709604263306,-0.041910335421562195,0.2467150092124939,0.3913816809654236,-0.05228063464164734,0.25119471549987793,0.35280323028564453,-0.0573185533285141,0.18965905904769897,0.4974820613861084,-0.02606379985809326,0.18804842233657837,0.41560691595077515,-0.04832646623253822,0.18728631734848022,0.36006325483322144,-0.06553401798009872,0.1855417937040329,0.3100919723510742,-0.07419246435165405,0.15668413043022156,0.5093902349472046,-0.030279768630862236,0.15256765484809875,0.47466418147087097,-0.06381943076848984,0.16293935477733612,0.5279539823532104,-0.07560014724731445,0.16830509901046753,0.5665026903152466,-0.07303052395582199,0.1260243058204651,0.5314074754714966,-0.036615464836359024,0.10343495011329651,0.4788844585418701,-0.05639450252056122,0.08922033756971359,0.44581934809684753,-0.060459744185209274,0.07593677937984467,0.40705418586730957,-0.05966031178832054
pinza_izquierda,0.17428040504455566,0.6807118058204651,4.3940539740106033e-07,0.21734951436519623,0.6635088920593262,-0.0282795038074255,0.24336978793144226,0.6193000674247742,-0.041334908455610275,0.21417509019374847,0.591317892074585,-0.05363490432500839,0.18238160014152527,0.5778210163116455,-0.06475427746772766,0.22999706864356995,0.5050155520439148,-0.020206298679113388,0.24296650290489197,0.4359791576862335,-0.03470906242728233,0.24948683381080627,0.3918015956878662,-0.043733641505241394,0.2541087865829468,0.3531043827533722,-0.048428840935230255,0.19249732792377472,0.496070921421051,-0.02219337411224842,0.19115804135799408,0.41300493478775024,-0.04231364279985428,0.19096700847148895,0.3588268458843231,-0.05841752514243126,0.18976934254169464,0.3103640675544739,-0.06663796305656433,0.15948212146759033,0.50749272108078,-0.027229713276028633,0.15827412903308868,0.4663601517677307,-0.05922504886984825,0.16801957786083221,0.5231496691703796,-0.06936803460121155,0.17245320975780487,0.5645305514335632,-0.06593940407037735,0.12855558097362518,0.5310030579566956,-0.03421347588300705,0.10566651076078415,0.47827035188674927,-0.05377410724759102,0.09203580021858215,0.4453401565551758,-0.057648204267024994,0.079768605530262,0.40637120604515076,-0.05666935443878174
pinza_izquierda,0.16785721480846405,0.6757122278213501,4.31905391451437e-07,0.21397826075553894,0.6579420566558838,-0.02973073720932007,0.24042768776416779,0.6158092617988586,-0.043374739587306976,0.2149059772491455,0.5870038270950317,-0.05586141720414162,0.18468089401721954,0.5718700289726257,-0.06694290041923523,0.2260880023241043,0.5020555257797241,-0.02288668602705002,0.23876911401748657,0.4312511086463928,-0.03753788024187088,0.2440420389175415,0.3882726728916168,-0.04594072699546814,0.2467750906944275,0.3509674072265625,-0.04974406957626343,0.1878587305545807,0.4934130907058716,-0.023201875388622284,0.18567077815532684,0.41132602095603943,-0.04346325248479843,0.1854415386915207,0.3569824695587158,-0.058268968015909195,0.1837652176618576,0.3083513379096985,-0.06561487168073654,0.15500125288963318,0.5035390257835388,-0.02673867717385292,0.15258558094501495,0.46569401025772095,-0.057011932134628296,0.16322322189807892,0.5201411247253418,-0.0668652355670929,0.16847527027130127,0.55988609790802,-0.0640299990773201,0.12324616312980652,0.5250893235206604,-0.03243885561823845,0.10120044648647308,0.47612929344177246,-0.05004662647843361,0.08700058609247208,0.44375354051589966,-0.053899504244327545,0.07430962473154068,0.40566813945770264,-0.05359021946787834
pinza_izquierda,0.17140242457389832,0.6769617795944214,4.336496886025998e-07,0.2150655835866928,0.6610287427902222,-0.030449392274022102,0.23903846740722656,0.6179744005203247,-0.044777583330869675,0.21085597574710846,0.5882156491279602,-0.05810943618416786,0.178401380777359,0.5722194910049438,-0.07024651020765305,0.22573700547218323,0.5015373229980469,-0.023518957197666168,0.23818296194076538,0.43277353048324585,-0.03914172574877739,0.24410152435302734,0.38983458280563354,-0.048541318625211716,0.24790096282958984,0.3525019586086273,-0.053138792514801025,0.18826691806316376,0.4932973384857178,-0.02438616380095482,0.18615543842315674,0.4125022888183594,-0.0459180548787117,0.18584294617176056,0.3577744960784912,-0.06215927377343178,0.18432745337486267,0.30803370475769043,-0.07034028321504593,0.15560132265090942,0.5048036575317383,-0.0285037849098444,0.1513802856206894,0.46782106161117554,-0.06068212538957596,0.16176412999629974,0.523185670375824,-0.0712948888540268,0.16715236008167267,0.5621731281280518,-0.06842249631881714,0.12477544695138931,0.5275380611419678,-0.0347713865339756,0.10253577679395676,0.47623035311698914,-0.053760282695293427,0.08840969204902649,0.4438333511352539,-0.05775314196944237,0.07591678947210312,0.4057350754737854,-0.05719643831253052
pinza_izquierda,0.153097465634346,0.8182036280632019,3.47852136428628e-07,0.2003832459449768,0.8098032474517822,-0.029724907130002975,0.23190852999687195,0.7706153988838196,-0.04350630193948746,0.2140197455883026,0.7375600337982178,-0.056335266679525375,0.1800035834312439,0.7188302278518677,-0.06824861466884613,0.2279898226261139,0.6573127508163452,-0.024332866072654724,0.243425190448761,0.5880225300788879,-0.04095592722296715,0.2515972852706909,0.5466935038566589,-0.050659798085689545,0.2552136182785034,0.5071197748184204,-0.05623868852853775,0.19095681607723236,0.6419719457626343,-0.025450266897678375,0.19132593274116516,0.5650187730789185,-0.04944378882646561,0.19491444528102875,0.5135790109634399,-0.06586050987243652,0.1945624053478241,0.4652414917945862,-0.0745701715350151,0.15831035375595093,0.6494295597076416,-0.029929962009191513,0.15504127740859985,0.6142522096633911,-0.06319348514080048,0.16520078480243683,0.6692230105400085,-0.07584593445062637,0.17009489238262177,0.7072644829750061,-0.07537906616926193,0.12455540895462036,0.6697661876678467,-0.036430731415748596,0.10421586036682129,0.6193400025367737,-0.05748797953128815,0.08861295878887177,0.5832363367080688,-0.06538254022598267,0.07530655711889267,0.5421544909477234,-0.06852208822965622
pinza_izquierda,0.15363091230392456,0.826991856098175,3.30275810256353e-07,0.20096051692962646,0.817764401435852,-0.026437265798449516,0.23315337300300598,0.7803598046302795,-0.03925846517086029,0.219294011592865,0.7490809559822083,-0.05169041082262993,0.18644380569458008,0.732362687587738,-0.06315651535987854,0.22694791853427887,0.6659548878669739,-0.021929457783699036,0.24379602074623108,0.5992184281349182,-0.03867196664214134,0.2525971531867981,0.5593606233596802,-0.04873023182153702,0.2569226324558258,0.520845890045166,-0.05450860410928726,0.19002258777618408,0.6539769172668457,-0.024392828345298767,0.19221177697181702,0.5797240734100342,-0.04810108244419098,0.19646774232387543,0.5289772748947144,-0.06435805559158325,0.1961033046245575,0.48245108127593994,-0.07314817607402802,0.15805214643478394,0.6617650389671326,-0.029992762953042984,0.1578458845615387,0.6267098188400269,-0.06262927502393723,0.16932518780231476,0.6824870705604553,-0.07478497177362442,0.17563258111476898,0.7220319509506226,-0.0741548165678978,0.1258164942264557,0.681259036064148,-0.03737002983689308,0.10696343332529068,0.6346465945243835,-0.05756053701043129,0.09212977439165115,0.6008244752883911,-0.06512924283742905,0.08017963171005249,0.5615034103393555,-0.06815275549888611
pinza_izquierda,0.15677301585674286,0.835106372833252,3.451055192726926e-07,0.20449298620224,0.824063777923584,-0.025372961536049843,0.23837889730930328,0.7857810258865356,-0.037903040647506714,0.22588972747325897,0.7553773522377014,-0.05029639974236488,0.19376912713050842,0.7414820790290833,-0.06187579780817032,0.23146164417266846,0.6713011264801025,-0.019642513245344162,0.24838638305664062,0.607882022857666,-0.03671868145465851,0.25766509771347046,0.5689609050750732,-0.047740332782268524,0.2631564736366272,0.5319606065750122,-0.05402760952711105,0.19485221803188324,0.6601499319076538,-0.022727813571691513,0.19834040105342865,0.5885988473892212,-0.04562995955348015,0.20277513563632965,0.5388929843902588,-0.06208233907818794,0.20290786027908325,0.4932979345321655,-0.07100881636142731,0.16279911994934082,0.6689320802688599,-0.02893351949751377,0.16318200528621674,0.6355018615722656,-0.06033434718847275,0.17503799498081207,0.6906648278236389,-0.07172759622335434,0.18200546503067017,0.7302303910255432,-0.07064715772867203,0.130777508020401,0.6899604797363281,-0.036937762051820755,0.11312252283096313,0.6430404186248779,-0.05551159009337425,0.09931743144989014,0.6103994250297546,-0.06139492616057396,0.08842851221561432,0.5729435682296753,-0.06316594034433365
pinza_izquierda,0.15560965240001678,0.8297507762908936,3.136835573513963e-07,0.20372973382472992,0.8218724727630615,-0.027301378548145294,0.23752455413341522,0.7838210463523865,-0.039841968566179276,0.22547152638435364,0.751841127872467,-0.05181266367435455,0.19042544066905975,0.738028883934021,-0.06304142624139786,0.22986772656440735,0.6695970892906189,-0.021562011912465096,0.24522067606449127,0.6043791174888611,-0.03883250430226326,0.25443950295448303,0.566177248954773,-0.04930680990219116,0.2592252790927887,0.5291004776954651,-0.05537868291139603,0.1936190277338028,0.6582436561584473,-0.02376473695039749,0.19619260728359222,0.5856755375862122,-0.04789074510335922,0.20069947838783264,0.5368567705154419,-0.06422062963247299,0.19987136125564575,0.49338388442993164,-0.07293272763490677,0.16189198195934296,0.6673637628555298,-0.02939562313258648,0.16113008558750153,0.6331162452697754,-0.06261865049600601,0.17468836903572083,0.6875990033149719,-0.07559578865766525,0.1832597702741623,0.7260979413986206,-0.0754619911313057,0.1292048841714859,0.687731146812439,-0.03681938350200653,0.11130617558956146,0.6420487761497498,-0.057430703192949295,0.09705153107643127,0.6099851131439209,-0.0655050054192543,0.08590947091579437,0.5729963779449463,-0.06897479295730591
pinza_izquierda,0.15528906881809235,0.8253498673439026,3.374201185124548e-07,0.20251119136810303,0.8171268701553345,-0.025710558518767357,0.23618146777153015,0.7808154225349426,-0.038633108139038086,0.22564370930194855,0.7521140575408936,-0.05149201676249504,0.19277562201023102,0.7393205761909485,-0.06351769715547562,0.22848445177078247,0.6650477051734924,-0.02088683657348156,0.24502892792224884,0.6028075218200684,-0.039458759129047394,0.25527799129486084,0.5654987096786499,-0.0510496087372303,0.2609006464481354,0.5284178853034973,-0.057823602110147476,0.19196967780590057,0.6538407206535339,-0.02424043044447899,0.19570624828338623,0.5824881792068481,-0.049465011805295944,0.20117472112178802,0.5338877439498901,-0.06653259694576263,0.20125345885753632,0.4889681935310364,-0.075701504945755,0.16026589274406433,0.6630266308784485,-0.0308685302734375,0.16018494963645935,0.6293255686759949,-0.06502043455839157,0.17305400967597961,0.6868875622749329,-0.07756104320287704,0.18119338154792786,0.7269312143325806,-0.07686201483011246,0.12824255228042603,0.6841759085655212,-0.039171233773231506,0.11187922209501266,0.6405526399612427,-0.05976669117808342,0.09726791083812714,0.609318196773529,-0.06715057790279388,0.08556147664785385,0.57151198387146,-0.0700380951166153
pinza_izquierda,0.15869022905826569,0.8145788908004761,3.745787751086027e-07,0.20368929207324982,0.806509792804718,-0.026472318917512894,0.2382253110408783,0.7748615145683289,-0.04121661186218262,0.23239439725875854,0.7461883425712585,-0.055856022983789444,0.20200493931770325,0.7296936511993408,-0.06946392357349396,0.2323036789894104,0.6538766622543335,-0.02218002639710903,0.24834588170051575,0.5927944183349609,-0.040861889719963074,0.2582356333732605,0.5560721755027771,-0.052641838788986206,0.2644263505935669,0.5199105739593506,-0.05945549160242081,0.1956923007965088,0.6418143510818481,-0.025787703692913055,0.1989975869655609,0.5707030892372131,-0.05052182823419571,0.20460796356201172,0.5233186483383179,-0.06736171245574951,0.20579791069030762,0.47836834192276,-0.07651356607675552,0.16302061080932617,0.6508343815803528,-0.03260471671819687,0.16321155428886414,0.6177467107772827,-0.06628577411174774,0.17530585825443268,0.6751996278762817,-0.07786361873149872,0.182615265250206,0.715394914150238,-0.0766650065779686,0.13046006858348846,0.6727891564369202,-0.0412471629679203,0.11257712543010712,0.6280237436294556,-0.06171378493309021,0.09811251610517502,0.5968774557113647,-0.06827748566865921,0.08651255816221237,0.559604287147522,-0.07044824212789536
pinza_izquierda,0.16492004692554474,0.8199251890182495,3.638215559931268e-07,0.21132634580135345,0.813725471496582,-0.026952212676405907,0.245052307844162,0.7825866937637329,-0.04144394025206566,0.2320519983768463,0.7547529339790344,-0.055545102804899216,0.19764548540115356,0.7400452494621277,-0.06897752732038498,0.23638243973255157,0.6645065546035767,-0.02414151281118393,0.2528892457485199,0.6044402718544006,-0.04293820634484291,0.26326483488082886,0.5677080750465393,-0.05443007871508598,0.26924484968185425,0.5315049886703491,-0.06095798313617706,0.20011238753795624,0.652948260307312,-0.026960670948028564,0.2054041624069214,0.5847484469413757,-0.052100904285907745,0.2119266837835312,0.5368914604187012,-0.06922803074121475,0.21285440027713776,0.49314409494400024,-0.0783836841583252,0.16825570166110992,0.6615500450134277,-0.03290517255663872,0.1692795753479004,0.6331483125686646,-0.06682361662387848,0.18307048082351685,0.6879103779792786,-0.07991936057806015,0.19135725498199463,0.7257463932037354,-0.07965545356273651,0.13585418462753296,0.6817048192024231,-0.04044410586357117,0.12054126709699631,0.639042854309082,-0.0607120655477047,0.10661167651414871,0.6091980338096619,-0.06776434928178787,0.0945747047662735,0.5735375881195068,-0.07034332305192947
pinza_izquierda,0.3671382665634155,0.8511383533477783,4.4459656578510476e-07,0.4095049500465393,0.8516634702682495,-0.02930503338575363,0.443688303232193,0.839187741279602,-0.05033472925424576,0.4589574337005615,0.8269442319869995,-0.07125174254179001,0.44277164340019226,0.8104111552238464,-0.09128564596176147,0.4422573745250702,0.7030662298202515,-0.034519046545028687,0.4677564799785614,0.6434807777404785,-0.05530187860131264,0.4846292734146118,0.6096654534339905,-0.06636454910039902,0.49670493602752686,0.5749796628952026,-0.07195621728897095,0.4095085859298706,0.6908913254737854,-0.03920989856123924,0.42047879099845886,0.6183173060417175,-0.06709098070859909,0.4302217662334442,0.5696592926979065,-0.08406597375869751,0.4341895580291748,0.5230973958969116,-0.09226186573505402,0.37569659948349,0.7003384828567505,-0.04684453085064888,0.39584124088287354,0.6910749077796936,-0.08712775260210037,0.416299045085907,0.7521143555641174,-0.10211113840341568,0.4275895357131958,0.7920068502426147,-0.1010986790060997,0.34311360120773315,0.7219334840774536,-0.055841412395238876,0.33534467220306396,0.6779434084892273,-0.08067300170660019,0.32830607891082764,0.6443288326263428,-0.08901133388280869,0.3226431906223297,0.6073674559593201,-0.09177444130182266
pinza_izquierda,0.36701494455337524,0.851300835609436,4.4860385628453514e-07,0.4106106460094452,0.8529163599014282,-0.028380265459418297,0.4451427459716797,0.8400201797485352,-0.04947258159518242,0.467902809381485,0.8326365351676941,-0.07092776149511337,0.45642390847206116,0.8161736726760864,-0.09146367013454437,0.44971537590026855,0.7042042016983032,-0.03326936438679695,0.4771203100681305,0.6441512107849121,-0.054469648748636246,0.49503040313720703,0.6111042499542236,-0.06570139527320862,0.5081062316894531,0.5763288736343384,-0.07160860300064087,0.4179111421108246,0.6925670504570007,-0.03866346552968025,0.43151625990867615,0.6210275292396545,-0.06760241836309433,0.4433009922504425,0.5734224915504456,-0.08521893620491028,0.4489481747150421,0.5267969965934753,-0.09385210275650024,0.3846704959869385,0.7024683952331543,-0.04704868793487549,0.40868672728538513,0.6919280290603638,-0.08828993886709213,0.4296897053718567,0.7554494738578796,-0.10330076515674591,0.4415559768676758,0.7960566282272339,-0.10218457132577896,0.3530485928058624,0.7247751951217651,-0.05677204951643944,0.346707820892334,0.6836335062980652,-0.08213793486356735,0.34016746282577515,0.651202380657196,-0.09109631180763245,0.3351077437400818,0.6148999333381653,-0.09430859237909317
pinza_izquierda,0.3741600811481476,0.8497329354286194,4.313009469569806e-07,0.4196387529373169,0.8500884771347046,-0.027308227494359016,0.45588958263397217,0.8389266729354858,-0.04764407500624657,0.47533583641052246,0.8298692107200623,-0.06832805275917053,0.46144533157348633,0.813825786113739,-0.08805853128433228,0.458290159702301,0.6995981931686401,-0.0314045213162899,0.48488733172416687,0.6418944597244263,-0.0521000437438488,0.5021112561225891,0.6083685755729675,-0.06331533193588257,0.5149892568588257,0.5735189914703369,-0.06933227181434631,0.42607566714286804,0.6881303787231445,-0.037625525146722794,0.4393651783466339,0.619791567325592,-0.06504903733730316,0.45179736614227295,0.5710954666137695,-0.0823398157954216,0.4585132598876953,0.5259106159210205,-0.09113338589668274,0.39206165075302124,0.6993463635444641,-0.04687030613422394,0.4145536422729492,0.6913625597953796,-0.08741675317287445,0.4349210560321808,0.7547524571418762,-0.10285060852766037,0.4468054473400116,0.7963528633117676,-0.10242403298616409,0.3596508204936981,0.7239246964454651,-0.05735090374946594,0.35059478878974915,0.6862132549285889,-0.08347970247268677,0.3433579206466675,0.6564293503761292,-0.09285683929920197,0.3383513391017914,0.6230382919311523,-0.09617583453655243
pinza_izquierda,0.3728245496749878,0.8460632562637329,4.392040864331648e-07,0.41923874616622925,0.8476461172103882,-0.029751526191830635,0.45842230319976807,0.836510956287384,-0.050883129239082336,0.47744491696357727,0.8236228823661804,-0.07180150598287582,0.4615975022315979,0.8079612255096436,-0.09163963049650192,0.45751363039016724,0.7003939151763916,-0.03459237143397331,0.4829524755477905,0.6405549049377441,-0.05642896518111229,0.4999867081642151,0.6068549156188965,-0.0679478570818901,0.5131309032440186,0.5713982582092285,-0.07428180426359177,0.424842894077301,0.6881020665168762,-0.039313819259405136,0.43727168440818787,0.6210768222808838,-0.06845778971910477,0.4492568373680115,0.5735691785812378,-0.08625614643096924,0.4566981792449951,0.5278107523918152,-0.09529554098844528,0.391025185585022,0.6985066533088684,-0.04713466390967369,0.41475096344947815,0.693016529083252,-0.08908513933420181,0.43543216586112976,0.7542749643325806,-0.10462605953216553,0.44682642817497253,0.7933380603790283,-0.10410182178020477,0.35890090465545654,0.7223612070083618,-0.0563492514193058,0.3509420156478882,0.6877805590629578,-0.08321291208267212,0.3431955575942993,0.6591277122497559,-0.09307127445936203,0.3365916609764099,0.6255753040313721,-0.09670356661081314
pinza_izquierda,0.3747188150882721,0.8460185527801514,4.1926978155970573e-07,0.420632004737854,0.8467075228691101,-0.026331115514039993,0.459281861782074,0.8354740738868713,-0.046217553317546844,0.4788975417613983,0.8244116902351379,-0.06640485674142838,0.4623209536075592,0.8106013536453247,-0.08562237024307251,0.458169162273407,0.7002133727073669,-0.032198403030633926,0.48403382301330566,0.6408278346061707,-0.05280694738030434,0.5011587142944336,0.6079109311103821,-0.06345141679048538,0.5141897201538086,0.5730506181716919,-0.06935432553291321,0.425812691450119,0.6888047456741333,-0.03833506628870964,0.4377347230911255,0.6221136450767517,-0.06623287498950958,0.44989877939224243,0.5745289325714111,-0.08324199169874191,0.45690473914146423,0.528893232345581,-0.0920611321926117,0.39230281114578247,0.7000404000282288,-0.04720906913280487,0.41529902815818787,0.6939624547958374,-0.08747262507677078,0.43634018301963806,0.7557592988014221,-0.10236933082342148,0.4482065439224243,0.7953894138336182,-0.10198558866977692,0.36031317710876465,0.7249101996421814,-0.057228852063417435,0.3516227900981903,0.6905043721199036,-0.08318007737398148,0.3436530828475952,0.6610516309738159,-0.09277660399675369,0.33706745505332947,0.6269105076789856,-0.09648962318897247
pinza_izquierda,0.3737763464450836,0.8527836203575134,4.216112472477107e-07,0.41885310411453247,0.8525189161300659,-0.026562826707959175,0.45648354291915894,0.8427347540855408,-0.04680020734667778,0.4761408567428589,0.833873450756073,-0.06734976172447205,0.46288052201271057,0.8210872411727905,-0.08695848286151886,0.45621269941329956,0.7059519290924072,-0.032301805913448334,0.48300275206565857,0.6494554877281189,-0.05377655848860741,0.5003639459609985,0.6164491772651672,-0.06547205150127411,0.5137353539466858,0.5816126465797424,-0.07218717038631439,0.42437705397605896,0.694712221622467,-0.03837970644235611,0.437347412109375,0.6297338604927063,-0.06687364727258682,0.44985467195510864,0.5825581550598145,-0.08446197211742401,0.4576791524887085,0.5381976366043091,-0.09367077052593231,0.39136484265327454,0.7064639329910278,-0.047288309782743454,0.4146832227706909,0.7001626491546631,-0.08800043910741806,0.43511688709259033,0.7623724341392517,-0.10333387553691864,0.4468673765659332,0.8027507066726685,-0.10326052457094193,0.36044925451278687,0.7323961853981018,-0.057361338287591934,0.3523114025592804,0.700295090675354,-0.0844404399394989,0.34427791833877563,0.6729707717895508,-0.09475354105234146,0.337679386138916,0.6410437226295471,-0.09873130917549133
pinza_izquierda,0.3758053779602051,0.8571327328681946,4.080858957422606e-07,0.42011356353759766,0.8558785319328308,-0.024578822776675224,0.45690664649009705,0.8456575274467468,-0.043687157332897186,0.47740718722343445,0.8382385969161987,-0.06328199803829193,0.4689759612083435,0.8249244689941406,-0.08196652680635452,0.4577682316303253,0.7098731994628906,-0.03074321709573269,0.483418732881546,0.6516371965408325,-0.05163848027586937,0.5006886720657349,0.6192238330841064,-0.06303638964891434,0.5140273571014404,0.5847687721252441,-0.06942787021398544,0.4264737665653229,0.6989696025848389,-0.03773118555545807,0.4386262893676758,0.6317445039749146,-0.06479959189891815,0.4508824646472931,0.5848973989486694,-0.08186516910791397,0.45827531814575195,0.5403294563293457,-0.09079267084598541,0.3932816684246063,0.7111906409263611,-0.047370027750730515,0.4148949980735779,0.7047039866447449,-0.08656031638383865,0.4370386302471161,0.7661305069923401,-0.101043701171875,0.4504733383655548,0.8060346841812134,-0.1006610170006752,0.3620055913925171,0.7378056645393372,-0.05803370848298073,0.35318523645401,0.7048428058624268,-0.08399573713541031,0.34631943702697754,0.6787198781967163,-0.0930151641368866,0.34048014879226685,0.6477651596069336,-0.09606827050447464
pinza_izquierda,0.371902197599411,0.8508255481719971,4.2983398884643975e-07,0.41867074370384216,0.85111403465271,-0.024651402607560158,0.4582376182079315,0.8404194712638855,-0.04447402060031891,0.48132529854774475,0.8334583044052124,-0.06500672549009323,0.4676465392112732,0.8240997791290283,-0.08473817259073257,0.45821642875671387,0.7075631022453308,-0.031234415248036385,0.4842841327190399,0.6503711342811584,-0.052828822284936905,0.5012686848640442,0.6181911826133728,-0.06464451551437378,0.5146036744117737,0.5839431285858154,-0.07170462608337402,0.42564132809638977,0.6959859132766724,-0.03867417946457863,0.4379235506057739,0.6323644518852234,-0.06720388680696487,0.4507632553577423,0.5867763757705688,-0.08447500318288803,0.45950081944465637,0.5421567559242249,-0.09374875575304031,0.3917299211025238,0.707790195941925,-0.04884295165538788,0.4155157804489136,0.7026069164276123,-0.08884146064519882,0.43779805302619934,0.7643932104110718,-0.10287053883075714,0.4510815143585205,0.8035016655921936,-0.10240644216537476,0.36013489961624146,0.734612226486206,-0.060192570090293884,0.35355567932128906,0.704887330532074,-0.0869678407907486,0.3459553122520447,0.6781576871871948,-0.09672898054122925,0.3396843671798706,0.6453405618667603,-0.10056386888027191
pinza_izquierda,0.3770490884780884,0.8571427464485168,4.2388361976009037e-07,0.42173177003860474,0.8586812019348145,-0.02462690696120262,0.45920586585998535,0.8511208295822144,-0.04434604197740555,0.48180097341537476,0.8481441140174866,-0.06461986899375916,0.47474411129951477,0.8390629887580872,-0.08413434773683548,0.4625242054462433,0.7143391966819763,-0.0314280241727829,0.4897654056549072,0.6603789329528809,-0.05216225981712341,0.5072434544563293,0.6288577318191528,-0.06336068361997604,0.5209806561470032,0.595852255821228,-0.06972957402467728,0.4308982789516449,0.702521026134491,-0.038821376860141754,0.444928914308548,0.6414057016372681,-0.06569551676511765,0.4579888582229614,0.5956275463104248,-0.08264628052711487,0.46629729866981506,0.5532947778701782,-0.09164942800998688,0.3968357443809509,0.7147344946861267,-0.048873499035835266,0.42054426670074463,0.7161575555801392,-0.08809865266084671,0.44154635071754456,0.7766468524932861,-0.1031646803021431,0.45441460609436035,0.8159124255180359,-0.10333909094333649,0.3648518919944763,0.74199378490448,-0.05993688106536865,0.3570425510406494,0.7127721309661865,-0.08624223619699478,0.35030460357666016,0.6879855394363403,-0.09553878009319305,0.34524381160736084,0.6597310900688171,-0.09878214448690414
pinza_izquierda,0.39185717701911926,0.6965988278388977,3.850802272609144e-07,0.4501778483390808,0.6886446475982666,-0.027010178193449974,0.49656566977500916,0.659577488899231,-0.04501217231154442,0.5178225040435791,0.6262505054473877,-0.06376181542873383,0.4916599690914154,0.6026567220687866,-0.08121617138385773,0.4899296462535858,0.5112598538398743,-0.029570816084742546,0.5188937187194824,0.43597984313964844,-0.052405573427677155,0.5349072217941284,0.389992356300354,-0.06516174972057343,0.5457236170768738,0.343770295381546,-0.0719408169388771,0.451262891292572,0.4962109923362732,-0.037873342633247375,0.4672529101371765,0.3985482156276703,-0.06935477256774902,0.4795667827129364,0.3353312611579895,-0.09016042202711105,0.4849947690963745,0.2789883017539978,-0.10062060505151749,0.4123058617115021,0.5058782696723938,-0.04901857674121857,0.4391213059425354,0.47481316328048706,-0.09386982768774033,0.4637172520160675,0.539847731590271,-0.11115124076604843,0.47795313596725464,0.5855432748794556,-0.11057429015636444,0.3751646876335144,0.5275103449821472,-0.06128568947315216,0.3666875958442688,0.46795594692230225,-0.08650852739810944,0.35783085227012634,0.42677995562553406,-0.09447754174470901,0.35237568616867065,0.3835582137107849,-0.09716970473527908
pinza_izquierda,0.3925040066242218,0.6855678558349609,4.040780936520605e-07,0.4512495696544647,0.6783846616744995,-0.0274327602237463,0.49739915132522583,0.6497073173522949,-0.04593480005860329,0.5181129574775696,0.6174069046974182,-0.06493500620126724,0.4935151934623718,0.591214656829834,-0.08266640454530716,0.49017682671546936,0.5006132125854492,-0.03146888688206673,0.5196271538734436,0.42505866289138794,-0.05528740584850311,0.5350371599197388,0.3781570792198181,-0.06856367737054825,0.5447866916656494,0.33052217960357666,-0.07560334354639053,0.45216986536979675,0.4850994348526001,-0.03993236646056175,0.4703161418437958,0.3847525715827942,-0.07162684202194214,0.482827752828598,0.3224865198135376,-0.09211757034063339,0.4877527952194214,0.2658841907978058,-0.10228434205055237,0.41283372044563293,0.49472546577453613,-0.05126665532588959,0.4411724805831909,0.4606797397136688,-0.09691143035888672,0.4652394950389862,0.5273852348327637,-0.11332841962575912,0.47868460416793823,0.574006974697113,-0.11188843846321106,0.37552139163017273,0.5169298052787781,-0.06376257538795471,0.3665846288204193,0.45531317591667175,-0.08989721536636353,0.3585786819458008,0.41461753845214844,-0.097652867436409,0.3540748953819275,0.3718169331550598,-0.09996477514505386
pinza_izquierda,0.3905753791332245,0.700809121131897,3.445952643232886e-07,0.4496878981590271,0.6938483715057373,-0.028625601902604103,0.4980947971343994,0.6633682250976562,-0.04712553694844246,0.5186035633087158,0.6296622157096863,-0.06642626971006393,0.4893302917480469,0.6080441474914551,-0.08456840366125107,0.4886821210384369,0.5143576860427856,-0.030184566974639893,0.517350435256958,0.43753883242607117,-0.05471491441130638,0.5339160561561584,0.3921508491039276,-0.06841644644737244,0.5444672107696533,0.34577807784080505,-0.07576954364776611,0.4497312307357788,0.5016789436340332,-0.037842608988285065,0.4643731713294983,0.40428394079208374,-0.07215104252099991,0.47611236572265625,0.3416846990585327,-0.0940849706530571,0.4804253876209259,0.2840602993965149,-0.10476575791835785,0.4117410182952881,0.5129442811012268,-0.048796046525239944,0.4393215775489807,0.48206761479377747,-0.09672646224498749,0.46411362290382385,0.5513455271720886,-0.11530805379152298,0.4780697524547577,0.5984941720962524,-0.1146320104598999,0.37597543001174927,0.535785973072052,-0.060998957604169846,0.3696966767311096,0.4809831380844116,-0.08893169462680817,0.36135536432266235,0.4410451650619507,-0.09897743910551071,0.3550291061401367,0.3970309793949127,-0.10266956686973572
pinza_izquierda,0.39229100942611694,0.6978068947792053,4.0160495018426445e-07,0.4515492022037506,0.6917852759361267,-0.02661055698990822,0.4969828426837921,0.6648682355880737,-0.045473914593458176,0.5196723341941833,0.6356552243232727,-0.06534455716609955,0.4957659840583801,0.6117796301841736,-0.08391812443733215,0.48858779668807983,0.5128982663154602,-0.030845340341329575,0.5189725756645203,0.4383055865764618,-0.05513675510883331,0.5357091426849365,0.3932051956653595,-0.06864092499017715,0.5465747117996216,0.3473285734653473,-0.07577840983867645,0.45047664642333984,0.5004481673240662,-0.039733171463012695,0.4673871099948883,0.40638238191604614,-0.07322921603918076,0.47989389300346375,0.34565261006355286,-0.09514067322015762,0.48520854115486145,0.2890123128890991,-0.10620284080505371,0.41235947608947754,0.5121492147445679,-0.05133866146206856,0.4408731162548065,0.4852234125137329,-0.09778228402137756,0.4668557345867157,0.5507243275642395,-0.1150227040052414,0.4823299050331116,0.5948368906974792,-0.11409109830856323,0.3769647777080536,0.5360501408576965,-0.0640195682644844,0.3711712956428528,0.4771496653556824,-0.08970533311367035,0.36450260877609253,0.4361381530761719,-0.09735450148582458,0.3610421419143677,0.3929406404495239,-0.09968885779380798
pinza_izquierda,0.3920135498046875,0.7050095796585083,3.9190263123600744e-07,0.45001721382141113,0.6985608339309692,-0.026924777776002884,0.49631398916244507,0.668850839138031,-0.04555302485823631,0.519547700881958,0.6383139491081238,-0.06549650430679321,0.4942638874053955,0.6166820526123047,-0.08419787883758545,0.48855406045913696,0.5192360877990723,-0.02863544411957264,0.5175625085830688,0.44729354977607727,-0.053294867277145386,0.5342608690261841,0.40331926941871643,-0.06765258312225342,0.5458555221557617,0.3587794303894043,-0.07556626200675964,0.4498862326145172,0.5073530673980713,-0.03800336644053459,0.46540936827659607,0.41521334648132324,-0.07205364108085632,0.47774386405944824,0.3550650477409363,-0.09455934166908264,0.48378998041152954,0.29868441820144653,-0.10592155158519745,0.4118204712867737,0.519354522228241,-0.05049755424261093,0.43945783376693726,0.49276378750801086,-0.09816154092550278,0.4635368287563324,0.5597602128982544,-0.11529295146465302,0.47731199860572815,0.6044629216194153,-0.11380542069673538,0.3767789602279663,0.5433660745620728,-0.06432545930147171,0.3722604513168335,0.4860449731349945,-0.09152749925851822,0.36661967635154724,0.4456132650375366,-0.09986864775419235,0.36371514201164246,0.40198463201522827,-0.10238844156265259
pinza_izquierda,0.3972250819206238,0.7040108442306519,4.1142561713058967e-07,0.45489948987960815,0.6973289251327515,-0.026999767869710922,0.5005309581756592,0.670910120010376,-0.04585695266723633,0.5230872631072998,0.6426041126251221,-0.06586559861898422,0.5011158585548401,0.61849445104599,-0.08469461649656296,0.49280455708503723,0.5186845064163208,-0.028504403308033943,0.5216225981712341,0.4457034468650818,-0.05257156863808632,0.5380444526672363,0.4014928936958313,-0.0662517100572586,0.5488199591636658,0.3568764925003052,-0.07314205914735794,0.4548632502555847,0.5064267516136169,-0.03759397193789482,0.47063955664634705,0.4112265110015869,-0.07045432180166245,0.4826167821884155,0.35151195526123047,-0.0922362357378006,0.4880017340183258,0.29518795013427734,-0.10263154655694962,0.41627779603004456,0.5182046890258789,-0.049687664955854416,0.4452284574508667,0.49328428506851196,-0.09678429365158081,0.4711439907550812,0.5592555403709412,-0.1137344241142273,0.4861963987350464,0.6028241515159607,-0.1116195097565651,0.38071107864379883,0.5420591831207275,-0.06287719309329987,0.37778037786483765,0.4809499680995941,-0.08849190175533295,0.3741554617881775,0.44059109687805176,-0.09484631568193436,0.37244218587875366,0.3973868489265442,-0.09569212049245834
pinza_izquierda,0.3914879560470581,0.7017950415611267,3.954587555199396e-07,0.4505000114440918,0.697935938835144,-0.029246656224131584,0.4960743188858032,0.6713095903396606,-0.04917232319712639,0.5186069011688232,0.640578031539917,-0.06979461759328842,0.49347245693206787,0.6140307188034058,-0.08886591345071793,0.48833271861076355,0.5184811353683472,-0.031765613704919815,0.517922043800354,0.4453180730342865,-0.05685972422361374,0.5346301198005676,0.4008079469203949,-0.07078482210636139,0.5456830859184265,0.3563578724861145,-0.07813616842031479,0.44995230436325073,0.5063375234603882,-0.03946325555443764,0.46427085995674133,0.4135570526123047,-0.07429716736078262,0.4770410358905792,0.35444653034210205,-0.09591081738471985,0.4838040769100189,0.3007113039493561,-0.10636404901742935,0.4126691222190857,0.5183539986610413,-0.05043778568506241,0.4401381015777588,0.4939560294151306,-0.09770049154758453,0.4649151861667633,0.5593072772026062,-0.11423179507255554,0.47920212149620056,0.6024577617645264,-0.11255041509866714,0.37822726368904114,0.5424711108207703,-0.06294696033000946,0.37333613634109497,0.4867176413536072,-0.08982302248477936,0.367729127407074,0.4462643563747406,-0.09839162230491638,0.36530688405036926,0.402845174074173,-0.10117446631193161
pinza_izquierda,0.39317652583122253,0.7088450789451599,4.2353536855443963e-07,0.45120689272880554,0.705008864402771,-0.02718435600399971,0.49673017859458923,0.6793158650398254,-0.046391576528549194,0.5196415185928345,0.6518495082855225,-0.06675196439027786,0.4965471029281616,0.6272618174552917,-0.08584266155958176,0.4885195791721344,0.5260501503944397,-0.029992513358592987,0.5182722806930542,0.4548572301864624,-0.054879579693078995,0.535815417766571,0.41133415699005127,-0.06918352097272873,0.5479544997215271,0.36759549379348755,-0.07686919718980789,0.4503149092197418,0.5140562653541565,-0.03916534408926964,0.46698933839797974,0.42159584164619446,-0.07284408062696457,0.48105502128601074,0.3620843291282654,-0.09499552100896835,0.48896217346191406,0.30628079175949097,-0.1061478704214096,0.41261982917785645,0.5264108777046204,-0.051370371133089066,0.4415786564350128,0.5031124949455261,-0.09860242158174515,0.46568483114242554,0.569909393787384,-0.1156444326043129,0.4796275794506073,0.6142463088035583,-0.1142350360751152,0.37802189588546753,0.5514681339263916,-0.06486383080482483,0.3739182949066162,0.4956081211566925,-0.09198376536369324,0.36984550952911377,0.4571286141872406,-0.10010623186826706,0.368646502494812,0.4160138666629791,-0.10239075124263763
pinza_izquierda,0.39430055022239685,0.5366570949554443,4.0690201785764657e-07,0.4588508605957031,0.5217264890670776,-0.0319855697453022,0.5056864023208618,0.4695266783237457,-0.04831583797931671,0.5187827348709106,0.4115420877933502,-0.06484954059123993,0.48994171619415283,0.3679800033569336,-0.07980626821517944,0.49316728115081787,0.318471759557724,-0.026034314185380936,0.5234031081199646,0.22511275112628937,-0.04780132696032524,0.536288857460022,0.16960524022579193,-0.059766825288534164,0.5443741083145142,0.11700822412967682,-0.06580910086631775,0.4516826570034027,0.3020053505897522,-0.032484374940395355,0.46702754497528076,0.18254852294921875,-0.06446483731269836,0.4811598062515259,0.10949113965034485,-0.08616039156913757,0.4882921278476715,0.04790380597114563,-0.09704676270484924,0.4103827476501465,0.3123433589935303,-0.042772065848112106,0.435177206993103,0.2453913390636444,-0.08931837975978851,0.46292173862457275,0.3081896901130676,-0.1060948446393013,0.4787348508834839,0.3591681122779846,-0.10446473211050034,0.37010499835014343,0.335001677274704,-0.05485104024410248,0.36140528321266174,0.25497913360595703,-0.08310666680335999,0.3554324805736542,0.1989980787038803,-0.09325852990150452,0.351223886013031,0.14261628687381744,-0.09697004407644272
pinza_izquierda,0.3943287134170532,0.5379831790924072,4.2969216451638204e-07,0.4602172374725342,0.521368682384491,-0.03341127187013626,0.5067869424819946,0.46956130862236023,-0.05007835105061531,0.5190328359603882,0.4108721911907196,-0.0666511133313179,0.48911958932876587,0.36850473284721375,-0.08155915141105652,0.4921264052391052,0.31821051239967346,-0.025845414027571678,0.520974338054657,0.22298507392406464,-0.04665929824113846,0.5337827205657959,0.16682226955890656,-0.05831257626414299,0.5418249368667603,0.11358685791492462,-0.06428869068622589,0.4508135914802551,0.30227574706077576,-0.03125041350722313,0.46396732330322266,0.18226727843284607,-0.062170784920454025,0.4777356684207916,0.10792821645736694,-0.08382009714841843,0.4845232665538788,0.045829325914382935,-0.09497014433145523,0.4098842442035675,0.31288278102874756,-0.04061504825949669,0.4318411946296692,0.24587826430797577,-0.08606564998626709,0.46101677417755127,0.3059616982936859,-0.10343805700540543,0.47772154211997986,0.3553469777107239,-0.10254521667957306,0.36956173181533813,0.3349495828151703,-0.05190105736255646,0.35877713561058044,0.2545504868030548,-0.0793389230966568,0.35186630487442017,0.19920413196086884,-0.08958525210618973,0.3464185297489166,0.1433950513601303,-0.09358763694763184
pinza_izquierda,0.3931729793548584,0.5454167723655701,3.9807889606890967e-07,0.45698434114456177,0.526932418346405,-0.03125007078051567,0.5034738183021545,0.4751517176628113,-0.046962108463048935,0.5127021074295044,0.4190827012062073,-0.06273302435874939,0.484623521566391,0.37756210565567017,-0.07697068154811859,0.48717567324638367,0.32468971610069275,-0.026097074151039124,0.516118049621582,0.22950181365013123,-0.04728333279490471,0.5277532935142517,0.17300434410572052,-0.058715153485536575,0.5343775153160095,0.11972691118717194,-0.06427837163209915,0.4460006356239319,0.31020668148994446,-0.03261622041463852,0.4587532877922058,0.18886978924274445,-0.06371224671602249,0.4715830981731415,0.11525554955005646,-0.08518589287996292,0.4776827096939087,0.05314290523529053,-0.0960630401968956,0.405158132314682,0.3210590183734894,-0.042822182178497314,0.43101078271865845,0.2539120614528656,-0.08917101472616196,0.4594097137451172,0.31531617045402527,-0.10657323896884918,0.47500187158584595,0.36527493596076965,-0.105397067964077,0.3657451570034027,0.3435499370098114,-0.05461757257580757,0.35527172684669495,0.26354455947875977,-0.08282069116830826,0.34817785024642944,0.20866252481937408,-0.0929107666015625,0.342373251914978,0.15300707519054413,-0.0965266078710556
pinza_izquierda,0.3899427056312561,0.5459878444671631,4.2162372437815065e-07,0.45485633611679077,0.52903151512146,-0.03182564675807953,0.5006868839263916,0.47611531615257263,-0.04815784469246864,0.5113579630851746,0.41811150312423706,-0.06477551907300949,0.4796622097492218,0.37979060411453247,-0.07975877076387405,0.48445865511894226,0.3222824037075043,-0.025015391409397125,0.5126212239265442,0.227093905210495,-0.045066118240356445,0.5245344042778015,0.17119796574115753,-0.05642255023121834,0.5317941904067993,0.11833199858665466,-0.06255550682544708,0.44344180822372437,0.3088579773902893,-0.03140464052557945,0.4554458260536194,0.19022564589977264,-0.06140509992837906,0.4682760238647461,0.11682699620723724,-0.08282836526632309,0.4746828079223633,0.05535444617271423,-0.09431919455528259,0.4032098054885864,0.321512907743454,-0.041524820029735565,0.42693135142326355,0.2529296278953552,-0.08619283884763718,0.4546423554420471,0.31502431631088257,-0.10232940316200256,0.4694448709487915,0.3661453127861023,-0.10092215985059738,0.36447060108184814,0.34587574005126953,-0.05358630791306496,0.35214313864707947,0.26660528779029846,-0.080812968313694,0.34443199634552,0.21203729510307312,-0.09078647941350937,0.3385605216026306,0.15750324726104736,-0.09470095485448837
pinza_izquierda,0.38704556226730347,0.5593845844268799,3.9693421172160015e-07,0.45070692896842957,0.5428816676139832,-0.033100783824920654,0.4992716312408447,0.4932859539985657,-0.05065623298287392,0.5124059915542603,0.43892520666122437,-0.06810761988162994,0.4837225079536438,0.400238037109375,-0.0838184580206871,0.4861166179180145,0.33915162086486816,-0.028147216886281967,0.5141518712043762,0.24232834577560425,-0.04933333769440651,0.5263562202453613,0.18689529597759247,-0.06129861995577812,0.5337727069854736,0.1348530799150467,-0.06765949726104736,0.44489121437072754,0.3265596628189087,-0.03433707356452942,0.4566531181335449,0.20592549443244934,-0.06515112519264221,0.4693588316440582,0.13374708592891693,-0.08687800168991089,0.4760032594203949,0.07163801789283752,-0.09869153797626495,0.40424707531929016,0.3389865756034851,-0.04437980428338051,0.4297516345977783,0.2703859210014343,-0.09006503224372864,0.45750221610069275,0.33403685688972473,-0.10664908587932587,0.4721933603286743,0.38603097200393677,-0.10560920834541321,0.3646864891052246,0.3623419404029846,-0.05643927678465843,0.3554670810699463,0.2848672568798065,-0.08473453670740128,0.3476506471633911,0.22902293503284454,-0.09543507546186447,0.34018373489379883,0.17161837220191956,-0.10010556876659393
pinza_izquierda,0.3909332752227783,0.5602548718452454,4.162968991749949e-07,0.4544505476951599,0.5418314933776855,-0.0328751765191555,0.49964195489883423,0.49219459295272827,-0.050452474504709244,0.5101631879806519,0.43961313366889954,-0.06804528832435608,0.4842877984046936,0.3986012935638428,-0.08393500745296478,0.48580294847488403,0.335660457611084,-0.027621032670140266,0.5128575563430786,0.24150973558425903,-0.0494772344827652,0.5239804983139038,0.1860194057226181,-0.06158384680747986,0.5296438932418823,0.134037584066391,-0.06753148138523102,0.44426947832107544,0.323360800743103,-0.03388281539082527,0.4549199044704437,0.20545198023319244,-0.06572314351797104,0.46582090854644775,0.1322764903306961,-0.08749151229858398,0.4702819883823395,0.06953778862953186,-0.09841164946556091,0.40317898988723755,0.336894690990448,-0.04403090104460716,0.4276725947856903,0.2736048102378845,-0.09097938984632492,0.45589953660964966,0.33587807416915894,-0.10740409046411514,0.4715777635574341,0.3853285014629364,-0.1052413135766983,0.3638167083263397,0.3625699579715729,-0.05604076385498047,0.35304978489875793,0.28502893447875977,-0.08458071947097778,0.3452802300453186,0.23036882281303406,-0.09424681961536407,0.33880937099456787,0.17407439649105072,-0.09737153351306915
pinza_izquierda,0.39448070526123047,0.5562630891799927,4.1616399926169834e-07,0.45804116129875183,0.5391254425048828,-0.030327314510941505,0.5039559602737427,0.4888840913772583,-0.04621802270412445,0.5155062675476074,0.4375607371330261,-0.0625464990735054,0.4897136092185974,0.3968559503555298,-0.07746808230876923,0.4892173409461975,0.3335511088371277,-0.024790024384856224,0.5174786448478699,0.24107012152671814,-0.04559759795665741,0.5291688442230225,0.1858758181333542,-0.05693570896983147,0.5350712537765503,0.13405151665210724,-0.06230234354734421,0.44801193475723267,0.3209933936595917,-0.03206944093108177,0.45931991934776306,0.20140016078948975,-0.06258539855480194,0.4707478880882263,0.12933743000030518,-0.08362192660570145,0.4747662842273712,0.06835880875587463,-0.0939401164650917,0.40740111470222473,0.33391258120536804,-0.04304536432027817,0.43171635270118713,0.2700451612472534,-0.08938822150230408,0.4607243835926056,0.33313658833503723,-0.10602127015590668,0.4766116440296173,0.3830000162124634,-0.10386962443590164,0.36837494373321533,0.3591214716434479,-0.05558096244931221,0.35674816370010376,0.28000935912132263,-0.08359925448894501,0.3490063548088074,0.22608190774917603,-0.0929165855050087,0.3424990773200989,0.17038515210151672,-0.09573758393526077
pinza_izquierda,0.39400383830070496,0.5538102388381958,3.984422676239774e-07,0.45881175994873047,0.5369633436203003,-0.03143776208162308,0.5054787993431091,0.48564860224723816,-0.04790326952934265,0.5180492401123047,0.43056315183639526,-0.06475886702537537,0.4903183877468109,0.39123865962028503,-0.07999751716852188,0.49091750383377075,0.33295220136642456,-0.025363581255078316,0.5187661647796631,0.23848754167556763,-0.046575866639614105,0.5303819179534912,0.18365450203418732,-0.05820833891630173,0.5366696715354919,0.13166910409927368,-0.06427673995494843,0.45022186636924744,0.31835928559303284,-0.03223016485571861,0.4617179036140442,0.19817808270454407,-0.06399089097976685,0.47367462515830994,0.12519370019435883,-0.08564586937427521,0.47898799180984497,0.062498658895492554,-0.09680967777967453,0.4097287058830261,0.33031120896339417,-0.04289769381284714,0.43444252014160156,0.26139378547668457,-0.08943413197994232,0.4620324373245239,0.3254328668117523,-0.1053556278347969,0.47727030515670776,0.3762761056423187,-0.10324481129646301,0.37055057287216187,0.35480135679244995,-0.05539751797914505,0.360204815864563,0.27726054191589355,-0.0840812399983406,0.3531213402748108,0.22256198525428772,-0.09435401856899261,0.3474053740501404,0.16590367257595062,-0.09823005646467209
pinza_izquierda,0.38815855979919434,0.5615087151527405,4.634118226931605e-07,0.4524950385093689,0.5478695034980774,-0.03444639965891838,0.5022373795509338,0.4928528070449829,-0.04914665222167969,0.5148367881774902,0.438907653093338,-0.06417857110500336,0.48275765776634216,0.4058998227119446,-0.0775083526968956,0.48422035574913025,0.3371880054473877,-0.018848055973649025,0.5110108852386475,0.24269556999206543,-0.03832690045237541,0.5241703391075134,0.18799376487731934,-0.049965690821409225,0.5320513248443604,0.13750015199184418,-0.0552162267267704,0.4436425268650055,0.3250308632850647,-0.02481698989868164,0.4551265835762024,0.20500658452510834,-0.054779939353466034,0.4675154387950897,0.13150887191295624,-0.07633665204048157,0.47249799966812134,0.07039731740951538,-0.08590572327375412,0.40476909279823303,0.33639323711395264,-0.03560002148151398,0.42967233061790466,0.27683693170547485,-0.08099271357059479,0.45678266882896423,0.3399762213230133,-0.09581834077835083,0.4709559381008148,0.38605254888534546,-0.09098801761865616,0.3671405613422394,0.35644790530204773,-0.04896042123436928,0.3722214698791504,0.27202552556991577,-0.07340607047080994,0.37690985202789307,0.21799728274345398,-0.07891906052827835,0.3811882436275482,0.16036726534366608,-0.07867591828107834
pinza_izquierda,0.6709223985671997,0.539136528968811,4.2423826585036295e-07,0.7416865229606628,0.5317469835281372,-0.02346576191484928,0.8064079880714417,0.4916088283061981,-0.036423370242118835,0.8507062792778015,0.46341755986213684,-0.05158964544534683,0.8571689128875732,0.4123338758945465,-0.06477435678243637,0.7861629128456116,0.3357141315937042,-0.019924471154808998,0.8349100947380066,0.24000784754753113,-0.03977406769990921,0.8618350625038147,0.1925770789384842,-0.04959491640329361,0.8826586008071899,0.14423811435699463,-0.052990421652793884,0.7566238641738892,0.3191952109336853,-0.03138177841901779,0.7924825549125671,0.19606339931488037,-0.06272336840629578,0.820066511631012,0.1250956654548645,-0.08474232256412506,0.8383665680885315,0.060583680868148804,-0.09503032267093658,0.7225810885429382,0.32322248816490173,-0.04642448201775551,0.7785145044326782,0.27499091625213623,-0.09357896447181702,0.8128520250320435,0.3453748822212219,-0.11069688946008682,0.8298465013504028,0.39355286955833435,-0.10809151828289032,0.6900319457054138,0.33620208501815796,-0.06271857023239136,0.7160930633544922,0.2503240406513214,-0.08893092721700668,0.7364929914474487,0.193495512008667,-0.0967097207903862,0.7550137639045715,0.13731442391872406,-0.09858482331037521
pinza_izquierda,0.6642473936080933,0.5347567796707153,4.2277073930563347e-07,0.7360045313835144,0.5276503562927246,-0.0217770803719759,0.8004381656646729,0.48613229393959045,-0.03412117436528206,0.8455226421356201,0.45512622594833374,-0.0493604838848114,0.8577767014503479,0.4008636176586151,-0.06272602826356888,0.7767024040222168,0.33011794090270996,-0.014914353378117085,0.8246847987174988,0.23674312233924866,-0.03297699987888336,0.8520208597183228,0.19090227782726288,-0.041709404438734055,0.8724761009216309,0.1442917287349701,-0.04459262266755104,0.7497833371162415,0.3132290542125702,-0.026581482961773872,0.7848604321479797,0.1905517280101776,-0.05696072801947594,0.8124625086784363,0.12134696543216705,-0.07863656431436539,0.8307926058769226,0.05864974856376648,-0.08864502608776093,0.7182113528251648,0.31804242730140686,-0.041675299406051636,0.7725852727890015,0.26673245429992676,-0.08685596287250519,0.8101244568824768,0.3332037329673767,-0.10282473266124725,0.8285409808158875,0.38044503331184387,-0.09994500130414963,0.6863096952438354,0.33268365263938904,-0.05791553854942322,0.7122219800949097,0.24825602769851685,-0.08284233510494232,0.732407808303833,0.19076895713806152,-0.0896444022655487,0.7487529516220093,0.13512535393238068,-0.09085376560688019
pinza_izquierda,0.6479041576385498,0.5383124351501465,4.3637757585202053e-07,0.7184740304946899,0.5280573964118958,-0.022363310679793358,0.7810967564582825,0.4863065481185913,-0.035277966409921646,0.8256070613861084,0.45710158348083496,-0.05069832503795624,0.8420529365539551,0.40294715762138367,-0.0640287771821022,0.7568792700767517,0.3322606086730957,-0.016473358497023582,0.8041738867759705,0.23873378336429596,-0.035030994564294815,0.8308701515197754,0.19362008571624756,-0.043266236782073975,0.8515581488609314,0.1474774181842804,-0.04534044861793518,0.730941116809845,0.31592145562171936,-0.027675911784172058,0.7672978639602661,0.19481927156448364,-0.0570870079100132,0.7957520484924316,0.12697933614253998,-0.07682136446237564,0.8153936862945557,0.06448909640312195,-0.08525260537862778,0.7001948952674866,0.32101958990097046,-0.042553700506687164,0.7557536363601685,0.27060890197753906,-0.08654826134443283,0.7926153540611267,0.3357844054698944,-0.10089199990034103,0.8113433122634888,0.3815092146396637,-0.0968361496925354,0.669457197189331,0.3359220623970032,-0.058759648352861404,0.6933110356330872,0.2490309476852417,-0.08292306959629059,0.7153654098510742,0.19180035591125488,-0.08891088515520096,0.7346037030220032,0.13805389404296875,-0.08924726396799088
pinza_izquierda,0.6397792100906372,0.5462636947631836,4.1221812807634706e-07,0.7136275768280029,0.5402902364730835,-0.020650913938879967,0.7775651216506958,0.49783676862716675,-0.03218121454119682,0.8225473761558533,0.46942174434661865,-0.04681556299328804,0.8402714133262634,0.4175986349582672,-0.05938040837645531,0.7555304169654846,0.3415586054325104,-0.014466040767729282,0.8054628372192383,0.24704119563102722,-0.03220043703913689,0.8333775401115417,0.20199836790561676,-0.040315162390470505,0.8551439046859741,0.15583178400993347,-0.04290366545319557,0.7291468381881714,0.3257562220096588,-0.026856686919927597,0.7662210464477539,0.20349791646003723,-0.05817842110991478,0.7970098257064819,0.13483412563800812,-0.08083708584308624,0.8183053135871887,0.07206922769546509,-0.09169331192970276,0.6981133818626404,0.3316565752029419,-0.04249683767557144,0.7533273696899414,0.28253674507141113,-0.0877922922372818,0.7929161787033081,0.3483133316040039,-0.10449598729610443,0.8136419057846069,0.3944145739078522,-0.10262218117713928,0.6672417521476746,0.3459920287132263,-0.05920020490884781,0.6937776207923889,0.260198712348938,-0.08411558717489243,0.7180832624435425,0.20398196578025818,-0.09118741750717163,0.7394411563873291,0.15050336718559265,-0.09298110753297806
pinza_izquierda,0.6526527404785156,0.5438693761825562,4.79714628909278e-07,0.7253764271736145,0.538550615310669,-0.024931369349360466,0.7913696765899658,0.5024279356002808,-0.038457535207271576,0.8364589810371399,0.47636091709136963,-0.054128408432006836,0.8537890911102295,0.42245128750801086,-0.06737779080867767,0.771682858467102,0.34228259325027466,-0.016855783760547638,0.8215317726135254,0.2494620382785797,-0.036004688590765,0.8504039645195007,0.20524372160434723,-0.044711992144584656,0.8740976452827454,0.16067439317703247,-0.04694728925824165,0.7449606657028198,0.32480210065841675,-0.027561306953430176,0.7845649719238281,0.20342189073562622,-0.057201188057661057,0.8149915933609009,0.13494491577148438,-0.07716760039329529,0.8367952108383179,0.07329925894737244,-0.0856165960431099,0.7130006551742554,0.32820144295692444,-0.042552053928375244,0.7729393243789673,0.2826087474822998,-0.08793675154447556,0.8081561326980591,0.3513680696487427,-0.10317418724298477,0.8257372975349426,0.3995743691921234,-0.09920331090688705,0.681786835193634,0.34090620279312134,-0.05916035920381546,0.712143063545227,0.25726518034935,-0.08482679724693298,0.7369326949119568,0.20317749679088593,-0.09178080409765244,0.7586683034896851,0.15120305120944977,-0.09252190589904785
pinza_izquierda,0.6583890914916992,0.5491507649421692,4.2799811694749224e-07,0.7312896251678467,0.5462594032287598,-0.019653454422950745,0.796087920665741,0.5126364231109619,-0.03159692883491516,0.8431864976882935,0.4890933632850647,-0.04676734656095505,0.8692182898521423,0.44118478894233704,-0.05963977426290512,0.7798680067062378,0.35713332891464233,-0.012907525524497032,0.8359513282775879,0.2681373953819275,-0.030404910445213318,0.8673180937767029,0.22853915393352509,-0.0379338376224041,0.8921610116958618,0.18672308325767517,-0.039675213396549225,0.7575159072875977,0.3388189971446991,-0.02512357570230961,0.803313672542572,0.21903008222579956,-0.056924548000097275,0.8382601141929626,0.15362583100795746,-0.07938019931316376,0.8629228472709656,0.09455522894859314,-0.08972389250993729,0.7276662588119507,0.34154558181762695,-0.0404776856303215,0.7908130288124084,0.30216383934020996,-0.08633294701576233,0.8259414434432983,0.37169593572616577,-0.10301291942596436,0.8422374129295349,0.41956090927124023,-0.10064394772052765,0.6974934935569763,0.3517139256000519,-0.05654824152588844,0.7313830256462097,0.2725285589694977,-0.0813751369714737,0.7584967613220215,0.2192750871181488,-0.08795221894979477,0.7811457514762878,0.16681520640850067,-0.08905891329050064
pinza_izquierda,0.6614131927490234,0.5459969639778137,4.2962756197084673e-07,0.7331380844116211,0.5440369844436646,-0.02018600143492222,0.799247682094574,0.508716881275177,-0.031618863344192505,0.8462136387825012,0.4835153818130493,-0.046209435909986496,0.8699623346328735,0.43408364057540894,-0.058403581380844116,0.7824079394340515,0.35443952679634094,-0.012623865157365799,0.8367354273796082,0.26520562171936035,-0.03051459789276123,0.8677984476089478,0.22383517026901245,-0.038047824054956436,0.8922961950302124,0.18178708851337433,-0.03956400230526924,0.7595413327217102,0.33638855814933777,-0.025007518008351326,0.8053737282752991,0.21789005398750305,-0.05576707422733307,0.8397094011306763,0.1530158817768097,-0.07690577954053879,0.8633222579956055,0.09500208497047424,-0.08602812141180038,0.7301374077796936,0.33848750591278076,-0.04090610891580582,0.7926030158996582,0.29743295907974243,-0.08630171418190002,0.8270968198776245,0.3675227761268616,-0.10170241445302963,0.8428654074668884,0.4160380959510803,-0.09810059517621994,0.7007687091827393,0.34921592473983765,-0.05779777094721794,0.7344516515731812,0.2689473032951355,-0.08257530629634857,0.7609238624572754,0.21689923107624054,-0.08859103173017502,0.7824690341949463,0.16596858203411102,-0.08888711035251617
pinza_izquierda,0.6440892219543457,0.696662962436676,4.870051384386898e-07,0.719366192817688,0.7039186954498291,-0.023930316790938377,0.7789404988288879,0.6898661255836487,-0.04325295612215996,0.8209936022758484,0.6863240599632263,-0.0641222819685936,0.8526968955993652,0.6627056002616882,-0.08309517055749893,0.7772340774536133,0.5336061120033264,-0.03237731009721756,0.8352464437484741,0.46299153566360474,-0.054819442331790924,0.8683395385742188,0.42866483330726624,-0.06561756134033203,0.898287296295166,0.39175716042518616,-0.07073274254798889,0.7549620270729065,0.5169743895530701,-0.04370499402284622,0.8061097860336304,0.4209792912006378,-0.07956500351428986,0.8443658947944641,0.3653525710105896,-0.10232788324356079,0.8748756647109985,0.31257033348083496,-0.11397730559110641,0.7250267267227173,0.5218472480773926,-0.05765581876039505,0.7927336096763611,0.5095343589782715,-0.10726242512464523,0.8233565092086792,0.5866186618804932,-0.12522369623184204,0.8372174501419067,0.6375478506088257,-0.1245676800608635,0.6972758769989014,0.5377327799797058,-0.0724819004535675,0.7376784682273865,0.4749130308628082,-0.10268953442573547,0.7661999464035034,0.42905527353286743,-0.11364133656024933,0.7901638746261597,0.3822755813598633,-0.11818592250347137
pinza_izquierda,0.646718442440033,0.6943984031677246,4.569628231365641e-07,0.7220253348350525,0.7027676105499268,-0.019735192880034447,0.7827723622322083,0.6885719895362854,-0.03596584126353264,0.8253791928291321,0.6849023699760437,-0.0550372339785099,0.8566103577613831,0.6622247099876404,-0.07227624952793121,0.7801517248153687,0.5343241095542908,-0.02420605905354023,0.839847207069397,0.46479570865631104,-0.04570062458515167,0.8731150031089783,0.4302588999271393,-0.056066762655973434,0.902458906173706,0.39450281858444214,-0.06063418090343475,0.7584688663482666,0.518057644367218,-0.037588104605674744,0.8122284412384033,0.4228721261024475,-0.07302859425544739,0.8516043424606323,0.36807870864868164,-0.0963011160492897,0.8828003406524658,0.31809529662132263,-0.10798384994268417,0.7296836376190186,0.5217655897140503,-0.053681381046772,0.798303484916687,0.5093601942062378,-0.10253958404064178,0.8276392817497253,0.5853484869003296,-0.12085418403148651,0.8406720757484436,0.6357104778289795,-0.12028881162405014,0.7029830813407898,0.5359634757041931,-0.07039377093315125,0.7456459403038025,0.4747396409511566,-0.09938246011734009,0.7745429277420044,0.42835143208503723,-0.10995867848396301,0.7987420558929443,0.38067030906677246,-0.11423754692077637
pinza_izquierda,0.6471555233001709,0.6743252873420715,4.914459736937715e-07,0.7212507724761963,0.6834049224853516,-0.023913640528917313,0.7836447358131409,0.6676895022392273,-0.041381556540727615,0.8263387680053711,0.6613783836364746,-0.06036657094955444,0.8567697405815125,0.6340045928955078,-0.07716812193393707,0.7788235545158386,0.5098996758460999,-0.028982769697904587,0.8383347392082214,0.43598437309265137,-0.05042970925569534,0.8719047904014587,0.4017784595489502,-0.0604594424366951,0.9017279148101807,0.3650057911872864,-0.06477587670087814,0.7569711804389954,0.492596298456192,-0.040027208626270294,0.8093540072441101,0.3911195397377014,-0.07547160238027573,0.8486303091049194,0.33487439155578613,-0.09849359840154648,0.87977135181427,0.28209784626960754,-0.10990733653306961,0.7266301512718201,0.49694937467575073,-0.0537397637963295,0.7949883341789246,0.4793437719345093,-0.10272467136383057,0.8238809108734131,0.5576131939888,-0.11937278509140015,0.836805522441864,0.6089991927146912,-0.11752643436193466,0.6976615190505981,0.511099100112915,-0.0683906152844429,0.738410234451294,0.44495055079460144,-0.09741037338972092,0.769160807132721,0.39673423767089844,-0.10689704120159149,0.796147882938385,0.34793007373809814,-0.11030992865562439
pinza_izquierda,0.6489704847335815,0.653362512588501,5.245239549367398e-07,0.7257097363471985,0.6628478765487671,-0.022913163527846336,0.7906960248947144,0.6469466090202332,-0.038395050913095474,0.8355910778045654,0.6376153826713562,-0.055827878415584564,0.8637102842330933,0.6014208793640137,-0.07118275761604309,0.78826504945755,0.48685500025749207,-0.022945605218410492,0.844939649105072,0.41154277324676514,-0.042538661509752274,0.8783359527587891,0.37506866455078125,-0.051585376262664795,0.9071071147918701,0.33721819519996643,-0.054721638560295105,0.7630179524421692,0.46690595149993896,-0.034050047397613525,0.8138231039047241,0.3656976819038391,-0.06660962849855423,0.8514001965522766,0.306308776140213,-0.08770447224378586,0.8815084099769592,0.25128474831581116,-0.09738840162754059,0.7307772040367126,0.46945834159851074,-0.0483238585293293,0.7980507016181946,0.45327961444854736,-0.09504976868629456,0.8251924514770508,0.529001772403717,-0.11096972972154617,0.8390746712684631,0.5779387354850769,-0.10823188722133636,0.699851393699646,0.48215243220329285,-0.06378649175167084,0.7405632734298706,0.41695263981819153,-0.09154341369867325,0.7690485715866089,0.3702353239059448,-0.10052776336669922,0.7949322462081909,0.3246520757675171,-0.10298439860343933
pinza_izquierda,0.6513492465019226,0.6492233276367188,4.572678449221712e-07,0.7265831828117371,0.6600489616394043,-0.02189161814749241,0.7903451323509216,0.6423683762550354,-0.03782351315021515,0.8348876237869263,0.6328614354133606,-0.0561261847615242,0.8653372526168823,0.5985957384109497,-0.07221096009016037,0.7866954207420349,0.4821358919143677,-0.02470332570374012,0.8465414643287659,0.40642422437667847,-0.04610332101583481,0.8803111910820007,0.37179118394851685,-0.0564316064119339,0.9101811647415161,0.3342190980911255,-0.06099781394004822,0.7658091187477112,0.4635072648525238,-0.037164002656936646,0.8175598382949829,0.35780611634254456,-0.07270679622888565,0.8564372658729553,0.2999505400657654,-0.0966421440243721,0.8863836526870728,0.24576988816261292,-0.10881342738866806,0.7360765933990479,0.46648845076560974,-0.052344951778650284,0.8004506230354309,0.4412350654602051,-0.10115228593349457,0.830060601234436,0.519098699092865,-0.11813992261886597,0.8438290953636169,0.5711615681648254,-0.11668983846902847,0.7070294618606567,0.47940462827682495,-0.06839846074581146,0.7454769611358643,0.41176414489746094,-0.09692604094743729,0.7760733366012573,0.3645274043083191,-0.10625958442687988,0.8030107617378235,0.3157920241355896,-0.10974402725696564
pinza_izquierda,0.6627610921859741,0.6475383043289185,4.6701748601662985e-07,0.7384538650512695,0.6578436493873596,-0.023010414093732834,0.8040047883987427,0.6407832503318787,-0.03862207755446434,0.8491601943969727,0.6308369040489197,-0.056349240243434906,0.8810040354728699,0.5967271327972412,-0.07192477583885193,0.798071563243866,0.4820539653301239,-0.023843642324209213,0.8580538034439087,0.40755218267440796,-0.04492795839905739,0.8919541239738464,0.3726585805416107,-0.055168863385915756,0.9217997193336487,0.33548855781555176,-0.059508126229047775,0.7772955298423767,0.46337026357650757,-0.03557971119880676,0.8304606080055237,0.3593556582927704,-0.06917817145586014,0.8693540692329407,0.3019024133682251,-0.0913577675819397,0.898912787437439,0.2488279640674591,-0.10223028808832169,0.7482032775878906,0.46576714515686035,-0.05053799971938133,0.8141576051712036,0.44115209579467773,-0.09774678945541382,0.8419548869132996,0.5176503658294678,-0.11346562206745148,0.8535178899765015,0.5691215395927429,-0.1111435741186142,0.7196999192237854,0.47785353660583496,-0.06673367321491241,0.7588529586791992,0.40930506587028503,-0.09467541426420212,0.7905550599098206,0.36239534616470337,-0.10366111993789673,0.8181637525558472,0.3153761029243469,-0.10667748004198074
pinza_izquierda,0.6653929948806763,0.7691590785980225,4.481214830320823e-07,0.7320181727409363,0.7759774923324585,-0.014596504159271717,0.7850685715675354,0.764001727104187,-0.029350174590945244,0.8226391077041626,0.7638710141181946,-0.047148458659648895,0.857413113117218,0.7597419619560242,-0.06391625851392746,0.7804849147796631,0.6279102563858032,-0.01611158438026905,0.832359254360199,0.5778061151504517,-0.03376631811261177,0.8641956448554993,0.5521722435951233,-0.042545873671770096,0.8920910954475403,0.527503252029419,-0.04637587442994118,0.7628316283226013,0.6145157814025879,-0.028708171099424362,0.8131184577941895,0.5415421724319458,-0.05618973448872566,0.849785566329956,0.49963659048080444,-0.07386603951454163,0.8800181150436401,0.46039092540740967,-0.0822930857539177,0.739378035068512,0.6194709539413452,-0.04394464194774628,0.803026556968689,0.6221439242362976,-0.0838654413819313,0.8299638628959656,0.6893863081932068,-0.0990801602602005,0.842475175857544,0.7324079275131226,-0.09841503947973251,0.7177878618240356,0.635269820690155,-0.05955682322382927,0.7583783268928528,0.5879004001617432,-0.08314760774374008,0.7840602993965149,0.5517728924751282,-0.09112462401390076,0.8047000765800476,0.5144495368003845,-0.0938839539885521
pinza_izquierda,0.6664541959762573,0.7636677026748657,4.0600656348033226e-07,0.7316917181015015,0.7725895047187805,-0.012507797218859196,0.7848497629165649,0.7597053647041321,-0.025278940796852112,0.824440062046051,0.7576211094856262,-0.041510529816150665,0.8596184253692627,0.7511539459228516,-0.05662907660007477,0.7800157070159912,0.6291911005973816,-0.012869326397776604,0.8334373235702515,0.5777085423469543,-0.029486389830708504,0.8650031089782715,0.5537905097007751,-0.03762420266866684,0.8925408124923706,0.5293238759040833,-0.04125756397843361,0.7639791369438171,0.615130603313446,-0.026077214628458023,0.813955545425415,0.5396413207054138,-0.0539587028324604,0.8502581119537354,0.49729838967323303,-0.07239354401826859,0.8798261880874634,0.458138644695282,-0.0814158171415329,0.7416672110557556,0.6185792088508606,-0.04175697639584541,0.8061636090278625,0.6165096759796143,-0.08192774653434753,0.832414448261261,0.6833844780921936,-0.0973261222243309,0.8435445427894592,0.7270670533180237,-0.0968734472990036,0.7213107943534851,0.6318424940109253,-0.057566989213228226,0.7621923685073853,0.5837340354919434,-0.081561379134655,0.7874240279197693,0.5452342629432678,-0.0899926945567131,0.8073976635932922,0.5053924322128296,-0.0931624174118042
pinza_izquierda,0.669631838798523,0.7555539608001709,4.052923259223462e-07,0.73697829246521,0.767064094543457,-0.014306213706731796,0.789631724357605,0.7567513585090637,-0.02766684629023075,0.8270453810691833,0.7542375922203064,-0.0439843088388443,0.8606892228126526,0.7447605133056641,-0.05922648683190346,0.7856069803237915,0.6209428906440735,-0.015768028795719147,0.8384708762168884,0.5687347054481506,-0.0339270681142807,0.8699101209640503,0.5429825782775879,-0.04326556995511055,0.8972087502479553,0.5169771313667297,-0.04737306386232376,0.7686379551887512,0.6068578958511353,-0.02807924710214138,0.819631040096283,0.5312376022338867,-0.056675687432289124,0.8560769557952881,0.4891718029975891,-0.0753406286239624,0.8854619264602661,0.45006388425827026,-0.08427588641643524,0.7455195784568787,0.6100553274154663,-0.042957451194524765,0.8080453872680664,0.6092355847358704,-0.08389361947774887,0.8349722027778625,0.6734094619750977,-0.09959451109170914,0.847274661064148,0.7147833704948425,-0.09894351661205292,0.7240078449249268,0.6235252618789673,-0.05802708864212036,0.7651594877243042,0.5741361379623413,-0.08248291909694672,0.7918022274971008,0.5380260348320007,-0.0903768241405487,0.8127714395523071,0.5012506246566772,-0.0927262008190155
pinza_izquierda,0.6695830225944519,0.7621831297874451,3.917718345292087e-07,0.7371171712875366,0.7720797657966614,-0.011459000408649445,0.7891650795936584,0.7614872455596924,-0.023454170674085617,0.8275679349899292,0.7604634761810303,-0.03911982849240303,0.8632934093475342,0.7526488900184631,-0.05385162681341171,0.7866213321685791,0.6289119124412537,-0.010397306643426418,0.8389787077903748,0.5804433226585388,-0.0266905277967453,0.8705750107765198,0.5572353601455688,-0.03518981486558914,0.8985871076583862,0.5336154699325562,-0.03907599672675133,0.7709589600563049,0.6141326427459717,-0.023858098313212395,0.820784866809845,0.5408571362495422,-0.05069706216454506,0.8568792939186096,0.49959686398506165,-0.06883824616670609,0.8866450786590576,0.46149393916130066,-0.07787366956472397,0.7483124732971191,0.6172194480895996,-0.03987570106983185,0.8106145262718201,0.6187606453895569,-0.07899433374404907,0.8364042639732361,0.6846180558204651,-0.09447283297777176,0.8475937247276306,0.7276164293289185,-0.0943973958492279,0.7266719341278076,0.6304318308830261,-0.05599459260702133,0.7678689956665039,0.5834800004959106,-0.07958464324474335,0.7936587929725647,0.5476080775260925,-0.08766762167215347,0.8138532042503357,0.510653018951416,-0.09060005843639374
pinza_izquierda,0.6687072515487671,0.7683413028717041,3.9142008745329804e-07,0.7329298853874207,0.7798085808753967,-0.013818140141665936,0.7858073115348816,0.7695761322975159,-0.02672361396253109,0.8242890238761902,0.7681147456169128,-0.04275403171777725,0.85928875207901,0.7614628672599792,-0.057680752128362656,0.7854229211807251,0.6385179758071899,-0.012969641014933586,0.8386821150779724,0.5898886919021606,-0.02897535264492035,0.870132327079773,0.5680497884750366,-0.037177734076976776,0.8981630206108093,0.5454141497612,-0.040982089936733246,0.7697917222976685,0.623483419418335,-0.025149112567305565,0.8192136883735657,0.5497779846191406,-0.05194329842925072,0.8551759719848633,0.5093535780906677,-0.07056877762079239,0.8847431540489197,0.4716629981994629,-0.08009179681539536,0.7469443678855896,0.6256492733955383,-0.039791516959667206,0.8095800280570984,0.6252956390380859,-0.07869423925876617,0.834650993347168,0.6912661790847778,-0.09441501647233963,0.8450694680213928,0.7335070967674255,-0.09476352483034134,0.7251182794570923,0.6375932693481445,-0.05467404052615166,0.766954779624939,0.5906393527984619,-0.07803113758563995,0.7929659485816956,0.5545780658721924,-0.08627848327159882,0.8131521344184875,0.5168551206588745,-0.08949613571166992
pinza_izquierda,0.6695222854614258,0.759748101234436,3.653894680155645e-07,0.7344334125518799,0.770964503288269,-0.011764219962060452,0.7883133292198181,0.761243462562561,-0.023430194705724716,0.8278730511665344,0.7606266736984253,-0.0381486676633358,0.8640872836112976,0.7571508884429932,-0.05181869491934776,0.7883782982826233,0.63013756275177,-0.01321558840572834,0.8412327766418457,0.5829435586929321,-0.029989298433065414,0.8733316659927368,0.5609402060508728,-0.03892629221081734,0.9022595882415771,0.5388708114624023,-0.04323757812380791,0.7729600071907043,0.6145382523536682,-0.025904785841703415,0.8231027722358704,0.543852686882019,-0.05310986563563347,0.8599027991294861,0.5031527876853943,-0.07161100953817368,0.8903048634529114,0.4648174047470093,-0.08108259737491608,0.7498184442520142,0.6165465712547302,-0.0407891683280468,0.8112450242042542,0.6201604008674622,-0.07945366203784943,0.8362848162651062,0.6855929493904114,-0.09444049745798111,0.8467785120010376,0.7276772260665894,-0.09453310817480087,0.7269285321235657,0.6292412877082825,-0.05580359697341919,0.7683650851249695,0.5832614898681641,-0.07961028814315796,0.7958350777626038,0.548520565032959,-0.08763349056243896,0.8179019093513489,0.513458788394928,-0.09054938703775406
pinza_izquierda,0.6686348915100098,0.7639262676239014,3.9599737533535517e-07,0.73264080286026,0.7752602696418762,-0.012308876030147076,0.7855671048164368,0.7654592394828796,-0.024612516164779663,0.824794590473175,0.7643463611602783,-0.040196049958467484,0.8612725734710693,0.7585158348083496,-0.0547027662396431,0.7861974835395813,0.6358561515808105,-0.011572083458304405,0.8415412306785583,0.5909680724143982,-0.027577469125390053,0.8739445805549622,0.5706625580787659,-0.03570689260959625,0.9026924967765808,0.5495365262031555,-0.03931615501642227,0.7707467675209045,0.6194851398468018,-0.024287382140755653,0.8230014443397522,0.5484446883201599,-0.05055558308959007,0.8600659966468811,0.509921669960022,-0.06839951127767563,0.8902038335800171,0.47475701570510864,-0.07723983377218246,0.7479764223098755,0.6210194230079651,-0.0394306555390358,0.8102787137031555,0.6234035491943359,-0.07768487930297852,0.8339622020721436,0.6891794204711914,-0.09279956668615341,0.8443008065223694,0.7313334345817566,-0.09270457923412323,0.726211428642273,0.6334046721458435,-0.054736435413360596,0.7680744528770447,0.5892494320869446,-0.0775228962302208,0.7950198650360107,0.5563259720802307,-0.08517824113368988,0.8167641162872314,0.5218180418014526,-0.0878341794013977
pinza_izquierda,0.12556619942188263,0.38348594307899475,2.759891799541947e-07,0.1683056652545929,0.36268603801727295,-0.02418581023812294,0.19628670811653137,0.3170503079891205,-0.03394549712538719,0.1887965351343155,0.2592833340167999,-0.04185971990227699,0.16921761631965637,0.22326216101646423,-0.04797415807843208,0.20107370615005493,0.25189411640167236,-0.02004515379667282,0.22763076424598694,0.18871814012527466,-0.031035928055644035,0.23941755294799805,0.1540583372116089,-0.03647078201174736,0.24666884541511536,0.12328307330608368,-0.039891961961984634,0.17385591566562653,0.23271232843399048,-0.018372926861047745,0.18575264513492584,0.15824437141418457,-0.03300311416387558,0.19310808181762695,0.11361154913902283,-0.042376212775707245,0.19900952279567719,0.07202737033367157,-0.04856701195240021,0.14687182009220123,0.22959113121032715,-0.01917313225567341,0.15083885192871094,0.16595543920993805,-0.03873949870467186,0.1559143215417862,0.19667154550552368,-0.0448654368519783,0.15801364183425903,0.2275642454624176,-0.044965315610170364,0.11653219163417816,0.23712459206581116,-0.022164026275277138,0.1045556291937828,0.18248708546161652,-0.0370459109544754,0.09915271401405334,0.1432013213634491,-0.04449935629963875,0.09638327360153198,0.10664720833301544,-0.048817235976457596
pinza_izquierda,0.1266677975654602,0.38556474447250366,2.7049046025240386e-07,0.16798457503318787,0.3631936013698578,-0.022637732326984406,0.19343188405036926,0.317452073097229,-0.03177660331130028,0.18717408180236816,0.2624240517616272,-0.039346762001514435,0.16963446140289307,0.2268688827753067,-0.045003704726696014,0.19875243306159973,0.25137874484062195,-0.0192431528121233,0.2257789671421051,0.1864888072013855,-0.030637236312031746,0.23739920556545258,0.1520187258720398,-0.03624903783202171,0.24435430765151978,0.1210809275507927,-0.03977131098508835,0.17202861607074738,0.23255054652690887,-0.0183368232101202,0.183071106672287,0.15611055493354797,-0.03413163870573044,0.1897963136434555,0.11064457893371582,-0.04417182505130768,0.1945248544216156,0.06903944909572601,-0.05051303654909134,0.14497125148773193,0.22992241382598877,-0.019774988293647766,0.1483728438615799,0.16529089212417603,-0.039866749197244644,0.15626858174800873,0.19566361606121063,-0.046374253928661346,0.16083240509033203,0.22615952789783478,-0.046615634113550186,0.11506649106740952,0.2380329966545105,-0.02325756847858429,0.10370762646198273,0.18463291227817535,-0.03861357271671295,0.09813956916332245,0.14604347944259644,-0.0464249923825264,0.09468768537044525,0.10912230610847473,-0.05083822086453438
pinza_izquierda,0.12755870819091797,0.38754725456237793,2.7490693810250377e-07,0.16822119057178497,0.3641278147697449,-0.023473642766475677,0.19315801560878754,0.3184424340724945,-0.033023953437805176,0.18343737721443176,0.2646276652812958,-0.04084453359246254,0.16470003128051758,0.2308945208787918,-0.04675184190273285,0.19710427522659302,0.2517518997192383,-0.019745683297514915,0.2231711596250534,0.1870127022266388,-0.031096160411834717,0.23415303230285645,0.1524629294872284,-0.03724999353289604,0.2410413920879364,0.12101124972105026,-0.04133197292685509,0.1703941971063614,0.23354701697826385,-0.018588701263070107,0.18049652874469757,0.1568576991558075,-0.03426516428589821,0.1861611008644104,0.11084426939487457,-0.04536571726202965,0.1902967095375061,0.06839904189109802,-0.052666354924440384,0.14344017207622528,0.2314072847366333,-0.019738756120204926,0.1469898819923401,0.16751065850257874,-0.03985016420483589,0.15340954065322876,0.1965847909450531,-0.04700667783617973,0.15661394596099854,0.2256002426147461,-0.04770396649837494,0.11428137123584747,0.24001748859882355,-0.02299768477678299,0.10200628638267517,0.1858552247285843,-0.03807572275400162,0.0962742418050766,0.1471349596977234,-0.04581121727824211,0.09246397018432617,0.10988141596317291,-0.050229690968990326
pinza_izquierda,0.12228275090456009,0.3879079520702362,2.833701842064329e-07,0.16301769018173218,0.366315096616745,-0.023761151358485222,0.18617141246795654,0.32211339473724365,-0.03330434858798981,0.1747232973575592,0.270374596118927,-0.04140596464276314,0.15441909432411194,0.23777690529823303,-0.04793563485145569,0.19262561202049255,0.25565963983535767,-0.01935231313109398,0.21849325299263,0.19277216494083405,-0.03122437559068203,0.22985514998435974,0.15691770613193512,-0.03798453509807587,0.23662245273590088,0.12465692311525345,-0.042276911437511444,0.1656024307012558,0.23762188851833344,-0.018566099926829338,0.17610156536102295,0.1614043116569519,-0.03475051745772362,0.1823205053806305,0.11553719639778137,-0.04653901606798172,0.18697889149188995,0.07516734302043915,-0.05407439544796944,0.13836631178855896,0.2354445457458496,-0.02023853175342083,0.14293569326400757,0.17436441779136658,-0.042114365845918655,0.1473412960767746,0.20283351838588715,-0.0511871799826622,0.14929838478565216,0.23262250423431396,-0.05248900130391121,0.10900860279798508,0.24334925413131714,-0.023801637813448906,0.09747415781021118,0.19017712771892548,-0.039367906749248505,0.09182806313037872,0.15239985287189484,-0.04728851467370987,0.08885788917541504,0.11669309437274933,-0.05166381224989891
pinza_izquierda,0.12154165655374527,0.38504141569137573,2.892945758503629e-07,0.16179686784744263,0.36393070220947266,-0.02653757855296135,0.1851343810558319,0.3191155791282654,-0.038266412913799286,0.17810900509357452,0.263592004776001,-0.04814969003200531,0.16134272515773773,0.22417499125003815,-0.056054770946502686,0.1941351294517517,0.2527602016925812,-0.022118080407381058,0.21896101534366608,0.1883605718612671,-0.03454280272126198,0.2297760546207428,0.15307913720607758,-0.04127049073576927,0.236264169216156,0.12191174924373627,-0.04565535858273506,0.1670236885547638,0.23377008736133575,-0.01985551416873932,0.1780298948287964,0.1587703377008438,-0.0359254851937294,0.18391653895378113,0.11402800679206848,-0.047115687280893326,0.18917465209960938,0.07130439579486847,-0.054593510925769806,0.13987621665000916,0.23065461218357086,-0.020290762186050415,0.1428128331899643,0.16776907444000244,-0.04039054363965988,0.1467006653547287,0.19847232103347778,-0.04743479564785957,0.14875654876232147,0.22835668921470642,-0.048248834908008575,0.1101444810628891,0.23848657310009003,-0.02321435883641243,0.09986227750778198,0.18501144647598267,-0.038162730634212494,0.09520581364631653,0.1469663381576538,-0.046193789690732956,0.09304632246494293,0.11036291718482971,-0.051040709018707275
pinza_izquierda,0.10676329582929611,0.5161911249160767,3.1819607215766155e-07,0.14704249799251556,0.5018316507339478,-0.02610430307686329,0.17310795187950134,0.4655599296092987,-0.03842898830771446,0.16175344586372375,0.42340806126594543,-0.049106210470199585,0.13839980959892273,0.3970945477485657,-0.05814714729785919,0.17863136529922485,0.3867087662220001,-0.023972798138856888,0.20450077950954437,0.324224591255188,-0.03702721744775772,0.21639329195022583,0.29181259870529175,-0.043726563453674316,0.22286385297775269,0.261029452085495,-0.04802265018224716,0.1515420377254486,0.3668721914291382,-0.022801203653216362,0.1628379076719284,0.2925749719142914,-0.041375692933797836,0.16905002295970917,0.24820883572101593,-0.05353020876646042,0.17320407927036285,0.2045922726392746,-0.061134111136198044,0.12424842268228531,0.36428147554397583,-0.024069588631391525,0.12841935455799103,0.3057605028152466,-0.04627101495862007,0.13056212663650513,0.34492963552474976,-0.0528428889811039,0.131974995136261,0.3765365481376648,-0.05244347080588341,0.09386441111564636,0.37306517362594604,-0.027653208002448082,0.08313524723052979,0.321858286857605,-0.042472727596759796,0.077595554292202,0.2857978940010071,-0.0491030290722847,0.07601635903120041,0.24845410883426666,-0.05285004526376724
pinza_izquierda,0.11093737185001373,0.5377495288848877,2.953851776510419e-07,0.15068484842777252,0.5218459367752075,-0.02330072596669197,0.1784909963607788,0.4832329750061035,-0.03348366543650627,0.16569794714450836,0.44285935163497925,-0.04241476207971573,0.1419450342655182,0.4202216863632202,-0.04993268847465515,0.179988831281662,0.4023568034172058,-0.020567962899804115,0.20468322932720184,0.34013107419013977,-0.03285586088895798,0.215953528881073,0.3081820607185364,-0.039613477885723114,0.2229878306388855,0.27755454182624817,-0.04400169849395752,0.15227031707763672,0.38345620036125183,-0.020587846636772156,0.16285303235054016,0.309658020734787,-0.03830873593688011,0.16780498623847961,0.2648104131221771,-0.05078704655170441,0.17132212221622467,0.2207329422235489,-0.058628473430871964,0.12462861090898514,0.38281378149986267,-0.0227372907102108,0.1283651739358902,0.3251643180847168,-0.04492776840925217,0.12931470572948456,0.36533406376838684,-0.051147058606147766,0.12994500994682312,0.3976779580116272,-0.05020604655146599,0.09492388367652893,0.3950406014919281,-0.026933591812849045,0.08267448097467422,0.34327587485313416,-0.04197114333510399,0.07632988691329956,0.3070787191390991,-0.04786721244454384,0.07385192811489105,0.2690161466598511,-0.05076821148395538
pinza_izquierda,0.10927804559469223,0.5374822616577148,3.076096106724435e-07,0.14826413989067078,0.5205996036529541,-0.025531331077218056,0.17402735352516174,0.48014605045318604,-0.03691091388463974,0.15922510623931885,0.4364372491836548,-0.04656524211168289,0.13456271588802338,0.41071394085884094,-0.0548194944858551,0.17590507864952087,0.4022277891635895,-0.023311756551265717,0.19994527101516724,0.3421972692012787,-0.03668539226055145,0.21063387393951416,0.30903246998786926,-0.04432417079806328,0.21671107411384583,0.2775823473930359,-0.049078796058893204,0.14805519580841064,0.38479647040367126,-0.0226532444357872,0.15784640610218048,0.31118983030319214,-0.040838729590177536,0.16326728463172913,0.2664346694946289,-0.05388248711824417,0.16668297350406647,0.22464227676391602,-0.06196265667676926,0.12014560401439667,0.38413652777671814,-0.02433306910097599,0.12406176328659058,0.33028343319892883,-0.04799840599298477,0.12699219584465027,0.36560386419296265,-0.05664464458823204,0.12810556590557098,0.3958745300769806,-0.056964386254549026,0.09083101153373718,0.3944266140460968,-0.027993960306048393,0.07925278693437576,0.34372344613075256,-0.04347950965166092,0.07251909375190735,0.3098791837692261,-0.04992201551795006,0.06861545145511627,0.27525389194488525,-0.05309813842177391
pinza_izquierda,0.10897296667098999,0.5343445539474487,3.278687188412732e-07,0.1474280208349228,0.5179694294929504,-0.02619348093867302,0.17193400859832764,0.4806680679321289,-0.03841407224535942,0.1608613133430481,0.4377148449420929,-0.048897333443164825,0.13854467868804932,0.4104864001274109,-0.057803016155958176,0.17690226435661316,0.4015754759311676,-0.024139733985066414,0.20144331455230713,0.3396262526512146,-0.03736673295497894,0.21226617693901062,0.30648496747016907,-0.04448100924491882,0.2180400788784027,0.2755071222782135,-0.04889816418290138,0.14917872846126556,0.382974773645401,-0.022836098447442055,0.15900343656539917,0.30916041135787964,-0.041029226034879684,0.1631007343530655,0.2652009129524231,-0.052979856729507446,0.16610366106033325,0.221104234457016,-0.06013296917080879,0.12137296050786972,0.38221418857574463,-0.023868201300501823,0.12353643774986267,0.32625773549079895,-0.046273935586214066,0.12466659396886826,0.36476606130599976,-0.052026476711034775,0.12574502825737,0.3954944610595703,-0.05058920755982399,0.09169970452785492,0.3934961259365082,-0.02721467614173889,0.07992161810398102,0.34359174966812134,-0.04252897575497627,0.073884017765522,0.3089617192745209,-0.048172302544116974,0.07172183692455292,0.27254849672317505,-0.05061519891023636
pinza_izquierda,0.11184825003147125,0.5417916178703308,3.0543827733708895e-07,0.14983156323432922,0.5249632000923157,-0.02561347372829914,0.1740058958530426,0.48572754859924316,-0.03705232962965965,0.15984244644641876,0.4440543055534363,-0.04673957824707031,0.13640880584716797,0.41812950372695923,-0.05477863922715187,0.17694395780563354,0.4059084355831146,-0.02321605756878853,0.2000330537557602,0.3415786325931549,-0.03579562529921532,0.21045061945915222,0.30849310755729675,-0.04251665621995926,0.21597880125045776,0.2771783173084259,-0.04681522026658058,0.14884614944458008,0.38793203234672546,-0.022313684225082397,0.1575058549642563,0.31258222460746765,-0.04030638188123703,0.1620645523071289,0.2674325108528137,-0.05270781368017197,0.1646328866481781,0.22421279549598694,-0.06031371280550957,0.12081237137317657,0.38749462366104126,-0.02374321036040783,0.12298623472452164,0.3298386037349701,-0.04636014252901077,0.12544310092926025,0.3664073050022125,-0.053597815334796906,0.12699006497859955,0.3964094817638397,-0.05324452370405197,0.09105109423398972,0.3987821042537689,-0.027317138388752937,0.0798613578081131,0.34731096029281616,-0.04289630055427551,0.07353297621011734,0.3120101988315582,-0.04942377284169197,0.07047443091869354,0.2754106819629669,-0.0526009127497673
pinza_izquierda,0.10955016314983368,0.5419121384620667,3.647709263532306e-07,0.14692901074886322,0.5258822441101074,-0.03371436148881912,0.1697065532207489,0.4873965382575989,-0.04910048469901085,0.15697893500328064,0.4453197121620178,-0.061696458607912064,0.13455796241760254,0.41511768102645874,-0.07265418767929077,0.17513757944107056,0.40735962986946106,-0.0292065292596817,0.19784146547317505,0.34656643867492676,-0.04366939142346382,0.20813830196857452,0.3113856017589569,-0.05226815864443779,0.21363241970539093,0.27998316287994385,-0.05786943808197975,0.1473063826560974,0.39178887009620667,-0.025324922055006027,0.15591400861740112,0.31865519285202026,-0.04475096985697746,0.15945789217948914,0.27294278144836426,-0.05938522145152092,0.16144610941410065,0.2297012209892273,-0.06865542382001877,0.11922135949134827,0.39145323634147644,-0.024706749245524406,0.12087588012218475,0.3360539674758911,-0.05067084729671478,0.1229938417673111,0.37038931250572205,-0.06245827302336693,0.12480941414833069,0.4003676772117615,-0.06479547917842865,0.08953237533569336,0.4008737802505493,-0.026709377765655518,0.07858838140964508,0.35241445899009705,-0.04466700553894043,0.07237338274717331,0.31877991557121277,-0.054441098123788834,0.06961192190647125,0.28423935174942017,-0.06019559130072594
pinza_izquierda,0.1130504235625267,0.5456347465515137,3.141839783893374e-07,0.15019506216049194,0.527073323726654,-0.02475462108850479,0.17277461290359497,0.4869530200958252,-0.03654509410262108,0.15650378167629242,0.4438067376613617,-0.046629659831523895,0.13275955617427826,0.418914794921875,-0.055130746215581894,0.17585769295692444,0.4103015959262848,-0.024780357256531715,0.19936227798461914,0.3465858995914459,-0.03790136054158211,0.2092875838279724,0.31258755922317505,-0.04533914849162102,0.2148021161556244,0.2812044620513916,-0.05020301789045334,0.14791005849838257,0.39216846227645874,-0.023896651342511177,0.15694767236709595,0.31837910413742065,-0.04136259853839874,0.16035696864128113,0.27308225631713867,-0.053812116384506226,0.16288357973098755,0.2286853790283203,-0.06177069619297981,0.12009485810995102,0.3915044963359833,-0.024944715201854706,0.12283416837453842,0.3339090943336487,-0.04580864682793617,0.12358862906694412,0.367365300655365,-0.05190425366163254,0.12382380664348602,0.3959199786186218,-0.05138972029089928,0.09164103865623474,0.4036106467247009,-0.02818937599658966,0.07970307767391205,0.3534082770347595,-0.042822130024433136,0.07378169894218445,0.31894153356552124,-0.04858299717307091,0.07103380560874939,0.28423503041267395,-0.051171451807022095
pinza_izquierda,0.11010688543319702,0.542681097984314,3.21881316267536e-07,0.1466207504272461,0.5245093703269958,-0.02623014710843563,0.16895654797554016,0.48618265986442566,-0.039227697998285294,0.1551649421453476,0.44322943687438965,-0.05021034553647041,0.13310234248638153,0.41683921217918396,-0.05947849899530411,0.174409419298172,0.41014543175697327,-0.027230165898799896,0.1972244381904602,0.34654515981674194,-0.04141649603843689,0.2065102458000183,0.31278377771377563,-0.04931658133864403,0.21091601252555847,0.2812827527523041,-0.05438010394573212,0.14631715416908264,0.39245858788490295,-0.025561371818184853,0.15507376194000244,0.3193055987358093,-0.044257842004299164,0.158054381608963,0.27425479888916016,-0.05656694248318672,0.15980012714862823,0.22963875532150269,-0.06423473358154297,0.11867319792509079,0.3915887475013733,-0.02593499794602394,0.11995915323495865,0.3347770869731903,-0.0471733994781971,0.12044069170951843,0.368025541305542,-0.052726052701473236,0.12120293080806732,0.39569923281669617,-0.051889143884181976,0.08978023380041122,0.40279942750930786,-0.02866782434284687,0.07847766578197479,0.35557979345321655,-0.043258752673864365,0.07240957021713257,0.3228796124458313,-0.04875131696462631,0.06998652219772339,0.2888794243335724,-0.05123046040534973
pinza_izquierda,0.10652758181095123,0.5418738722801208,3.31747003201599e-07,0.14437052607536316,0.5246526598930359,-0.026379739865660667,0.16848880052566528,0.48555058240890503,-0.038354381918907166,0.1532803624868393,0.44281548261642456,-0.048177823424339294,0.1291913539171219,0.4172106385231018,-0.05640687048435211,0.17131580412387848,0.40700972080230713,-0.024347076192498207,0.19319438934326172,0.3465173840522766,-0.03789857029914856,0.20290863513946533,0.312258780002594,-0.046131961047649384,0.20859625935554504,0.28084906935691833,-0.05132900923490524,0.1433248370885849,0.3890126347541809,-0.022788139060139656,0.15079538524150848,0.3153682351112366,-0.04030592367053032,0.1548522412776947,0.2704278826713562,-0.05302182585000992,0.1581067144870758,0.2281152307987213,-0.06073300540447235,0.11538717150688171,0.3888392448425293,-0.023438675329089165,0.11721628159284592,0.3360201120376587,-0.045272283256053925,0.11848961561918259,0.36827850341796875,-0.05207864195108414,0.11900214105844498,0.3957781493663788,-0.05134512111544609,0.08640937507152557,0.40035390853881836,-0.02629987709224224,0.07497984170913696,0.3517259657382965,-0.04110940545797348,0.06967370957136154,0.3202313184738159,-0.04615996032953262,0.06722642481327057,0.28796225786209106,-0.04786081239581108
pinza_izquierda,0.10597246885299683,0.5465958118438721,3.120580345239432e-07,0.1431540548801422,0.5291388034820557,-0.025536077097058296,0.1668761521577835,0.4908183813095093,-0.037187520414590836,0.15492668747901917,0.44984883069992065,-0.0472550205886364,0.13421636819839478,0.42225584387779236,-0.05580434948205948,0.1713261604309082,0.4110555946826935,-0.02320108935236931,0.19372451305389404,0.34789198637008667,-0.03644951060414314,0.20338283479213715,0.3142656087875366,-0.043945446610450745,0.2083858698606491,0.28277403116226196,-0.04872636869549751,0.14319568872451782,0.3942659795284271,-0.02249986119568348,0.15155662596225739,0.320242702960968,-0.04076789319515228,0.15475469827651978,0.27448809146881104,-0.05371875315904617,0.1560949981212616,0.231525257229805,-0.06161665916442871,0.11495398730039597,0.3947238624095917,-0.02413088269531727,0.11609774827957153,0.33794355392456055,-0.04706478863954544,0.11810048669576645,0.37195661664009094,-0.054652389138936996,0.11983553320169449,0.4012298583984375,-0.054456498473882675,0.08535265177488327,0.4067394733428955,-0.027884557843208313,0.07418905198574066,0.3576807379722595,-0.043740395456552505,0.06846144795417786,0.3244912326335907,-0.05012793838977814,0.06625573337078094,0.2899770438671112,-0.05299769341945648
pinza_izquierda,0.1274431049823761,0.7407388091087341,3.308209670649376e-07,0.16006477177143097,0.7227327823638916,-0.02530095726251602,0.1833232343196869,0.6836379170417786,-0.035008613020181656,0.17761662602424622,0.6444054841995239,-0.04330223798751831,0.16123376786708832,0.6129857897758484,-0.049894534051418304,0.1838485598564148,0.5996706485748291,-0.015606510452926159,0.2055339217185974,0.541533887386322,-0.026767970994114876,0.21586325764656067,0.509706437587738,-0.033878229558467865,0.22223438322544098,0.47985684871673584,-0.038174353539943695,0.1579507440328598,0.5874060392379761,-0.01428932510316372,0.16743184626102448,0.5190670490264893,-0.029719697311520576,0.173598974943161,0.4772874116897583,-0.04159994795918465,0.17749077081680298,0.4399656653404236,-0.04860503971576691,0.13261616230010986,0.5911288857460022,-0.016035953536629677,0.13665059208869934,0.5401766896247864,-0.03808123618364334,0.14310580492019653,0.5770478248596191,-0.04527939483523369,0.1474599540233612,0.6069816946983337,-0.04434604197740555,0.10568069666624069,0.6048334836959839,-0.01998056098818779,0.09556898474693298,0.5588686466217041,-0.035009514540433884,0.09081971645355225,0.5288913249969482,-0.040805332362651825,0.0895242765545845,0.49617713689804077,-0.043117623776197433
pinza_izquierda,0.12845534086227417,0.742963433265686,3.224182307803858e-07,0.16336914896965027,0.7226492166519165,-0.023084644228219986,0.18588271737098694,0.6807604432106018,-0.03123098984360695,0.18011176586151123,0.6423629522323608,-0.03855428844690323,0.16334031522274017,0.6143530607223511,-0.044197238981723785,0.1843307763338089,0.5994740724563599,-0.010752911679446697,0.20517560839653015,0.5416656732559204,-0.02047399990260601,0.2155139148235321,0.5102192163467407,-0.02698902040719986,0.22187539935112,0.48043695092201233,-0.031209923326969147,0.1578514128923416,0.5880367755889893,-0.010412280447781086,0.16555725038051605,0.5219893455505371,-0.025233019143342972,0.17049100995063782,0.480914443731308,-0.03698235750198364,0.1722676306962967,0.4445578455924988,-0.043882157653570175,0.13235671818256378,0.5928109884262085,-0.013188539072871208,0.13559114933013916,0.5430476665496826,-0.03515380248427391,0.1440407931804657,0.5811559557914734,-0.04213595390319824,0.1494421660900116,0.6111465692520142,-0.040931686758995056,0.10558249801397324,0.6076657176017761,-0.01802709326148033,0.0965232104063034,0.5636702179908752,-0.03278287872672081,0.09243346750736237,0.5355228781700134,-0.0383242666721344,0.09125782549381256,0.5044852495193481,-0.04054529219865799
pinza_izquierda,0.12634339928627014,0.7507114410400391,3.329234345983423e-07,0.15947061777114868,0.7321946620941162,-0.024432864040136337,0.1825115829706192,0.6911464333534241,-0.03297466039657593,0.17746113240718842,0.6544113755226135,-0.04043768346309662,0.16110743582248688,0.624879777431488,-0.046091850847005844,0.18330907821655273,0.6042760014533997,-0.01031150296330452,0.20308080315589905,0.5476005673408508,-0.020123926922678947,0.21302226185798645,0.5155062675476074,-0.027140339836478233,0.21926337480545044,0.4859403967857361,-0.03158342093229294,0.15586407482624054,0.593556821346283,-0.009407814592123032,0.16292178630828857,0.5293607115745544,-0.023507151752710342,0.16737058758735657,0.48895829916000366,-0.03504226729273796,0.1690933108329773,0.45493847131729126,-0.04166335612535477,0.12961703538894653,0.5981248617172241,-0.011968622915446758,0.1348082721233368,0.5502264499664307,-0.033750273287296295,0.1424221694469452,0.5876864790916443,-0.04121105745434761,0.14726702868938446,0.6174929738044739,-0.04015302658081055,0.10259243845939636,0.6125843524932861,-0.016708387061953545,0.09549900144338608,0.5705611109733582,-0.030924368649721146,0.091941237449646,0.5459000468254089,-0.03610062226653099,0.0912255346775055,0.5177592039108276,-0.037889741361141205
pinza_izquierda,0.12719295918941498,0.7451893091201782,3.4482201272112434e-07,0.16089673340320587,0.7267057299613953,-0.025270316749811172,0.18416163325309753,0.6851544380187988,-0.03457704558968544,0.1751527637243271,0.6451033353805542,-0.04259156435728073,0.15612296760082245,0.6160129904747009,-0.0488429069519043,0.18287862837314606,0.6012628674507141,-0.013328539207577705,0.20208574831485748,0.5441080927848816,-0.02369662933051586,0.2123579978942871,0.5120050311088562,-0.03064294159412384,0.2192186415195465,0.48298221826553345,-0.035131942480802536,0.15505370497703552,0.591159462928772,-0.012226896360516548,0.1612187772989273,0.5276731848716736,-0.027284398674964905,0.16607794165611267,0.4877360463142395,-0.03906938433647156,0.168681338429451,0.45348525047302246,-0.046054914593696594,0.12900960445404053,0.5962854623794556,-0.014449539594352245,0.13252873718738556,0.5478546023368835,-0.03633010387420654,0.1404883712530136,0.5852442383766174,-0.04334303364157677,0.14592772722244263,0.6152126789093018,-0.04235828295350075,0.10211359709501266,0.6111342310905457,-0.01897786185145378,0.09281507879495621,0.5682758688926697,-0.033719342201948166,0.08936602622270584,0.5417521595954895,-0.03947415575385094,0.08914981782436371,0.5125707387924194,-0.041912782937288284
pinza_izquierda,0.1259138584136963,0.7499308586120605,3.553260796707036e-07,0.15882372856140137,0.733788788318634,-0.026738321408629417,0.18091127276420593,0.6927177309989929,-0.03674722835421562,0.17320884764194489,0.6551607251167297,-0.045062944293022156,0.15486842393875122,0.6253321766853333,-0.05152076855301857,0.1811423897743225,0.6054884791374207,-0.015155364759266376,0.19965076446533203,0.5470126867294312,-0.02533506602048874,0.2094224989414215,0.5142253041267395,-0.03203126788139343,0.21528548002243042,0.48420941829681396,-0.03617497533559799,0.153493732213974,0.5948739647865295,-0.01315856073051691,0.16044427454471588,0.5309097766876221,-0.027600880712270737,0.16541481018066406,0.49106574058532715,-0.038897525519132614,0.16798429191112518,0.45619434118270874,-0.04545992612838745,0.12736253440380096,0.5990554690361023,-0.014545971527695656,0.1309991031885147,0.5509132742881775,-0.03568072244524956,0.1383112519979477,0.5886085033416748,-0.042343802750110626,0.1428864449262619,0.617716372013092,-0.040995318442583084,0.10025571286678314,0.6124690175056458,-0.018393991515040398,0.09209172427654266,0.5657898187637329,-0.032415661960840225,0.08843094110488892,0.5361969470977783,-0.037782929837703705,0.08799619972705841,0.5029545426368713,-0.039867110550403595
pinza_izquierda,0.12613289058208466,0.7541025876998901,3.378360418082593e-07,0.16015781462192535,0.7374885678291321,-0.025190098211169243,0.18215425312519073,0.6960710287094116,-0.034358661621809006,0.17382484674453735,0.6592574715614319,-0.042212843894958496,0.15414553880691528,0.632854700088501,-0.04845252260565758,0.1798364818096161,0.6095366477966309,-0.013592157512903214,0.19870685040950775,0.552159309387207,-0.023937104269862175,0.20883899927139282,0.5198054909706116,-0.03105219639837742,0.21532146632671356,0.4896654486656189,-0.03538455814123154,0.1527722328901291,0.5991420149803162,-0.012127874419093132,0.1595325767993927,0.5355449914932251,-0.026851089671254158,0.16417324542999268,0.4958586096763611,-0.03877538815140724,0.16633422672748566,0.4601490795612335,-0.04573153704404831,0.12689104676246643,0.6034572720527649,-0.01382859330624342,0.13009127974510193,0.5567306876182556,-0.03533550724387169,0.13725759088993073,0.5955171585083008,-0.04194412752985954,0.14145763218402863,0.6254209876060486,-0.04023366793990135,0.10035215318202972,0.6170794367790222,-0.017800189554691315,0.09116899967193604,0.5694407820701599,-0.031352777034044266,0.0874057412147522,0.5393430590629578,-0.0358341783285141,0.08652965724468231,0.506049394607544,-0.037190597504377365
pinza_izquierda,0.12517952919006348,0.7517186999320984,3.733096889391163e-07,0.15930350124835968,0.7345957159996033,-0.025737782940268517,0.18114866316318512,0.6916804909706116,-0.03486461937427521,0.17091330885887146,0.6545326113700867,-0.042631182819604874,0.15179234743118286,0.6267516613006592,-0.04860605299472809,0.17854714393615723,0.6084514856338501,-0.013432346284389496,0.1984873116016388,0.5502633452415466,-0.023294350132346153,0.2091461420059204,0.5164485573768616,-0.029992444440722466,0.21577799320220947,0.48575523495674133,-0.03376065939664841,0.1517968475818634,0.5991886854171753,-0.011870349757373333,0.15927641093730927,0.5354066491127014,-0.02609855867922306,0.164849653840065,0.49468129873275757,-0.03734039142727852,0.16784729063510895,0.4576837122440338,-0.04349397495388985,0.12638825178146362,0.6029521226882935,-0.013696836307644844,0.12974102795124054,0.5585008263587952,-0.0353727713227272,0.13586243987083435,0.599385678768158,-0.04101894423365593,0.13854363560676575,0.6291210651397705,-0.03802650049328804,0.10050870478153229,0.6143718361854553,-0.01797224022448063,0.09301862865686417,0.5642713308334351,-0.03156443312764168,0.09073734283447266,0.5322345495223999,-0.03525165468454361,0.09045387804508209,0.49603864550590515,-0.035711634904146194
pinza_izquierda,0.1241341382265091,0.7496677041053772,3.8773484334342356e-07,0.1586374044418335,0.7333753705024719,-0.025927236303687096,0.17924433946609497,0.6918063759803772,-0.03555722534656525,0.168821781873703,0.6550486087799072,-0.04383533075451851,0.15038424730300903,0.6259192228317261,-0.050301454961299896,0.17868489027023315,0.6061945557594299,-0.013703426346182823,0.19795933365821838,0.5483461618423462,-0.02398659661412239,0.20880861580371857,0.5144108533859253,-0.030698809772729874,0.21533456444740295,0.4839327037334442,-0.03427787125110626,0.15089046955108643,0.5963847041130066,-0.012136089615523815,0.1577250361442566,0.5328677296638489,-0.027035744860768318,0.16286878287792206,0.4918295443058014,-0.03821389377117157,0.16521918773651123,0.4549120366573334,-0.0439155213534832,0.124665766954422,0.6000803112983704,-0.014058812521398067,0.12744967639446259,0.5567615032196045,-0.03649172931909561,0.1344842165708542,0.5971705913543701,-0.043065428733825684,0.13781967759132385,0.6265745162963867,-0.04030357301235199,0.09763365983963013,0.6115877032279968,-0.018310580402612686,0.09008766710758209,0.5618271827697754,-0.032131876796483994,0.08685007691383362,0.5303198099136353,-0.036194201558828354,0.08576366305351257,0.4951794147491455,-0.03671127185225487
pinza_izquierda,0.12221736460924149,0.7543259263038635,3.516639992540149e-07,0.1562582105398178,0.740344226360321,-0.02604963257908821,0.17864805459976196,0.7000362873077393,-0.03657086193561554,0.16711261868476868,0.6652405858039856,-0.04565529525279999,0.14670942723751068,0.6392392516136169,-0.052934542298316956,0.17858217656612396,0.611031711101532,-0.016400398686528206,0.1974390298128128,0.551920473575592,-0.027376491576433182,0.20791754126548767,0.5184661149978638,-0.03438868001103401,0.21484586596488953,0.48814284801483154,-0.03850627690553665,0.15087202191352844,0.6005527973175049,-0.015269753523170948,0.157664492726326,0.5365383625030518,-0.030864397063851357,0.1625712364912033,0.49639007449150085,-0.04264145717024803,0.16472859680652618,0.46014875173568726,-0.049240417778491974,0.12475433945655823,0.6044749617576599,-0.017293469980359077,0.12811851501464844,0.5587503910064697,-0.03981592506170273,0.1352965235710144,0.6013641953468323,-0.045248813927173615,0.13872672617435455,0.6321901082992554,-0.04234413430094719,0.09845489263534546,0.6180707216262817,-0.021755477413535118,0.08975158631801605,0.5693033337593079,-0.03625863045454025,0.0860547423362732,0.5386859178543091,-0.04037348926067352,0.08422759920358658,0.5029551982879639,-0.04118812456727028
pinza_izquierda,0.1227971538901329,0.7598757743835449,3.698807233831758e-07,0.15675196051597595,0.7468873262405396,-0.028919117525219917,0.17828716337680817,0.7073481678962708,-0.040466323494911194,0.17074134945869446,0.6715198159217834,-0.05025436356663704,0.15423497557640076,0.6430458426475525,-0.058080773800611496,0.18076173961162567,0.6166978478431702,-0.015942517668008804,0.19991588592529297,0.5582534074783325,-0.026070890948176384,0.21042874455451965,0.5249481201171875,-0.03305245563387871,0.21732859313488007,0.4948057532310486,-0.0373029001057148,0.15325123071670532,0.6067490577697754,-0.013088230043649673,0.16047421097755432,0.5436543226242065,-0.027928471565246582,0.16481122374534607,0.5034757256507874,-0.03958486020565033,0.16669973731040955,0.46733802556991577,-0.04599395766854286,0.1270490139722824,0.610737144947052,-0.013769994489848614,0.13078013062477112,0.5646618604660034,-0.03584817051887512,0.1358967423439026,0.6064896583557129,-0.04150129854679108,0.13798066973686218,0.6373981237411499,-0.038641106337308884,0.1003589928150177,0.6237587332725525,-0.01716870814561844,0.09215712547302246,0.5756311416625977,-0.03172655031085014,0.08820372819900513,0.5446851849555969,-0.0361759290099144,0.08665426820516586,0.509617805480957,-0.03709021583199501
pinza_izquierda,0.12664732336997986,0.7572951912879944,3.535224379902502e-07,0.16266095638275146,0.7404414415359497,-0.023335270583629608,0.1867063045501709,0.6991769671440125,-0.031088659539818764,0.1773127019405365,0.6659088134765625,-0.03807535767555237,0.15652284026145935,0.6436362266540527,-0.04353601112961769,0.18453708291053772,0.613287091255188,-0.009837954305112362,0.20396193861961365,0.5544456243515015,-0.018535496667027473,0.21436022222042084,0.5211088061332703,-0.02453657239675522,0.22122973203659058,0.491362601518631,-0.027980521321296692,0.1566709578037262,0.6034421324729919,-0.009408853016793728,0.1635974645614624,0.5400320887565613,-0.022262565791606903,0.1683286428451538,0.49890655279159546,-0.03344421088695526,0.17039431631565094,0.46249938011169434,-0.03968934342265129,0.13043417036533356,0.6078885197639465,-0.012198762968182564,0.13449357450008392,0.5646308064460754,-0.03288736194372177,0.14068929851055145,0.6051504611968994,-0.039571329951286316,0.1436229646205902,0.6349899172782898,-0.03753983974456787,0.10401789844036102,0.6213771104812622,-0.017197662964463234,0.09594672918319702,0.5747485160827637,-0.030463699251413345,0.09271426498889923,0.5463395118713379,-0.034588903188705444,0.09188178181648254,0.5140365362167358,-0.035409022122621536
pinza_izquierda,0.11920352280139923,0.8576701879501343,3.4906125279121625e-07,0.15395569801330566,0.8489519357681274,-0.02344680391252041,0.18083876371383667,0.8199436068534851,-0.03549962490797043,0.16912534832954407,0.7966809272766113,-0.04718437418341637,0.1453641802072525,0.7820928692817688,-0.058071285486221313,0.1691395491361618,0.7230799198150635,-0.016068005934357643,0.1823141723871231,0.6754968166351318,-0.029072174802422523,0.19183355569839478,0.6466452479362488,-0.03811868280172348,0.20107553899288177,0.6199724674224854,-0.04320680350065231,0.14050425589084625,0.716363787651062,-0.016831619665026665,0.14290645718574524,0.6673029661178589,-0.033816512674093246,0.14487875998020172,0.6340896487236023,-0.04737536236643791,0.1466987133026123,0.6018263697624207,-0.054971568286418915,0.11389622837305069,0.7238212823867798,-0.02031426876783371,0.11688783764839172,0.6961218118667603,-0.04466335475444794,0.1219019964337349,0.7413508892059326,-0.05121844634413719,0.12417285144329071,0.7732895612716675,-0.048402443528175354,0.08851270377635956,0.7408970594406128,-0.025710085406899452,0.07590396702289581,0.699930727481842,-0.04011599346995354,0.0691942349076271,0.6754136085510254,-0.04280974343419075,0.06489528715610504,0.6467734575271606,-0.042152658104896545
pinza_izquierda,0.12661971151828766,0.8558656573295593,3.46166331155473e-07,0.1595413237810135,0.8423504829406738,-0.022031860426068306,0.18093904852867126,0.8089113235473633,-0.03276541084051132,0.16289356350898743,0.7868629693984985,-0.04346809536218643,0.14211797714233398,0.7710925340652466,-0.05323193594813347,0.1710093915462494,0.7146425247192383,-0.012478827498853207,0.18415318429470062,0.6668925285339355,-0.0239566583186388,0.19339898228645325,0.6382471323013306,-0.03224858269095421,0.20212435722351074,0.6127185821533203,-0.03705759719014168,0.14146707952022552,0.7097689509391785,-0.013430655002593994,0.14339148998260498,0.6615250110626221,-0.029210884124040604,0.14500382542610168,0.6294554471969604,-0.042292993515729904,0.14659446477890015,0.598770260810852,-0.04961719363927841,0.11464465409517288,0.7183197736740112,-0.017172906547784805,0.11770965158939362,0.6887329816818237,-0.040542032569646835,0.123308926820755,0.7335790991783142,-0.04682394117116928,0.12591488659381866,0.7655003666877747,-0.04411228373646736,0.08932957798242569,0.7364286780357361,-0.022722823545336723,0.07737045735120773,0.6978545188903809,-0.03679097071290016,0.07070650160312653,0.6746338605880737,-0.03941982239484787,0.06589511036872864,0.6461228132247925,-0.03878909349441528
pinza_izquierda,0.12956352531909943,0.8581205606460571,3.3699072332638025e-07,0.16288475692272186,0.8456407785415649,-0.022935058921575546,0.18616962432861328,0.8130478858947754,-0.034398604184389114,0.16883012652397156,0.787623941898346,-0.04534466564655304,0.14466093480587006,0.7695460319519043,-0.05542994663119316,0.17483429610729218,0.7178782224655151,-0.015481808222830296,0.18780352175235748,0.6703503727912903,-0.028118742629885674,0.19667036831378937,0.6414600610733032,-0.0371672697365284,0.20483478903770447,0.6151687502861023,-0.04242341220378876,0.14498227834701538,0.7117503881454468,-0.015968019142746925,0.14683865010738373,0.6621929407119751,-0.032347600907087326,0.148763969540596,0.6301292777061462,-0.045620474964380264,0.15040524303913116,0.5997387766838074,-0.05321341007947922,0.1178986132144928,0.7199151515960693,-0.0191083624958992,0.12053433060646057,0.6896433234214783,-0.04277936369180679,0.12691730260849,0.732140839099884,-0.049469009041786194,0.1299755871295929,0.7637491226196289,-0.04721580073237419,0.0924174040555954,0.7382444143295288,-0.024021124467253685,0.08044251054525375,0.6992830634117126,-0.03843249753117561,0.07300068438053131,0.6764095425605774,-0.04127970710396767,0.0669105127453804,0.649303674697876,-0.040814515203237534
pinza_izquierda,0.12856224179267883,0.8622581362724304,3.5460200820125465e-07,0.1610669195652008,0.8509518504142761,-0.022645356133580208,0.18496762216091156,0.8201020956039429,-0.0347454771399498,0.16631640493869781,0.7975390553474426,-0.04659809172153473,0.14034675061702728,0.785551905632019,-0.057701971381902695,0.175077423453331,0.726904571056366,-0.016371749341487885,0.18797488510608673,0.6784464120864868,-0.029104067012667656,0.19693414866924286,0.6499314904212952,-0.03795123100280762,0.20541885495185852,0.624631404876709,-0.04310893267393112,0.14570686221122742,0.7206230163574219,-0.017472904175519943,0.14766563475131989,0.6733131408691406,-0.034462250769138336,0.14987094700336456,0.6411417722702026,-0.04790639132261276,0.15185262262821198,0.6100040674209595,-0.05562525987625122,0.11843596398830414,0.7281736731529236,-0.02114066109061241,0.12152678519487381,0.700625479221344,-0.045496609061956406,0.12787070870399475,0.744884729385376,-0.052220165729522705,0.1307860165834427,0.7767972946166992,-0.049863509833812714,0.09238485991954803,0.7457223534584045,-0.026531687006354332,0.0805918425321579,0.7088680863380432,-0.04116086661815643,0.07348346710205078,0.6870822310447693,-0.04394879192113876,0.06750380247831345,0.6606019139289856,-0.04351754114031792
pinza_izquierda,0.13163499534130096,0.856171727180481,3.290578547421319e-07,0.16599495708942413,0.8449084162712097,-0.020589163526892662,0.18983429670333862,0.8134456872940063,-0.030797135084867477,0.17458222806453705,0.7925367951393127,-0.041394129395484924,0.15081240236759186,0.7784826755523682,-0.051177263259887695,0.17807549238204956,0.7169913053512573,-0.011613577604293823,0.19070181250572205,0.6695201396942139,-0.023023776710033417,0.19895222783088684,0.6415224671363831,-0.031125811859965324,0.20723246037960052,0.6166741847991943,-0.03566364571452141,0.14838077127933502,0.7118738889694214,-0.013248576782643795,0.15001621842384338,0.6659135818481445,-0.0286983922123909,0.1519521176815033,0.634085476398468,-0.04208225756883621,0.15412357449531555,0.6033010482788086,-0.04982302710413933,0.12064763158559799,0.7197763919830322,-0.017438504844903946,0.12431212514638901,0.693213164806366,-0.040750790387392044,0.1304129660129547,0.7391642928123474,-0.04746143892407417,0.13342608511447906,0.7718400359153748,-0.045016638934612274,0.09429728984832764,0.7372668385505676,-0.02321186475455761,0.08270662277936935,0.7001612782478333,-0.03668932989239693,0.0759587436914444,0.6790271997451782,-0.03886549547314644,0.07068152725696564,0.6533817052841187,-0.03791898488998413
pinza_izquierda,0.1328953504562378,0.8576033115386963,3.1517976140094106e-07,0.1664082258939743,0.8454186320304871,-0.020508596673607826,0.1917422115802765,0.8155674934387207,-0.03145919740200043,0.17896142601966858,0.7940428256988525,-0.04275401681661606,0.15697968006134033,0.7806641459465027,-0.05328214168548584,0.18165114521980286,0.7200058102607727,-0.01325584203004837,0.19477485120296478,0.6721885204315186,-0.025620121508836746,0.20324642956256866,0.6446315050125122,-0.03425365313887596,0.21190978586673737,0.6203087568283081,-0.03929690644145012,0.15200980007648468,0.7145374417304993,-0.015124761499464512,0.15378953516483307,0.6687098741531372,-0.03177820146083832,0.15499430894851685,0.6385047435760498,-0.04526986926794052,0.15650574862957,0.6098607778549194,-0.05303326994180679,0.12420206516981125,0.7229362726211548,-0.019409099593758583,0.12742701172828674,0.6947161555290222,-0.04301540553569794,0.13354739546775818,0.7388900518417358,-0.04931335896253586,0.1373428851366043,0.7717384696006775,-0.0469425730407238,0.09816522896289825,0.7420437932014465,-0.02531309798359871,0.08609680831432343,0.7066841721534729,-0.03954298049211502,0.07938829064369202,0.6860979199409485,-0.04204924777150154,0.07490911334753036,0.6616529226303101,-0.04134437441825867
pinza_izquierda,0.13195374608039856,0.859368085861206,3.3025864354385703e-07,0.16664832830429077,0.8496068716049194,-0.022118790075182915,0.19382241368293762,0.8221448063850403,-0.03390011936426163,0.1804751753807068,0.8008610606193542,-0.0457206666469574,0.15751266479492188,0.787679135799408,-0.05667563155293465,0.18386636674404144,0.7230435013771057,-0.014613869599997997,0.19723525643348694,0.6749313473701477,-0.02733374387025833,0.20580583810806274,0.647231936454773,-0.03621172904968262,0.21482796967029572,0.6227787733078003,-0.041209883987903595,0.15464484691619873,0.7167466878890991,-0.01561048161238432,0.15637265145778656,0.6703291535377502,-0.03212635964155197,0.1573973149061203,0.63923579454422,-0.04575524106621742,0.15915223956108093,0.6100262403488159,-0.053546443581581116,0.12692128121852875,0.7240188121795654,-0.01912347413599491,0.13127437233924866,0.6971741318702698,-0.04279067739844322,0.13681074976921082,0.7409632205963135,-0.04943351075053215,0.13985733687877655,0.7734752297401428,-0.047092847526073456,0.10072661936283112,0.7415078282356262,-0.024309689179062843,0.09007641673088074,0.7064012289047241,-0.03794874995946884,0.08410429954528809,0.6889684200286865,-0.03979015722870827,0.07979441434144974,0.6685958504676819,-0.038466889411211014
pinza_izquierda,0.2264111489057541,0.8991348743438721,2.881579632685316e-07,0.27049991488456726,0.9046251177787781,-0.02252383343875408,0.3097364604473114,0.8909523487091064,-0.03452826663851738,0.31876006722450256,0.8728620409965515,-0.046868231147527695,0.2998243272304535,0.8580524325370789,-0.05984676629304886,0.30583304166793823,0.7727055549621582,-0.016563350334763527,0.3215431869029999,0.7262578010559082,-0.030877789482474327,0.3312714695930481,0.6970325112342834,-0.04118705168366432,0.3393549621105194,0.6700684428215027,-0.04745032265782356,0.2730896472930908,0.7630804181098938,-0.02091611735522747,0.280507355928421,0.7185732126235962,-0.04001152142882347,0.28423014283180237,0.6839454770088196,-0.05578635632991791,0.2840789258480072,0.6538618803024292,-0.06466691195964813,0.23874862492084503,0.7716266512870789,-0.028005003929138184,0.25195106863975525,0.7613559365272522,-0.057757776230573654,0.26733478903770447,0.8099063634872437,-0.07049185782670975,0.27591651678085327,0.8475254774093628,-0.07100120186805725,0.20398922264575958,0.7903667092323303,-0.03629547357559204,0.20393948256969452,0.7567528486251831,-0.05575919523835182,0.20407336950302124,0.7542135119438171,-0.06008153781294823,0.2030276656150818,0.7542951107025146,-0.05995788797736168
pinza_izquierda,0.22559094429016113,0.8896040320396423,3.1523714483228105e-07,0.2699408233165741,0.8945139646530151,-0.021968364715576172,0.3096725344657898,0.8817219734191895,-0.03375336527824402,0.3248515725135803,0.8642929792404175,-0.04588184878230095,0.31048548221588135,0.8469849824905396,-0.058420903980731964,0.3051207363605499,0.761173665523529,-0.015721557661890984,0.3202146887779236,0.714317798614502,-0.030220473185181618,0.33028608560562134,0.6847468614578247,-0.041108835488557816,0.33936360478401184,0.6575506329536438,-0.047804176807403564,0.2729463279247284,0.7522499561309814,-0.019982414320111275,0.2795800566673279,0.7063128352165222,-0.039352770894765854,0.2830195128917694,0.6705418825149536,-0.055958908051252365,0.28334924578666687,0.6405045390129089,-0.06524594128131866,0.23901338875293732,0.7608802318572998,-0.026957858353853226,0.25054648518562317,0.7518949508666992,-0.05580197647213936,0.26660826802253723,0.7959550619125366,-0.0694202110171318,0.27717000246047974,0.8305399417877197,-0.0707881972193718,0.20558294653892517,0.7812604904174805,-0.03513902798295021,0.20507696270942688,0.7547404170036316,-0.05443037673830986,0.2031107395887375,0.7505099773406982,-0.059741079807281494,0.19987207651138306,0.7471371293067932,-0.06019037961959839
pinza_izquierda,0.21360287070274353,0.8931667804718018,2.5855996454993146e-07,0.26169127225875854,0.8983762264251709,-0.018120737746357918,0.30608484148979187,0.8881247639656067,-0.02914649434387684,0.32093948125839233,0.873160719871521,-0.0411992073059082,0.3012954890727997,0.8668935894966125,-0.05425203964114189,0.30298373103141785,0.7747839093208313,-0.01594640128314495,0.31925731897354126,0.725839376449585,-0.030788302421569824,0.3285301923751831,0.6960461735725403,-0.0413941964507103,0.33645591139793396,0.6683311462402344,-0.048375096172094345,0.26904091238975525,0.7622805833816528,-0.023554682731628418,0.2773461639881134,0.7160778045654297,-0.044097986072301865,0.280985951423645,0.6814696788787842,-0.06089848279953003,0.2806224226951599,0.6523608565330505,-0.07032585889101028,0.23233629763126373,0.769027054309845,-0.0332026332616806,0.2486666738986969,0.7607468366622925,-0.06261847168207169,0.2656959593296051,0.8099778294563293,-0.07552027702331543,0.2759718596935272,0.8501195311546326,-0.07679571956396103,0.19494450092315674,0.7885587215423584,-0.04373178631067276,0.19731569290161133,0.7641955018043518,-0.06287939846515656,0.19977211952209473,0.7629086971282959,-0.0669974684715271,0.20068925619125366,0.763626754283905,-0.06712257117033005
pinza_izquierda,0.2266087532043457,0.9003748297691345,2.3058913711793139e-07,0.2712585926055908,0.9064004421234131,-0.020713109523057938,0.3127307593822479,0.8943707942962646,-0.030737346038222313,0.32636603713035583,0.8752512335777283,-0.041142627596855164,0.30906933546066284,0.8603848218917847,-0.052032578736543655,0.3080965280532837,0.771715521812439,-0.012659280560910702,0.3229464292526245,0.7253983020782471,-0.024456694722175598,0.33304545283317566,0.6979910731315613,-0.033108901232481,0.34053152799606323,0.6716058254241943,-0.03810262680053711,0.2750549018383026,0.7614272832870483,-0.01705048978328705,0.2834666967391968,0.7217127084732056,-0.035974953323602676,0.2875043451786041,0.6886794567108154,-0.052381861954927444,0.28650397062301636,0.6589367985725403,-0.060947198420763016,0.24037913978099823,0.768189549446106,-0.024030378088355064,0.2523246705532074,0.7668509483337402,-0.05314035341143608,0.2693646550178528,0.8152142763137817,-0.06838703155517578,0.2795952260494232,0.8502819538116455,-0.07030586898326874,0.20544728636741638,0.784064531326294,-0.031771086156368256,0.20415350794792175,0.7507629990577698,-0.04952210932970047,0.19889618456363678,0.7296152114868164,-0.055536966770887375,0.1925601065158844,0.7075473666191101,-0.05704375356435776
pinza_izquierda,0.2629854679107666,0.9011636972427368,3.0271237960732833e-07,0.3031262755393982,0.9033306241035461,-0.022263700142502785,0.33853310346603394,0.8878294825553894,-0.034150101244449615,0.34073036909103394,0.8684912919998169,-0.04630749300122261,0.31755146384239197,0.8567947149276733,-0.058525096625089645,0.32769930362701416,0.768608033657074,-0.015696782618761063,0.34197568893432617,0.7236303091049194,-0.029296597465872765,0.3521342873573303,0.6942754983901978,-0.038794562220573425,0.3614617884159088,0.6681060791015625,-0.044454172253608704,0.2977907061576843,0.762054443359375,-0.01931629329919815,0.3018433153629303,0.7174418568611145,-0.037847116589546204,0.30533134937286377,0.682395339012146,-0.05337679013609886,0.3063744902610779,0.653324544429779,-0.06191543489694595,0.26764625310897827,0.7726352214813232,-0.025727832689881325,0.2769647240638733,0.7628297209739685,-0.05463304743170738,0.29266050457954407,0.8058813810348511,-0.06876706331968307,0.3021737337112427,0.8375959396362305,-0.07029242068529129,0.23873475193977356,0.7940516471862793,-0.033262498676776886,0.23357993364334106,0.7643977999687195,-0.052476055920124054,0.2268189638853073,0.748934268951416,-0.059560224413871765,0.21883411705493927,0.7313098311424255,-0.061654023826122284
pinza_izquierda,0.2712436616420746,0.6849215030670166,3.8711729644091974e-07,0.3184261620044708,0.6671769022941589,-0.02544528618454933,0.3525376319885254,0.6254469752311707,-0.03618184104561806,0.3393779397010803,0.5905095338821411,-0.04629071429371834,0.3072553277015686,0.5748610496520996,-0.05538013577461243,0.3313010632991791,0.5126006007194519,-0.015192994847893715,0.35011860728263855,0.4424154460430145,-0.02796243131160736,0.36052700877189636,0.4011215567588806,-0.03517597168684006,0.36665403842926025,0.3654506206512451,-0.03834075853228569,0.296853244304657,0.5066222548484802,-0.017749685794115067,0.29307788610458374,0.42353585362434387,-0.03655295819044113,0.2936779856681824,0.3721891939640045,-0.05113665387034416,0.29031461477279663,0.3283102810382843,-0.058117784559726715,0.2669469118118286,0.5195013880729675,-0.023403430357575417,0.26983019709587097,0.4783221185207367,-0.05456238240003586,0.2895452082157135,0.5269894599914551,-0.06652101129293442,0.30057641863822937,0.5613803863525391,-0.06471983343362808,0.23765811324119568,0.5435147881507874,-0.03055090270936489,0.21801242232322693,0.492206335067749,-0.04958457127213478,0.20639252662658691,0.4592583179473877,-0.055390615016222,0.19551897048950195,0.4210815727710724,-0.05623982474207878
pinza_izquierda,0.26551181077957153,0.6606264710426331,4.4022328893333906e-07,0.31442177295684814,0.6482617855072021,-0.027490178123116493,0.3504517376422882,0.6073368191719055,-0.03983577713370323,0.3374458849430084,0.5725418329238892,-0.05178770795464516,0.30231818556785583,0.5545251965522766,-0.06250632554292679,0.332780659198761,0.48477235436439514,-0.017087966203689575,0.35262584686279297,0.41470271348953247,-0.0322270393371582,0.3633834719657898,0.37265729904174805,-0.040906600654125214,0.3704400658607483,0.3347571790218353,-0.04515419900417328,0.29706451296806335,0.47740525007247925,-0.019559340551495552,0.29664382338523865,0.39610952138900757,-0.04152090102434158,0.29756465554237366,0.3426401913166046,-0.05754302814602852,0.29491323232650757,0.29535794258117676,-0.06540638208389282,0.2663309872150421,0.4889746904373169,-0.025609415024518967,0.2723861336708069,0.44748467206954956,-0.060371529310941696,0.2892410159111023,0.5040977597236633,-0.0723140686750412,0.29823845624923706,0.5425142049789429,-0.06962056457996368,0.23604100942611694,0.5118319988250732,-0.033411700278520584,0.21723100543022156,0.4600464105606079,-0.05442667752504349,0.20581690967082977,0.42679014801979065,-0.06081279739737511,0.19706371426582336,0.3871808648109436,-0.06182472035288811
pinza_izquierda,0.26867640018463135,0.6630911827087402,3.669227623959159e-07,0.3179686665534973,0.6483072638511658,-0.026798415929079056,0.3536531627178192,0.6082361936569214,-0.0395469069480896,0.33984506130218506,0.5740082263946533,-0.0514819361269474,0.3087095022201538,0.5549883842468262,-0.062201786786317825,0.33551472425460815,0.4895428419113159,-0.01989341713488102,0.35438159108161926,0.4193268418312073,-0.03489018976688385,0.3645936846733093,0.37664178013801575,-0.043847765773534775,0.3712122142314911,0.33860087394714355,-0.0487208366394043,0.29901808500289917,0.48147761821746826,-0.02259390987455845,0.29677870869636536,0.3995930254459381,-0.04401486739516258,0.29900139570236206,0.34686973690986633,-0.06000743806362152,0.2973611652851105,0.2994637191295624,-0.0687270238995552,0.2670843005180359,0.4930158257484436,-0.02830495871603489,0.2716742753982544,0.4492020308971405,-0.06066808104515076,0.29035669565200806,0.5009835362434387,-0.07166357338428497,0.30022627115249634,0.5381138920783997,-0.07001368701457977,0.2362586259841919,0.5159388780593872,-0.035781390964984894,0.21911153197288513,0.4628489315509796,-0.05576973408460617,0.20862002670764923,0.4286630153656006,-0.06181006506085396,0.19921621680259705,0.3890818655490875,-0.06342244148254395
pinza_izquierda,0.2860521376132965,0.6917779445648193,3.310199190309504e-07,0.3331173062324524,0.678968071937561,-0.025225376710295677,0.36694514751434326,0.6430390477180481,-0.037609443068504333,0.3566529452800751,0.6135772466659546,-0.0496855191886425,0.3266715407371521,0.5993412137031555,-0.06076623871922493,0.3494279384613037,0.5273452401161194,-0.017664004117250443,0.36745956540107727,0.4651961922645569,-0.03220996633172035,0.3778165578842163,0.42757511138916016,-0.04089745506644249,0.3843057453632355,0.3933006227016449,-0.04574716091156006,0.3143559396266937,0.5213915705680847,-0.020838629454374313,0.31383195519447327,0.4487488269805908,-0.04263067990541458,0.31629228591918945,0.4001117944717407,-0.058388836681842804,0.31424346566200256,0.3580482602119446,-0.06661450117826462,0.28438693284988403,0.5346592664718628,-0.02710157446563244,0.29214760661125183,0.5012996792793274,-0.05989677086472511,0.31072983145713806,0.5516666769981384,-0.07227563112974167,0.3211668133735657,0.5866606831550598,-0.07148797810077667,0.25563114881515503,0.5581187009811401,-0.034866299480199814,0.2422921359539032,0.5131446719169617,-0.05488548427820206,0.23121905326843262,0.48325425386428833,-0.061532873660326004,0.22152107954025269,0.4485780596733093,-0.06369331479072571
pinza_izquierda,0.2858557105064392,0.6978974938392639,3.185088246482337e-07,0.3316056728363037,0.6847900152206421,-0.02387106604874134,0.3657618761062622,0.6512466669082642,-0.03596354275941849,0.3557659387588501,0.6228005886077881,-0.04791582375764847,0.32651636004447937,0.607135534286499,-0.058909688144922256,0.3487890958786011,0.5376389026641846,-0.01770276576280594,0.3662157356739044,0.47537118196487427,-0.032056376338005066,0.3765111267566681,0.43840616941452026,-0.0406247079372406,0.38325703144073486,0.4045369625091553,-0.04530467465519905,0.3147335350513458,0.532226026058197,-0.020948678255081177,0.3133073151111603,0.461268812417984,-0.04207339882850647,0.3154679834842682,0.4135952591896057,-0.058023519814014435,0.313699871301651,0.37124568223953247,-0.06651927530765533,0.2852165699005127,0.5448499321937561,-0.026970619335770607,0.2938351035118103,0.5142012238502502,-0.05872578173875809,0.3116617798805237,0.5635426044464111,-0.0714474692940712,0.3210340142250061,0.5978662967681885,-0.07117346674203873,0.25749680399894714,0.5673604011535645,-0.03431128337979317,0.2432534396648407,0.5253613591194153,-0.05401882901787758,0.23093587160110474,0.49734383821487427,-0.060950856655836105,0.21941912174224854,0.464387983083725,-0.06320832669734955
pinza_izquierda,0.29288750886917114,0.6847002506256104,3.92057586395822e-07,0.3374177813529968,0.6723225116729736,-0.02215072326362133,0.3727695643901825,0.6369556188583374,-0.03251955658197403,0.36276817321777344,0.6063405871391296,-0.04302624613046646,0.33281007409095764,0.5956078171730042,-0.05290641263127327,0.35112059116363525,0.5227452516555786,-0.012944447807967663,0.37006691098213196,0.4597865045070648,-0.025269996374845505,0.38079917430877686,0.4226108193397522,-0.032638031989336014,0.3879019021987915,0.3898182511329651,-0.036266956478357315,0.31812483072280884,0.5190109014511108,-0.017240606248378754,0.31778988242149353,0.4425759017467499,-0.035749707370996475,0.31988731026649475,0.39368319511413574,-0.05105739086866379,0.31757184863090515,0.35200977325439453,-0.05888025462627411,0.2895511984825134,0.5320037007331848,-0.0243188738822937,0.2956526279449463,0.4971323609352112,-0.055124375969171524,0.3150256872177124,0.5456140637397766,-0.06789930164813995,0.32603690028190613,0.5798903107643127,-0.06698379665613174,0.26218754053115845,0.5545040965080261,-0.03252001851797104,0.24662715196609497,0.5078710317611694,-0.05087495222687721,0.23718127608299255,0.4777580499649048,-0.056617919355630875,0.2280745506286621,0.4416961073875427,-0.057768531143665314
pinza_izquierda,0.2906150221824646,0.6850486397743225,3.604062612794223e-07,0.3368412256240845,0.6729410290718079,-0.02305823192000389,0.3719012141227722,0.6396535634994507,-0.035853222012519836,0.3678210377693176,0.6102021336555481,-0.04884073883295059,0.33987608551979065,0.5959150791168213,-0.06079542636871338,0.35215091705322266,0.5215014815330505,-0.016673030331730843,0.37100949883461,0.46017616987228394,-0.031767863780260086,0.3816347122192383,0.42278552055358887,-0.0414460264146328,0.3891858458518982,0.3887232542037964,-0.04689575731754303,0.3186330795288086,0.516461193561554,-0.021206945180892944,0.3186943233013153,0.4427925944328308,-0.04258531332015991,0.32116466760635376,0.3948621153831482,-0.05895538255572319,0.31972411274909973,0.3520541191101074,-0.06794945895671844,0.2891673445701599,0.52884840965271,-0.02843303047120571,0.29750972986221313,0.49207085371017456,-0.060317642986774445,0.31590139865875244,0.5421392917633057,-0.0710509791970253,0.32590946555137634,0.577886164188385,-0.06929244846105576,0.26150891184806824,0.551751971244812,-0.0371566116809845,0.24816974997520447,0.5048256516456604,-0.05598638951778412,0.23878398537635803,0.47476926445961,-0.06104838848114014,0.23037385940551758,0.4399797320365906,-0.06204008683562279
pinza_izquierda,0.27048683166503906,0.46528035402297974,3.9649231098337623e-07,0.3196418583393097,0.4402783513069153,-0.029539164155721664,0.3512314558029175,0.3869773745536804,-0.041461750864982605,0.3350447714328766,0.3374762237071991,-0.0521530844271183,0.30392467975616455,0.30569103360176086,-0.061011385172605515,0.3333030641078949,0.2750323414802551,-0.0211346335709095,0.35781675577163696,0.1932809054851532,-0.036507219076156616,0.3693482577800751,0.14564408361911774,-0.04520494490861893,0.3757472038269043,0.10250452160835266,-0.04995213821530342,0.29816579818725586,0.26575514674186707,-0.02254549227654934,0.29891443252563477,0.1683693528175354,-0.04519841447472572,0.3008778989315033,0.10830153524875641,-0.061499450355768204,0.29861950874328613,0.05816316604614258,-0.07054474204778671,0.2667109966278076,0.2751510441303253,-0.02740708738565445,0.26934370398521423,0.2088603675365448,-0.060370080173015594,0.2883147597312927,0.2535616457462311,-0.07163486629724503,0.2989006042480469,0.2912798821926117,-0.07026632130146027,0.23503907024860382,0.294382244348526,-0.034500058740377426,0.2178002893924713,0.22879467904567719,-0.05567054823040962,0.20828112959861755,0.1849939525127411,-0.06353139877319336,0.19978868961334229,0.13842588663101196,-0.06649612635374069
pinza_izquierda,0.2704620361328125,0.47830212116241455,3.933690209123597e-07,0.3189694583415985,0.45538586378097534,-0.030721202492713928,0.3512769937515259,0.4052125811576843,-0.043804556131362915,0.3350723385810852,0.35710346698760986,-0.05539399012923241,0.30557548999786377,0.32624274492263794,-0.06524105370044708,0.3354063630104065,0.29121026396751404,-0.023288803175091743,0.3592202067375183,0.21101227402687073,-0.039577726274728775,0.37080931663513184,0.1640399992465973,-0.04884989932179451,0.37780389189720154,0.12177078425884247,-0.05376709625124931,0.3003306984901428,0.2813568115234375,-0.024246471002697945,0.30080920457839966,0.18439701199531555,-0.04720212146639824,0.30275964736938477,0.12447559833526611,-0.06338511407375336,0.30097696185112,0.07538826763629913,-0.07218874990940094,0.26868292689323425,0.2904929518699646,-0.028708549216389656,0.27113452553749084,0.22549569606781006,-0.06230508163571358,0.28901463747024536,0.268361896276474,-0.07405736297369003,0.29931890964508057,0.3061644732952118,-0.07281655818223953,0.2371852695941925,0.30931174755096436,-0.03536641597747803,0.22084736824035645,0.24566146731376648,-0.05711333081126213,0.21088534593582153,0.2036421149969101,-0.0649002343416214,0.20155051350593567,0.15895776450634003,-0.06754457950592041
pinza_izquierda,0.26914817094802856,0.4853317141532898,3.649163886620954e-07,0.3172568380832672,0.46012192964553833,-0.028760064393281937,0.347917377948761,0.41103023290634155,-0.04087257757782936,0.33232542872428894,0.3635163903236389,-0.05169481411576271,0.30410850048065186,0.33146795630455017,-0.060826580971479416,0.33270031213760376,0.30181241035461426,-0.022605013102293015,0.3563684821128845,0.22310712933540344,-0.038395799696445465,0.3676068186759949,0.17757746577262878,-0.04750903695821762,0.37448933720588684,0.135146826505661,-0.05253402143716812,0.2978125512599945,0.2902168929576874,-0.024085633456707,0.298578679561615,0.19514235854148865,-0.04631657898426056,0.30031585693359375,0.13686275482177734,-0.06237499788403511,0.2987799048423767,0.08597135543823242,-0.0714896023273468,0.26616209745407104,0.2983395457267761,-0.028695540502667427,0.2699437439441681,0.23497486114501953,-0.060677070170640945,0.28663724660873413,0.28094202280044556,-0.07096262276172638,0.2959488034248352,0.3186964690685272,-0.06932657212018967,0.23477323353290558,0.31797364354133606,-0.03545377776026726,0.21665698289871216,0.25397026538848877,-0.05583825334906578,0.20729370415210724,0.2119354009628296,-0.06266428530216217,0.19968238472938538,0.16732099652290344,-0.06491751968860626
pinza_izquierda,0.27579236030578613,0.48882925510406494,3.8099574339867104e-07,0.3240322768688202,0.4649837017059326,-0.02879951521754265,0.35524529218673706,0.41595911979675293,-0.04115797206759453,0.34114810824394226,0.36791667342185974,-0.052408549934625626,0.3119049668312073,0.3346921503543854,-0.062021564692258835,0.34048497676849365,0.3039812743663788,-0.022235896438360214,0.36476999521255493,0.22571194171905518,-0.03855772316455841,0.37622639536857605,0.17927421629428864,-0.048166122287511826,0.3832770884037018,0.13621750473976135,-0.05347331613302231,0.30544474720954895,0.29256191849708557,-0.02402113378047943,0.3067043721675873,0.19746063649654388,-0.046909600496292114,0.3087077736854553,0.13845610618591309,-0.06335248798131943,0.307275652885437,0.08763967454433441,-0.07254808396100998,0.27359139919281006,0.30085664987564087,-0.02898229844868183,0.2774920165538788,0.2378210574388504,-0.06157419830560684,0.29471534490585327,0.2833983302116394,-0.07181162387132645,0.3043774664402008,0.32140037417411804,-0.06988688558340073,0.24197065830230713,0.32033076882362366,-0.03612420707941055,0.2253495454788208,0.2570624351501465,-0.056811701506376266,0.21669544279575348,0.21595439314842224,-0.06339607387781143,0.20944565534591675,0.17230533063411713,-0.06529255211353302
pinza_izquierda,0.27839794754981995,0.4861143231391907,3.912243755621603e-07,0.32582375407218933,0.4626607298851013,-0.028530331328511238,0.3589456081390381,0.41297632455825806,-0.04063781723380089,0.34274107217788696,0.36421647667884827,-0.05157158523797989,0.3108047842979431,0.33544379472732544,-0.060735367238521576,0.3427411615848541,0.30229315161705017,-0.021215910091996193,0.3672741651535034,0.22219069302082062,-0.03654623404145241,0.3787168264389038,0.1760256290435791,-0.045227304100990295,0.38609033823013306,0.13329504430294037,-0.050047367811203,0.30794134736061096,0.2904442548751831,-0.02274407260119915,0.3085833489894867,0.19397211074829102,-0.04480867460370064,0.31037041544914246,0.1359838992357254,-0.060303058475255966,0.3089367747306824,0.08517147600650787,-0.06884828954935074,0.2765877842903137,0.29807940125465393,-0.02739611081779003,0.279680073261261,0.23281604051589966,-0.059227436780929565,0.2946242392063141,0.2815110981464386,-0.06826891005039215,0.30232107639312744,0.32048484683036804,-0.0656018853187561,0.24531544744968414,0.3171706199645996,-0.03433791920542717,0.22840067744255066,0.2546725571155548,-0.0546606108546257,0.2202470600605011,0.21259281039237976,-0.06112661212682724,0.2137109339237213,0.16649694740772247,-0.06302247196435928
pinza_izquierda,0.28013625741004944,0.48677271604537964,3.8575163330278883e-07,0.3276126980781555,0.46427392959594727,-0.029798006638884544,0.3603208661079407,0.41532889008522034,-0.04239201173186302,0.3421976864337921,0.36671388149261475,-0.05355260148644447,0.31290045380592346,0.3342337906360626,-0.06300622224807739,0.3445851504802704,0.3025026023387909,-0.022248784080147743,0.3680335283279419,0.2243291139602661,-0.03815285861492157,0.3794677257537842,0.17858101427555084,-0.047157518565654755,0.3866223096847534,0.13667593896389008,-0.05196984112262726,0.30937182903289795,0.2913545072078705,-0.02329964004456997,0.31030794978141785,0.19578902423381805,-0.04575120657682419,0.31200191378593445,0.13746730983257294,-0.06154909357428551,0.31009483337402344,0.08794432878494263,-0.07008150219917297,0.2776799201965332,0.29989495873451233,-0.027671514078974724,0.2808084487915039,0.23609551787376404,-0.06062420830130577,0.2976531982421875,0.2809763252735138,-0.07117029279470444,0.3070400655269623,0.31902918219566345,-0.06924507766962051,0.2460256665945053,0.319179505109787,-0.03419627621769905,0.22966808080673218,0.2570836544036865,-0.055373188108205795,0.22137978672981262,0.21640285849571228,-0.06225981190800667,0.21415862441062927,0.17244131863117218,-0.06422199308872223
pinza_izquierda,0.2770240008831024,0.48959290981292725,4.1427401242799533e-07,0.32547467947006226,0.46679896116256714,-0.031214356422424316,0.3568810224533081,0.41604694724082947,-0.04416101053357124,0.33877405524253845,0.36868804693222046,-0.05554460734128952,0.3088527023792267,0.336250901222229,-0.06502978503704071,0.34040164947509766,0.30323997139930725,-0.022708524018526077,0.3646619915962219,0.22448976337909698,-0.03825787827372551,0.3763151466846466,0.17811927199363708,-0.04702753201127052,0.38337087631225586,0.13615046441555023,-0.051873013377189636,0.3050728738307953,0.2935565412044525,-0.02326473407447338,0.30531519651412964,0.1987248659133911,-0.04593168944120407,0.30720779299736023,0.14003096520900726,-0.06198215112090111,0.30520468950271606,0.09038257598876953,-0.07069698721170425,0.27370211482048035,0.3032987713813782,-0.027372946962714195,0.2768042981624603,0.2403106987476349,-0.06063728779554367,0.2946873903274536,0.28760024905204773,-0.071351058781147,0.30454570055007935,0.3253710865974426,-0.06941554695367813,0.24274879693984985,0.3232431709766388,-0.033830393105745316,0.22670873999595642,0.26277127861976624,-0.05541769415140152,0.2184794843196869,0.22312961518764496,-0.06305554509162903,0.21122567355632782,0.17916350066661835,-0.06561807543039322
pinza_izquierda,0.27527523040771484,0.4905731678009033,4.1194047639692144e-07,0.3244977295398712,0.4660201370716095,-0.030642811208963394,0.3559019863605499,0.41693419218063354,-0.044061046093702316,0.3391164541244507,0.3708178699016571,-0.056113824248313904,0.31000638008117676,0.33870622515678406,-0.06633401662111282,0.3383473753929138,0.30442097783088684,-0.02371431700885296,0.36287549138069153,0.22612391412258148,-0.04058164358139038,0.3740265965461731,0.17912177741527557,-0.0504065565764904,0.380618155002594,0.1356586217880249,-0.0560075119137764,0.30264586210250854,0.29432448744773865,-0.024960707873106003,0.3032483160495758,0.19967879354953766,-0.04884469509124756,0.305203378200531,0.14037364721298218,-0.06559719145298004,0.30356723070144653,0.08981494605541229,-0.07483057677745819,0.2711273431777954,0.3041127622127533,-0.029602300375699997,0.27515751123428345,0.24169310927391052,-0.06348459422588348,0.2933368384838104,0.28800874948501587,-0.07396363466978073,0.303703635931015,0.32508641481399536,-0.07187963277101517,0.24045254290103912,0.3250177204608917,-0.03655062988400459,0.22463750839233398,0.2649277150630951,-0.05851226672530174,0.21649260818958282,0.22580277919769287,-0.06582370400428772,0.20942983031272888,0.18294750154018402,-0.06805732846260071
pinza_izquierda,0.27234983444213867,0.4876737594604492,4.071027319696441e-07,0.32177576422691345,0.46157699823379517,-0.0297101978212595,0.35270944237709045,0.4123774766921997,-0.04276394844055176,0.33721593022346497,0.36693075299263,-0.05459655448794365,0.3075857162475586,0.33705025911331177,-0.06469366699457169,0.33418211340904236,0.300068736076355,-0.02280348725616932,0.3593291640281677,0.2212844043970108,-0.03897968679666519,0.3692556917667389,0.17314963042736053,-0.048340924084186554,0.37426435947418213,0.1293126940727234,-0.05364212021231651,0.2984837293624878,0.2904708683490753,-0.024670850485563278,0.2988762855529785,0.1957259327173233,-0.04814976081252098,0.299615740776062,0.13604937493801117,-0.06510475277900696,0.2965796887874603,0.0850820392370224,-0.07440613955259323,0.26689282059669495,0.30050742626190186,-0.029797261580824852,0.2712527811527252,0.23957908153533936,-0.06338050961494446,0.2906397581100464,0.28689563274383545,-0.07424703985452652,0.3019678592681885,0.32400915026664734,-0.07239499688148499,0.23590920865535736,0.32207199931144714,-0.03711501136422157,0.21845948696136475,0.2609744966030121,-0.05827740952372551,0.21063001453876495,0.2218536138534546,-0.0651610940694809,0.20492924749851227,0.1795646697282791,-0.06719747185707092
pinza_izquierda,0.27002009749412537,0.4875127971172333,4.0137030055120704e-07,0.31896939873695374,0.4624341130256653,-0.03085213713347912,0.3500394821166992,0.4119745194911957,-0.04367482289671898,0.3324453830718994,0.3644953668117523,-0.054923899471759796,0.30288395285606384,0.33186525106430054,-0.06433553993701935,0.3315466046333313,0.3011164665222168,-0.022735247388482094,0.35511547327041626,0.22237956523895264,-0.038193028420209885,0.36506572365760803,0.17547763884067535,-0.04683873429894447,0.3698562979698181,0.13268795609474182,-0.05173498019576073,0.2959016263484955,0.2915320098400116,-0.023469237610697746,0.2958027124404907,0.19659483432769775,-0.046307094395160675,0.2972630262374878,0.13748210668563843,-0.062294572591781616,0.2945703864097595,0.08853569626808167,-0.07092538475990295,0.26439347863197327,0.3022634983062744,-0.027666591107845306,0.26759907603263855,0.24058890342712402,-0.06062069907784462,0.2874468266963959,0.28476977348327637,-0.07139541208744049,0.2990722358226776,0.32057443261146545,-0.06971205770969391,0.2334197759628296,0.32344597578048706,-0.03412940353155136,0.21731069684028625,0.2641659677028656,-0.05566677451133728,0.2092350274324417,0.22585910558700562,-0.06322088092565536,0.2023170292377472,0.18388903141021729,-0.06574580818414688
pinza_izquierda,0.4847441613674164,0.5288132429122925,3.2390968840445566e-07,0.534774899482727,0.5106735825538635,-0.020629672333598137,0.5728181600570679,0.46618103981018066,-0.031819723546504974,0.5817076563835144,0.42181313037872314,-0.04391971603035927,0.5558478236198425,0.3937172293663025,-0.055014219135046005,0.5488685965538025,0.34696441888809204,-0.016762539744377136,0.5745017528533936,0.2761666774749756,-0.032383762300014496,0.5864142179489136,0.23720131814479828,-0.04168431833386421,0.5937355160713196,0.19576941430568695,-0.04728738218545914,0.5167983174324036,0.33784568309783936,-0.02353884093463421,0.522871196269989,0.24712558090686798,-0.04795984551310539,0.5292279720306396,0.19019795954227448,-0.06547705829143524,0.530273973941803,0.14064987003803253,-0.07529238611459732,0.4864703416824341,0.35169774293899536,-0.03267417848110199,0.5081304907798767,0.300534188747406,-0.06750866770744324,0.5364162921905518,0.34787338972091675,-0.07967788726091385,0.5526391267776489,0.384957879781723,-0.07890092581510544,0.45771723985671997,0.3765126168727875,-0.04294133558869362,0.4492267370223999,0.31942611932754517,-0.06382285803556442,0.4421860873699188,0.27918708324432373,-0.07093245536088943,0.4365774393081665,0.23869067430496216,-0.07391411811113358
pinza_izquierda,0.4874593913555145,0.5511446595191956,2.96260282084404e-07,0.5417474508285522,0.5356122851371765,-0.01989530771970749,0.5828724503517151,0.49096524715423584,-0.030035093426704407,0.5928497314453125,0.44476595520973206,-0.04116171970963478,0.5651059746742249,0.4212202727794647,-0.051403842866420746,0.5634809136390686,0.37235167622566223,-0.01490560732781887,0.5921341180801392,0.3020370900630951,-0.02934754639863968,0.6055095195770264,0.2635970711708069,-0.038288477808237076,0.6140813231468201,0.22312022745609283,-0.04375525563955307,0.5304139256477356,0.3619964122772217,-0.0214520376175642,0.539098858833313,0.27258947491645813,-0.044930607080459595,0.5461010336875916,0.21682778000831604,-0.062268175184726715,0.5472152233123779,0.16878701746463776,-0.07200199365615845,0.49877962470054626,0.3741544783115387,-0.030300693586468697,0.5219323039054871,0.32455965876579285,-0.06396335363388062,0.5489132404327393,0.37236151099205017,-0.07645636796951294,0.5641269087791443,0.4109194576740265,-0.0762283056974411,0.46852612495422363,0.3958055078983307,-0.04024079069495201,0.4628717601299286,0.3387901484966278,-0.05956117808818817,0.45746010541915894,0.2980092465877533,-0.06628907471895218,0.4540677070617676,0.25706037878990173,-0.06946168094873428
pinza_izquierda,0.4874345660209656,0.5500563979148865,3.4003807058979874e-07,0.5420099496841431,0.533313512802124,-0.01905430480837822,0.5835258364677429,0.4894731938838959,-0.028773926198482513,0.5953941941261292,0.4460987150669098,-0.04004685953259468,0.5701650381088257,0.42084407806396484,-0.05028405413031578,0.5628410577774048,0.36641883850097656,-0.012544730678200722,0.593293309211731,0.29297271370887756,-0.026462115347385406,0.6083411574363708,0.253254771232605,-0.03427209332585335,0.6177984476089478,0.21268455684185028,-0.038734838366508484,0.5302590131759644,0.35795682668685913,-0.02022886648774147,0.5390051007270813,0.26652055978775024,-0.04424900934100151,0.5468120574951172,0.20947757363319397,-0.06167421117424965,0.5476348996162415,0.1600448042154312,-0.07102678716182709,0.49873679876327515,0.37125468254089355,-0.030387667939066887,0.5232688188552856,0.32181957364082336,-0.06557582318782806,0.5511668920516968,0.37377747893333435,-0.07762722671031952,0.5663187503814697,0.412805438041687,-0.0761243999004364,0.46846839785575867,0.3941667675971985,-0.04161220043897629,0.46377307176589966,0.337188184261322,-0.06195578724145889,0.45977386832237244,0.2970316410064697,-0.06863030791282654,0.45681220293045044,0.25505709648132324,-0.07119308412075043
pinza_izquierda,0.48415055871009827,0.5444850325584412,3.1189773608275573e-07,0.5355654954910278,0.5277141332626343,-0.01854070834815502,0.5739516615867615,0.4848969578742981,-0.02850092016160488,0.5896236896514893,0.44437962770462036,-0.039930928498506546,0.5670980215072632,0.4174194037914276,-0.050011783838272095,0.5567868947982788,0.3675495982170105,-0.011140708811581135,0.586803674697876,0.2978323698043823,-0.023624474182724953,0.6004209518432617,0.26059210300445557,-0.030512208119034767,0.6087150573730469,0.22222982347011566,-0.03463469073176384,0.5252015590667725,0.35794273018836975,-0.01860961690545082,0.5328958034515381,0.2670625150203705,-0.040868449956178665,0.5398831963539124,0.21469250321388245,-0.05646851658821106,0.5410969853401184,0.1690525859594345,-0.0645144060254097,0.4945821762084961,0.3700888454914093,-0.028577327728271484,0.5172796845436096,0.32037729024887085,-0.061637308448553085,0.5443730354309082,0.3681059181690216,-0.07309260964393616,0.5598846077919006,0.4040723741054535,-0.07189160585403442,0.46572813391685486,0.39212659001350403,-0.03966294974088669,0.46074289083480835,0.3360842168331146,-0.05954335257411003,0.4561028480529785,0.29602479934692383,-0.06650886684656143,0.4533120393753052,0.25447335839271545,-0.06943529844284058
pinza_izquierda,0.4819827973842621,0.5387243032455444,3.160791948175756e-07,0.532500684261322,0.5203582644462585,-0.017163686454296112,0.5704485774040222,0.4767683744430542,-0.026274558156728745,0.5874148607254028,0.43526220321655273,-0.03701431304216385,0.5656386613845825,0.41093283891677856,-0.04654260724782944,0.5538350343704224,0.36462435126304626,-0.01053127832710743,0.5846710801124573,0.2954133152961731,-0.022644301876425743,0.5986000299453735,0.2574341297149658,-0.029176604002714157,0.6072616577148438,0.21882382035255432,-0.033021844923496246,0.5228040218353271,0.35381218791007996,-0.01859898865222931,0.5302382111549377,0.26123684644699097,-0.04004611819982529,0.5366455912590027,0.20737388730049133,-0.05479878559708595,0.5375543832778931,0.16067875921726227,-0.06234653666615486,0.4927590787410736,0.36441677808761597,-0.029065268114209175,0.5153405070304871,0.31323131918907166,-0.06126789376139641,0.5432807207107544,0.36033177375793457,-0.07228394597768784,0.5596868395805359,0.3961758315563202,-0.07097147405147552,0.4645256996154785,0.3850037753582001,-0.04060393199324608,0.4589329957962036,0.32875192165374756,-0.059530194848775864,0.4550236463546753,0.2892652750015259,-0.0660378485918045,0.45347538590431213,0.24831630289554596,-0.06883694231510162
pinza_izquierda,0.4807598292827606,0.549776554107666,2.9085677510920505e-07,0.5343776941299438,0.5351144671440125,-0.017604447901248932,0.5748274922370911,0.49292662739753723,-0.026690002530813217,0.5908174514770508,0.4518805742263794,-0.03745296597480774,0.5691685676574707,0.42559149861335754,-0.04727970436215401,0.5562365651130676,0.3742956817150116,-0.009390984661877155,0.5862141251564026,0.30354753136634827,-0.022772664204239845,0.6025662422180176,0.26673072576522827,-0.030548827722668648,0.6136173009872437,0.2301156222820282,-0.034701500087976456,0.5260024070739746,0.36584049463272095,-0.016914745792746544,0.5334321856498718,0.2753697335720062,-0.039610762149095535,0.5425434708595276,0.22207367420196533,-0.05648219957947731,0.5452492833137512,0.1754206418991089,-0.0655336081981659,0.4963565468788147,0.3776967525482178,-0.027001533657312393,0.5202993750572205,0.32686856389045715,-0.06064550206065178,0.5483510494232178,0.3738662004470825,-0.07352402061223984,0.5638723373413086,0.41029366850852966,-0.07324045151472092,0.46761760115623474,0.3981362581253052,-0.03800247609615326,0.4646380543708801,0.34083688259124756,-0.05802607536315918,0.4611889123916626,0.2991023361682892,-0.06533177942037582,0.45811960101127625,0.2567845284938812,-0.06855298578739166
pinza_izquierda,0.47463440895080566,0.5640157461166382,2.9072270990582183e-07,0.5293189287185669,0.5525584816932678,-0.016727840527892113,0.5718324780464172,0.5116583704948425,-0.025263626128435135,0.5885578989982605,0.4710666537284851,-0.0356249175965786,0.5655556917190552,0.4450637698173523,-0.04513267055153847,0.5544381737709045,0.3910551369190216,-0.008755701594054699,0.586540162563324,0.3219383656978607,-0.022095363587141037,0.603845477104187,0.28494685888290405,-0.029878394678235054,0.6152812242507935,0.2487187534570694,-0.034098636358976364,0.5233778357505798,0.38267266750335693,-0.016428444534540176,0.5335583090782166,0.2952743172645569,-0.03887500986456871,0.5435438752174377,0.24290218949317932,-0.05565817281603813,0.5461517572402954,0.19748519361019135,-0.0647699385881424,0.4935252070426941,0.39431193470954895,-0.026569386944174767,0.5186758637428284,0.3447527289390564,-0.05980819836258888,0.5445614457130432,0.39350369572639465,-0.07246481627225876,0.5579649209976196,0.431026816368103,-0.07213649898767471,0.4640248715877533,0.4148007035255432,-0.03756379336118698,0.46303415298461914,0.3612059950828552,-0.057351306080818176,0.46008601784706116,0.3210509717464447,-0.0648815706372261,0.4571487307548523,0.27900272607803345,-0.06828361749649048
pinza_izquierda,0.47149357199668884,0.7903010249137878,3.6241695511307626e-07,0.5146883130073547,0.7851048111915588,-0.019758686423301697,0.5474172234535217,0.7637218832969666,-0.033683281391859055,0.5653351545333862,0.7456120848655701,-0.048213813453912735,0.5486707091331482,0.7310454249382019,-0.06166810169816017,0.5336214303970337,0.6504663228988647,-0.021459203213453293,0.5581159591674805,0.596118688583374,-0.03766219690442085,0.5735305547714233,0.5653509497642517,-0.046373624354600906,0.5842458605766296,0.5352052450180054,-0.05110035091638565,0.5047389268875122,0.6444733738899231,-0.027589553967118263,0.5130916833877563,0.5808449983596802,-0.049998361617326736,0.5218340754508972,0.5378895401954651,-0.06459386646747589,0.5257768630981445,0.5003169178962708,-0.07224008440971375,0.47785964608192444,0.6570562124252319,-0.036073170602321625,0.5022720694541931,0.6409807205200195,-0.06873062998056412,0.5248463749885559,0.68812495470047,-0.08141252398490906,0.5378709435462952,0.7196494340896606,-0.08145246654748917,0.45340022444725037,0.6804289817810059,-0.04545028507709503,0.44549959897994995,0.6476213335990906,-0.06578005850315094,0.43713897466659546,0.6205644011497498,-0.07354884594678879,0.43121621012687683,0.5910806059837341,-0.07679791003465652
pinza_izquierda,0.4711058735847473,0.7975294589996338,3.4459029052413825e-07,0.5134291052818298,0.7931345105171204,-0.018909653648734093,0.5473520755767822,0.7755541205406189,-0.03419051691889763,0.5672755241394043,0.7581238150596619,-0.05030181631445885,0.5493578910827637,0.7444570064544678,-0.0653727650642395,0.5350678563117981,0.6600440740585327,-0.024183664470911026,0.5603067278862,0.6058976650238037,-0.04238263890147209,0.5761843323707581,0.5756975412368774,-0.05237460136413574,0.5880244970321655,0.545599639415741,-0.05817938223481178,0.5065599083900452,0.6542866826057434,-0.03109794296324253,0.5159716010093689,0.5923842191696167,-0.05517257750034332,0.5250232219696045,0.550516664981842,-0.07054298371076584,0.5298681259155273,0.5131751298904419,-0.07903768122196198,0.4794900119304657,0.6672922372817993,-0.04007866233587265,0.5047904253005981,0.6524569988250732,-0.07322955876588821,0.5271229147911072,0.6980672478675842,-0.08561918139457703,0.5397883653640747,0.7283821702003479,-0.08593938499689102,0.45539653301239014,0.6915542483329773,-0.04990397021174431,0.4503627419471741,0.6639600992202759,-0.07151538133621216,0.4433685541152954,0.6382495760917664,-0.08007781207561493,0.437441885471344,0.6087533235549927,-0.08385603129863739
pinza_izquierda,0.4700159430503845,0.8024439811706543,3.842280591470626e-07,0.5106423497200012,0.7981762886047363,-0.01972847245633602,0.5435612797737122,0.7855358719825745,-0.036667726933956146,0.5635399222373962,0.7756834030151367,-0.054553210735321045,0.5514529347419739,0.767504096031189,-0.07163327932357788,0.536308765411377,0.6667424440383911,-0.027146587148308754,0.5617851614952087,0.6137454509735107,-0.046748850494623184,0.5785690546035767,0.58458411693573,-0.057882629334926605,0.5918426513671875,0.55527663230896,-0.06453776359558105,0.5083370208740234,0.6610487103462219,-0.03475087508559227,0.5177773833274841,0.5996472835540771,-0.06031304970383644,0.5272772908210754,0.5568450689315796,-0.07720570266246796,0.5324742794036865,0.5170503258705139,-0.08682653307914734,0.480058491230011,0.6748552918434143,-0.044295575469732285,0.5045563578605652,0.6628162860870361,-0.07930885255336761,0.5264452695846558,0.7120934724807739,-0.09208987653255463,0.5389057397842407,0.7450867295265198,-0.09236086159944534,0.4549652338027954,0.7006556987762451,-0.05466410890221596,0.4506027102470398,0.6731170415878296,-0.07769761979579926,0.4459247291088104,0.6506938934326172,-0.08576150238513947,0.44179871678352356,0.6248129606246948,-0.0888424962759018
pinza_izquierda,0.47589409351348877,0.798040509223938,3.706613824761007e-07,0.516434371471405,0.7944623231887817,-0.021083315834403038,0.5493378639221191,0.782965362071991,-0.03807637095451355,0.5663583874702454,0.7710378766059875,-0.05566226691007614,0.550426721572876,0.7581146359443665,-0.07231719046831131,0.5403520464897156,0.6627476215362549,-0.02740161120891571,0.5660564303398132,0.609434962272644,-0.04620896652340889,0.5823586583137512,0.5802943110466003,-0.05659320577979088,0.5951845049858093,0.5515274405479431,-0.06283914297819138,0.5132489204406738,0.655927836894989,-0.0341351255774498,0.5231340527534485,0.5962061882019043,-0.058385737240314484,0.5326435565948486,0.5544388294219971,-0.07382992655038834,0.538313627243042,0.5162349343299866,-0.08254260569810867,0.48531803488731384,0.6696012616157532,-0.04305339232087135,0.5097575783729553,0.6570451259613037,-0.07707515358924866,0.5288984775543213,0.7073261141777039,-0.08901213854551315,0.5399366021156311,0.7412123084068298,-0.08905941247940063,0.45972633361816406,0.6960440874099731,-0.05299711972475052,0.45409029722213745,0.6699598431587219,-0.07629476487636566,0.45056670904159546,0.6487500667572021,-0.0847296416759491,0.44853681325912476,0.6247343420982361,-0.0880841538310051
pinza_izquierda,0.4763408601284027,0.7926795482635498,3.8489818621201266e-07,0.5168585181236267,0.7898146510124207,-0.018892750144004822,0.5501687526702881,0.7779023051261902,-0.03521224483847618,0.5689247846603394,0.7672985196113586,-0.05255114659667015,0.5545198917388916,0.7572197318077087,-0.0690825805068016,0.5430938601493835,0.6595789790153503,-0.025922343134880066,0.5681819915771484,0.6053456664085388,-0.0449935682117939,0.5846410393714905,0.5755939483642578,-0.05568751320242882,0.5977980494499207,0.546379566192627,-0.06211108714342117,0.5153384208679199,0.6533238291740417,-0.03388681262731552,0.5244808197021484,0.5917782783508301,-0.057790953665971756,0.5349838733673096,0.550879716873169,-0.07319105416536331,0.5417383909225464,0.5131826400756836,-0.08196280896663666,0.4870675206184387,0.6671420931816101,-0.04384554550051689,0.5112279057502747,0.6547489166259766,-0.0772145539522171,0.5326859951019287,0.703462541103363,-0.08869970589876175,0.5452057123184204,0.7355766892433167,-0.0885278582572937,0.4617100656032562,0.693568766117096,-0.05467858910560608,0.45843812823295593,0.6691011786460876,-0.07713344693183899,0.4553945064544678,0.6481673121452332,-0.0847313404083252,0.45247915387153625,0.6228659749031067,-0.08754686266183853
pinza_izquierda,0.47299522161483765,0.7925066351890564,3.8203572216843895e-07,0.5150391459465027,0.7905139327049255,-0.019456129521131516,0.5494720339775085,0.7795833945274353,-0.03646794706583023,0.5686855912208557,0.7684348821640015,-0.054314497858285904,0.5538674592971802,0.7557739019393921,-0.07128379493951797,0.5432525277137756,0.661197304725647,-0.027258943766355515,0.5690218210220337,0.608074963092804,-0.04684703052043915,0.5860594511032104,0.5788657665252686,-0.057929690927267075,0.5999977588653564,0.5495522022247314,-0.06468100100755692,0.5155797004699707,0.6540667414665222,-0.03502475470304489,0.5259028673171997,0.5932164192199707,-0.05939045175909996,0.5371158123016357,0.5529384016990662,-0.0748262032866478,0.5445756316184998,0.5156006217002869,-0.08375713229179382,0.4873567223548889,0.666807234287262,-0.044821515679359436,0.5116451978683472,0.6542612910270691,-0.07832533866167068,0.5327437520027161,0.7030683755874634,-0.08969967812299728,0.5451468229293823,0.7348772883415222,-0.0897005945444107,0.4617672562599182,0.6920744180679321,-0.05557077005505562,0.45815542340278625,0.667819082736969,-0.07817552238702774,0.45463624596595764,0.646465003490448,-0.08609528094530106,0.4516950845718384,0.6204511523246765,-0.08933884650468826
pinza_izquierda,0.46730124950408936,0.7950011491775513,3.8451170780717803e-07,0.5101261138916016,0.7924442887306213,-0.019773969426751137,0.5446935892105103,0.7817376255989075,-0.036532431840896606,0.5653455853462219,0.7745386362075806,-0.05415494740009308,0.5539997220039368,0.7638696432113647,-0.0709819346666336,0.5394905805587769,0.6619816422462463,-0.026545681059360504,0.5669024586677551,0.6105177402496338,-0.045628953725099564,0.5845338702201843,0.58221834897995,-0.05662088468670845,0.5987511873245239,0.5537095665931702,-0.06332644820213318,0.51225745677948,0.6552250385284424,-0.033946361392736435,0.5236470699310303,0.5959832668304443,-0.05839121714234352,0.5350918769836426,0.5548568964004517,-0.07441944628953934,0.5427513122558594,0.516384482383728,-0.08374802023172379,0.4836690127849579,0.6685198545455933,-0.043444469571113586,0.5092824101448059,0.6575660705566406,-0.07727748900651932,0.5294739007949829,0.7079660296440125,-0.08917205035686493,0.5413992404937744,0.7405698299407959,-0.08931920677423477,0.45787620544433594,0.694291889667511,-0.05391527712345123,0.45466282963752747,0.6678586006164551,-0.0767478346824646,0.451747864484787,0.6459682583808899,-0.08489911258220673,0.45010730624198914,0.6202534437179565,-0.08816276490688324
pinza_izquierda,0.4713837802410126,0.7950126528739929,3.848354026558809e-07,0.5124815702438354,0.791928768157959,-0.020368818193674088,0.5451506972312927,0.7824575304985046,-0.038389500230550766,0.5657404065132141,0.7759605050086975,-0.05709213390946388,0.5541125535964966,0.7671851515769958,-0.07499109208583832,0.5415521860122681,0.6642526388168335,-0.029908746480941772,0.5686570405960083,0.6131933331489563,-0.04949554428458214,0.5854185819625854,0.5854746103286743,-0.06047303229570389,0.599672257900238,0.5575464367866516,-0.06734314560890198,0.5135851502418518,0.6566263437271118,-0.03729763254523277,0.5246546864509583,0.6003446578979492,-0.06199294328689575,0.5357958078384399,0.5607259273529053,-0.07743745297193527,0.5438308715820312,0.5242959856987,-0.08659336715936661,0.48467665910720825,0.6694279909133911,-0.04669630527496338,0.5089713335037231,0.6605533957481384,-0.07998289912939072,0.5299451351165771,0.7098742723464966,-0.0917760357260704,0.5429845452308655,0.7429706454277039,-0.09252318739891052,0.4588949382305145,0.6954293847084045,-0.05710486322641373,0.4547519087791443,0.6718382239341736,-0.07964888960123062,0.4512867331504822,0.6512133479118347,-0.0879082977771759,0.4491230249404907,0.6272208094596863,-0.09163114428520203
pinza_izquierda,0.474267840385437,0.7886240482330322,3.897031035648979e-07,0.5167388916015625,0.7883512377738953,-0.017805365845561028,0.5498035550117493,0.7782292366027832,-0.03458569571375847,0.571051299571991,0.7739999890327454,-0.05269847810268402,0.5599730014801025,0.7687835693359375,-0.0702446773648262,0.5476909875869751,0.6618679165840149,-0.027322610840201378,0.574099063873291,0.6117391586303711,-0.04671458899974823,0.5912458300590515,0.5842338800430298,-0.0577692873775959,0.6063027381896973,0.5568176507949829,-0.06514010578393936,0.519103467464447,0.654208779335022,-0.03646775335073471,0.5291140079498291,0.6005862355232239,-0.06155639514327049,0.5418303608894348,0.5632734298706055,-0.07691061496734619,0.551891565322876,0.5283257365226746,-0.08617617934942245,0.49059614539146423,0.6677983999252319,-0.047658611088991165,0.5153852105140686,0.6601833701133728,-0.0816749706864357,0.5365052223205566,0.7117628455162048,-0.09326046705245972,0.5500068068504333,0.7450379133224487,-0.09395454823970795,0.4653105139732361,0.6945951581001282,-0.059774454683065414,0.4620160460472107,0.6760256886482239,-0.08406827598810196,0.45810097455978394,0.6566892862319946,-0.09367110580205917,0.4557773172855377,0.6322206854820251,-0.09836908429861069
pinza_izquierda,0.743220865726471,0.40019237995147705,3.61929863856858e-07,0.7967597246170044,0.3910396695137024,-0.012330872938036919,0.840800940990448,0.3611263036727905,-0.0177640188485384,0.874759316444397,0.33508771657943726,-0.026612741872668266,0.8907774090766907,0.28844764828681946,-0.033947136253118515,0.8145047426223755,0.250798761844635,0.011884097941219807,0.8478338718414307,0.19307327270507812,0.0063646333292126656,0.8699067234992981,0.16481953859329224,0.004007261712104082,0.8886530995368958,0.13863244652748108,0.0037550218403339386,0.8006138801574707,0.23614461719989777,0.001585749676451087,0.8243489265441895,0.14392471313476562,-0.013325044885277748,0.8458104729652405,0.09430572390556335,-0.026624450460076332,0.8629200458526611,0.05656003952026367,-0.03301936760544777,0.7819300293922424,0.23599055409431458,-0.01294970978051424,0.8271759152412415,0.19235163927078247,-0.04255744442343712,0.8595597147941589,0.23402518033981323,-0.05754055082798004,0.8782050013542175,0.26777929067611694,-0.05917873606085777,0.7621176242828369,0.24085871875286102,-0.028092339634895325,0.7820262908935547,0.18098431825637817,-0.04725980386137962,0.8050875663757324,0.14778614044189453,-0.05574728175997734,0.826623260974884,0.12026502192020416,-0.05971192941069603
pinza_izquierda,0.7411156892776489,0.41375142335891724,4.2405645217513666e-07,0.793814480304718,0.4070145785808563,-0.013943157158792019,0.838515043258667,0.3791407644748688,-0.019296925514936447,0.8719280362129211,0.3534144163131714,-0.027769457548856735,0.889991044998169,0.30664506554603577,-0.03459613397717476,0.8149793744087219,0.2687729597091675,0.012478313408792019,0.8495736718177795,0.2116696834564209,0.008354750461876392,0.8722800612449646,0.18365752696990967,0.0068403445184230804,0.8923326134681702,0.15716607868671417,0.007324043661355972,0.8012827634811401,0.25295352935791016,0.003146138973534107,0.8278838992118835,0.16152556240558624,-0.009578047320246696,0.849488377571106,0.10989202558994293,-0.021701660007238388,0.8658008575439453,0.07083581387996674,-0.02706165611743927,0.7821492552757263,0.250532329082489,-0.010654672048985958,0.8293408751487732,0.21079781651496887,-0.03878754749894142,0.8581811189651489,0.2568175494670868,-0.05240887776017189,0.8736016154289246,0.29316791892051697,-0.052516501396894455,0.7615227699279785,0.25132516026496887,-0.02532789297401905,0.784946084022522,0.19137346744537354,-0.04272457957267761,0.8107998967170715,0.15945664048194885,-0.049952756613492966,0.8349215984344482,0.13336557149887085,-0.052764300256967545
pinza_izquierda,0.7462248802185059,0.4133986532688141,3.658289529084868e-07,0.7994797229766846,0.403582900762558,-0.015082123689353466,0.843708872795105,0.372663289308548,-0.020842021331191063,0.8767852187156677,0.3439236581325531,-0.029446108266711235,0.8941934108734131,0.2972200810909271,-0.03647991642355919,0.8167096376419067,0.2609623074531555,0.009814305230975151,0.8484631776809692,0.20100823044776917,0.0049768975004553795,0.8683264851570129,0.17127938568592072,0.0033867480233311653,0.8857765197753906,0.14253416657447815,0.003588804742321372,0.8023363351821899,0.24659131467342377,0.0007844189531169832,0.8265142440795898,0.15437287092208862,-0.013056647032499313,0.8459614515304565,0.10306327044963837,-0.02539551444351673,0.8605267405509949,0.06337974965572357,-0.03112778253853321,0.7830004096031189,0.24677899479866028,-0.012696949765086174,0.8282934427261353,0.20536544919013977,-0.042092904448509216,0.8602664470672607,0.24869196116924286,-0.0569755882024765,0.8788575530052185,0.284027099609375,-0.05823559686541557,0.7625259757041931,0.2502998113632202,-0.02697773464024067,0.7842028737068176,0.18884356319904327,-0.04581177979707718,0.808581531047821,0.15830537676811218,-0.05385992303490639,0.8307963609695435,0.13486915826797485,-0.057356417179107666
pinza_izquierda,0.7346483469009399,0.4175666272640228,3.7430433508234273e-07,0.7878283262252808,0.40745264291763306,-0.014724139124155045,0.8329837322235107,0.3750622868537903,-0.021251171827316284,0.8677636981010437,0.3487798273563385,-0.03073939122259617,0.8825423717498779,0.3017982244491577,-0.03839149326086044,0.8075920343399048,0.262609601020813,0.00766643974930048,0.8418676257133484,0.19898530840873718,0.0025973098818212748,0.8630510568618774,0.16819679737091064,0.001682015717960894,0.8798104524612427,0.13888433575630188,0.002348927315324545,0.7926433682441711,0.2492561787366867,-0.0015165682416409254,0.8165924549102783,0.15435132384300232,-0.016022460535168648,0.8367074728012085,0.10253426432609558,-0.027461739256978035,0.8511807322502136,0.06160332262516022,-0.032465267926454544,0.7735505104064941,0.2506985664367676,-0.014964723959565163,0.818354606628418,0.20355266332626343,-0.044084981083869934,0.8514702320098877,0.24714922904968262,-0.05761617794632912,0.869866132736206,0.2818715572357178,-0.05817953124642372,0.7534377574920654,0.2572636902332306,-0.029353467747569084,0.7742666006088257,0.19953207671642303,-0.04867924377322197,0.7977402806282043,0.16745778918266296,-0.05751277506351471,0.8192527294158936,0.13962315022945404,-0.061622634530067444
pinza_izquierda,0.7327764630317688,0.42145854234695435,3.810135638104839e-07,0.7862492203712463,0.41122686862945557,-0.01401293184608221,0.8323204517364502,0.378738671541214,-0.020048780366778374,0.8677537441253662,0.35261285305023193,-0.029136352241039276,0.881197452545166,0.30617958307266235,-0.036420341581106186,0.8066501617431641,0.26701000332832336,0.007104066200554371,0.8422054052352905,0.20312824845314026,0.0018262660596519709,0.8640052080154419,0.17283585667610168,0.0010840053437277675,0.8807665705680847,0.14387694001197815,0.002065584994852543,0.7920701503753662,0.25417760014533997,-0.002578040352091193,0.8192426562309265,0.15840794146060944,-0.017377572134137154,0.8406373262405396,0.10635538399219513,-0.028524184599518776,0.854659914970398,0.06620457768440247,-0.03308975324034691,0.7727996110916138,0.2560647428035736,-0.016412435099482536,0.8184238076210022,0.20924712717533112,-0.04536215960979462,0.8510661125183105,0.2541532516479492,-0.05826147645711899,0.8687666654586792,0.29045310616493225,-0.05830136686563492,0.7523417472839355,0.2627093195915222,-0.03120192512869835,0.7752081155776978,0.20465916395187378,-0.05014463886618614,0.7990066409111023,0.17142733931541443,-0.058548565953969955,0.8206009268760681,0.1423855572938919,-0.062406040728092194
pinza_izquierda,0.734210193157196,0.41417819261550903,3.6555732663146046e-07,0.7896906733512878,0.40377405285835266,-0.01267256774008274,0.8360986709594727,0.3749925494194031,-0.01891430839896202,0.8711414933204651,0.35133469104766846,-0.02847461588680744,0.8869738578796387,0.3047957718372345,-0.03652840852737427,0.8114573359489441,0.2583078145980835,0.007962066680192947,0.8468313813209534,0.1959197223186493,0.002556490944698453,0.8682454824447632,0.16625146567821503,0.0009263424435630441,0.8862086534500122,0.13668859004974365,0.0012647733092308044,0.7965899109840393,0.2443261444568634,-0.00262430333532393,0.8221641182899475,0.14973536133766174,-0.017645273357629776,0.8427486419677734,0.0981224924325943,-0.030031705275177956,0.8582428693771362,0.05684596300125122,-0.03561984747648239,0.7771319150924683,0.2464936375617981,-0.017072366550564766,0.8266037702560425,0.20691046118736267,-0.04649065062403679,0.8582006692886353,0.2541095018386841,-0.05896293371915817,0.8749473094940186,0.2904803454875946,-0.058410800993442535,0.7574094533920288,0.25442418456077576,-0.03231116384267807,0.7834157347679138,0.19340302050113678,-0.05070115998387337,0.8104037642478943,0.16150781512260437,-0.05717514827847481,0.8346738219261169,0.1348198503255844,-0.05939299240708351
pinza_izquierda,0.7246317267417908,0.5348025560379028,3.343891421536682e-07,0.780733048915863,0.5312362909317017,-0.010212668217718601,0.8276947140693665,0.5065343976020813,-0.016360316425561905,0.8615016937255859,0.4913879930973053,-0.02578219585120678,0.882188081741333,0.46106070280075073,-0.033725887537002563,0.8114620447158813,0.38426846265792847,0.0021417445968836546,0.8518934845924377,0.32857102155685425,-0.006530404556542635,0.8757898211479187,0.30230778455734253,-0.010212951339781284,0.8946863412857056,0.27635836601257324,-0.01130443811416626,0.7959136366844177,0.37267282605171204,-0.00947741698473692,0.8311779499053955,0.28775811195373535,-0.028211386874318123,0.8570559620857239,0.24276983737945557,-0.04246652126312256,0.8753331899642944,0.2041582465171814,-0.049191996455192566,0.7763616442680359,0.3778661787509918,-0.02401634305715561,0.8315092325210571,0.3529587388038635,-0.05616998299956322,0.8603087663650513,0.40738528966903687,-0.06852070987224579,0.8727586269378662,0.4462219476699829,-0.06751523911952972,0.7573201060295105,0.3920767903327942,-0.03893320634961128,0.7863757610321045,0.3404329717159271,-0.05885802209377289,0.8115118145942688,0.30954810976982117,-0.06560584902763367,0.8330943584442139,0.2813538908958435,-0.06783414632081985
pinza_izquierda,0.7194039821624756,0.5124348998069763,3.108138173502084e-07,0.7755779027938843,0.5087472796440125,-0.008286249823868275,0.8218863010406494,0.48408013582229614,-0.012973807752132416,0.8569591045379639,0.4679538905620575,-0.021435169503092766,0.8765300512313843,0.4344441890716553,-0.02855760045349598,0.8053063154220581,0.36528462171554565,0.006842672359198332,0.8444617986679077,0.3089340925216675,-0.0006886695045977831,0.8682222366333008,0.2828519344329834,-0.004090056288987398,0.8864006400108337,0.25707802176475525,-0.0050052436999976635,0.7909641861915588,0.35324981808662415,-0.005254825577139854,0.8254185318946838,0.26519477367401123,-0.02291008271276951,0.8511129021644592,0.21954381465911865,-0.0369955413043499,0.8689424395561218,0.18039220571517944,-0.04366305470466614,0.7717954516410828,0.35654082894325256,-0.02035132795572281,0.8246012926101685,0.3281422257423401,-0.05157032981514931,0.852776825428009,0.38239866495132446,-0.06403110176324844,0.864730954170227,0.42173802852630615,-0.0632111206650734,0.752231776714325,0.3678670823574066,-0.03566122055053711,0.7804232239723206,0.3157244026660919,-0.05510763078927994,0.8052560687065125,0.2862280011177063,-0.06156668812036514,0.8261008858680725,0.25985777378082275,-0.06358633935451508
pinza_izquierda,0.7221279740333557,0.5049916505813599,3.616012804741331e-07,0.776647686958313,0.500338077545166,-0.011541732586920261,0.8221791982650757,0.4762149751186371,-0.018794184550642967,0.8570321798324585,0.459475576877594,-0.02940661832690239,0.8772662281990051,0.42253735661506653,-0.03846612945199013,0.8070770502090454,0.35437479615211487,0.0040006088092923164,0.8461741209030151,0.2987578809261322,-0.0033644377253949642,0.8692598938941956,0.27192550897598267,-0.006356420926749706,0.887774646282196,0.244637131690979,-0.007048923056572676,0.7921683192253113,0.34171992540359497,-0.007392093073576689,0.8260003328323364,0.25601106882095337,-0.024774111807346344,0.8508062362670898,0.20890142023563385,-0.03845281898975372,0.8683111667633057,0.16884227097034454,-0.04490991681814194,0.7724928259849548,0.345626562833786,-0.02208327315747738,0.8255764842033386,0.3181602358818054,-0.05317021533846855,0.8548727035522461,0.3728004992008209,-0.06558049470186234,0.8683419227600098,0.4125172793865204,-0.06482656300067902,0.7526888847351074,0.35764187574386597,-0.03731336072087288,0.7815649509429932,0.30475348234176636,-0.05606186389923096,0.8070465326309204,0.2742375433444977,-0.06247016414999962,0.8287497758865356,0.2467578649520874,-0.0646919533610344
pinza_izquierda,0.7180449962615967,0.5078328847885132,3.326832995753648e-07,0.7747859358787537,0.5050145387649536,-0.009410691447556019,0.8217105865478516,0.4802086353302002,-0.01556671503931284,0.8563235998153687,0.4640837609767914,-0.025621844455599785,0.8769710063934326,0.42993468046188354,-0.03437337279319763,0.8058672547340393,0.3579314351081848,0.005080146715044975,0.8455324769020081,0.3004012107849121,-0.0027725857216864824,0.870071530342102,0.2734580934047699,-0.0059767551720142365,0.88936847448349,0.24729543924331665,-0.006428329739719629,0.7915793657302856,0.34635862708091736,-0.007588216569274664,0.8263825178146362,0.257670521736145,-0.02499845251441002,0.852243185043335,0.21230702102184296,-0.03843257576227188,0.8707207441329956,0.17394261062145233,-0.04437269642949104,0.7726336717605591,0.35043132305145264,-0.023425722494721413,0.8279285430908203,0.3233979344367981,-0.05498094856739044,0.8568030595779419,0.37817636132240295,-0.06684046238660812,0.8688119053840637,0.4174559414386749,-0.06515666842460632,0.7541670799255371,0.36291074752807617,-0.03964493051171303,0.7868136763572693,0.30703529715538025,-0.0584782212972641,0.8134207725524902,0.27472731471061707,-0.06400032341480255,0.8351556062698364,0.24542543292045593,-0.06527234613895416
pinza_izquierda,0.7210301160812378,0.5300382375717163,3.1523060783911205e-07,0.7786483764648438,0.5257182121276855,-0.008265435695648193,0.8259868025779724,0.5022436380386353,-0.013121994212269783,0.8596277832984924,0.48802268505096436,-0.022243451327085495,0.8824552893638611,0.45769888162612915,-0.03006700798869133,0.8104974031448364,0.38397204875946045,0.007979928515851498,0.8524636030197144,0.32628658413887024,0.0013454322470352054,0.877669095993042,0.30083614587783813,-0.00144967099186033,0.8976494669914246,0.27443835139274597,-0.0022038365714251995,0.7951782941818237,0.37114056944847107,-0.004999535623937845,0.8285025954246521,0.28110864758491516,-0.022111801430583,0.8514963984489441,0.23324385285377502,-0.03585456311702728,0.8677796125411987,0.19263412058353424,-0.04223325103521347,0.7759972214698792,0.3750755786895752,-0.02112852782011032,0.8341495990753174,0.3477216064929962,-0.053101547062397,0.8585606217384338,0.4051204025745392,-0.06473369151353836,0.8680897355079651,0.4438464641571045,-0.0628444105386734,0.7584038972854614,0.3869657814502716,-0.037603702396154404,0.7928609848022461,0.33573704957962036,-0.058094870299100876,0.8203508853912354,0.30557331442832947,-0.0648491159081459,0.8444466590881348,0.2761799395084381,-0.06680940091609955
pinza_izquierda,0.725825309753418,0.5423853397369385,3.001380264322506e-07,0.7850090265274048,0.5427035093307495,-0.0026103404816240072,0.8325386047363281,0.5223540663719177,-0.004863705486059189,0.8679818511009216,0.5103923678398132,-0.01293729618191719,0.8897789120674133,0.47879496216773987,-0.020139407366514206,0.8213751316070557,0.40167319774627686,0.016881614923477173,0.8645340204238892,0.34756845235824585,0.01295155193656683,0.8902668952941895,0.3230038285255432,0.011496501974761486,0.9107191562652588,0.2983540892601013,0.011441823095083237,0.8067891001701355,0.3884710967540741,0.0011106166057288647,0.8427882790565491,0.30099961161613464,-0.013912159949541092,0.8680402636528015,0.2553018033504486,-0.02669711969792843,0.886009156703949,0.21774953603744507,-0.03253861144185066,0.7882205247879028,0.39114439487457275,-0.01777459681034088,0.8465121388435364,0.36838531494140625,-0.04816371202468872,0.8695185780525208,0.4276145100593567,-0.05957527831196785,0.8775472044944763,0.46821463108062744,-0.05783073976635933,0.7706048488616943,0.40163418650627136,-0.036688532680273056,0.8073574900627136,0.3530558943748474,-0.05692672356963158,0.8355200886726379,0.32546892762184143,-0.06399836391210556,0.8593769669532776,0.29964858293533325,-0.06623932719230652
pinza_izquierda,0.7105409502983093,0.863321840763092,6.192177437469581e-08,0.7851973176002502,0.8398002982139587,0.017171863466501236,0.8266105651855469,0.8064543008804321,0.012974813580513,0.8579412698745728,0.7925615906715393,0.0008058842504397035,0.8833870887756348,0.7843828797340393,-0.011860275641083717,0.7668460607528687,0.6929386854171753,0.002045248867943883,0.823246419429779,0.6271088123321533,-0.0102071613073349,0.8584773540496826,0.5909562706947327,-0.0192086324095726,0.8845584392547607,0.5590620040893555,-0.028410358354449272,0.7572515606880188,0.7049315571784973,-0.02123735472559929,0.8468258380889893,0.692320704460144,-0.04865538701415062,0.8584049344062805,0.7412959933280945,-0.057131677865982056,0.8517001867294312,0.7693853378295898,-0.05952509865164757,0.761256992816925,0.7339789271354675,-0.04339710623025894,0.8476206064224243,0.7085747718811035,-0.0660046637058258,0.8618006706237793,0.7497932314872742,-0.06084774434566498,0.8580886721611023,0.7745378017425537,-0.054763615131378174,0.7749495506286621,0.7714084386825562,-0.064763642847538,0.8235400319099426,0.7404582500457764,-0.08273417502641678,0.850595235824585,0.7328003644943237,-0.08403804153203964,0.8715056777000427,0.7244042158126831,-0.08385030180215836
pinza_izquierda,0.6826521158218384,0.8899819254875183,2.51739777468174e-07,0.753136157989502,0.8916344046592712,0.01836935058236122,0.7996393442153931,0.8668786883354187,0.022572077810764313,0.8384537100791931,0.8586114048957825,0.01851491816341877,0.8736770153045654,0.8571645617485046,0.013832630589604378,0.7741605043411255,0.7409282922744751,0.023286180570721626,0.8204978704452515,0.6860912442207336,0.02308468706905842,0.8435287475585938,0.6475688815116882,0.020881833508610725,0.8613549470901489,0.6139942407608032,0.015967046841979027,0.7651858329772949,0.7362440824508667,0.00017117690003942698,0.8238281011581421,0.6704580187797546,-0.007248885929584503,0.8566311001777649,0.6289600729942322,-0.016625503078103065,0.8831335306167603,0.5936911702156067,-0.024004491046071053,0.7630828619003296,0.7578252553939819,-0.023078128695487976,0.8381769061088562,0.7255029678344727,-0.03846359997987747,0.8634207248687744,0.7256298661231995,-0.04873921722173691,0.8802989721298218,0.7164466977119446,-0.055305611342191696,0.7696624398231506,0.7964547276496887,-0.04505070671439171,0.8209362030029297,0.7813335061073303,-0.06239570304751396,0.8554278612136841,0.7829657196998596,-0.07127480953931808,0.8882838487625122,0.7857519388198853,-0.07747109234333038
pinza_izquierda,0.7204025983810425,0.871589183807373,3.663692496047588e-07,0.7976049184799194,0.864372968673706,0.009083851240575314,0.8408786654472351,0.8457867503166199,0.0052444529719650745,0.8751327395439148,0.8458808660507202,-0.006853518076241016,0.8998311161994934,0.830379068851471,-0.01840859279036522,0.8100118041038513,0.7164421677589417,0.01620442420244217,0.8539727926254272,0.659250020980835,0.008654606528580189,0.8776419758796692,0.6189688444137573,0.001085938885807991,0.8960564732551575,0.5845304131507874,-0.006089075468480587,0.7958610653877258,0.7115322351455688,-0.0052977814339101315,0.8493173122406006,0.6449472904205322,-0.01852511055767536,0.8794135451316833,0.6052869558334351,-0.030820468440651894,0.906173050403595,0.5733017921447754,-0.03928425535559654,0.7888301014900208,0.7289199233055115,-0.028067464008927345,0.8629587292671204,0.7060256600379944,-0.04931553825736046,0.8815987706184387,0.7320034503936768,-0.05635441467165947,0.8898513913154602,0.7482661008834839,-0.057475894689559937,0.79229336977005,0.7641142010688782,-0.05092190206050873,0.8457375764846802,0.7484690546989441,-0.0696951150894165,0.8815913200378418,0.75108802318573,-0.07545725256204605,0.9127160310745239,0.7566606998443604,-0.07763443887233734
pinza_izquierda,0.7128132581710815,0.8655413389205933,3.055355364267598e-07,0.7888439297676086,0.8643601536750793,0.013741052709519863,0.8333040475845337,0.8431631326675415,0.014042885042726994,0.8666642308235168,0.8417118787765503,0.005408464930951595,0.8978018760681152,0.837376058101654,-0.003052010200917721,0.8044983148574829,0.7130775451660156,0.01776670105755329,0.8521561622619629,0.6555890440940857,0.011754338629543781,0.878493070602417,0.6168379783630371,0.006902124732732773,0.899870753288269,0.5834035873413086,0.0022272467613220215,0.7924221754074097,0.7091590762138367,-0.005261475220322609,0.848932147026062,0.643653392791748,-0.019412029534578323,0.8820467591285706,0.6048121452331543,-0.03081486001610756,0.9106615781784058,0.5752264261245728,-0.03749696910381317,0.7867010831832886,0.7284387350082397,-0.028954386711120605,0.8640859723091125,0.7209855318069458,-0.05426459386944771,0.8793410658836365,0.7654474377632141,-0.06157461926341057,0.884132444858551,0.7959322929382324,-0.060010965913534164,0.7918933629989624,0.7633761763572693,-0.05180298537015915,0.8455795049667358,0.7456080317497253,-0.07225587218999863,0.8807402849197388,0.7502526044845581,-0.07759179174900055,0.9110249876976013,0.7583368420600891,-0.07830344885587692
pinza_izquierda,0.7144021391868591,0.8729490041732788,2.7944901148657664e-07,0.7876384854316711,0.8728969097137451,0.013885029591619968,0.832247793674469,0.8500333428382874,0.01410853210836649,0.8662693500518799,0.8477795124053955,0.0059694633819162846,0.8980818390846252,0.8422925472259521,-0.0017626964254304767,0.809948742389679,0.7235128879547119,0.013242214918136597,0.8573103547096252,0.6644672155380249,0.00810764729976654,0.8831729888916016,0.6262063384056091,0.004233045969158411,0.9021543860435486,0.5909702777862549,-0.00011905535939149559,0.7984757423400879,0.7194885611534119,-0.009804352186620235,0.854750394821167,0.6542283892631531,-0.022945793345570564,0.889102578163147,0.614321768283844,-0.03238778933882713,0.9170888066291809,0.5829625129699707,-0.03818944841623306,0.7915053963661194,0.7391676902770996,-0.033099930733442307,0.8695096373558044,0.7338364124298096,-0.056961651891469955,0.8784355521202087,0.7869505882263184,-0.059728171676397324,0.8767880797386169,0.8215032815933228,-0.0553915873169899,0.7939819693565369,0.7751922607421875,-0.05573185160756111,0.8458324670791626,0.7573338150978088,-0.07640666514635086,0.8809484243392944,0.7596335411071777,-0.08057018369436264,0.9110715985298157,0.7648217678070068,-0.08058613538742065
pinza_izquierda,0.718453049659729,0.8683896660804749,3.076690404668625e-07,0.7945425510406494,0.8676776885986328,0.009060604497790337,0.8397018909454346,0.8497698903083801,0.006602548062801361,0.8726063370704651,0.8484505414962769,-0.0037716978695243597,0.9037280082702637,0.8443519473075867,-0.01367549505084753,0.8128523826599121,0.720977246761322,0.009778987616300583,0.8621407151222229,0.6648077368736267,0.0004423505160957575,0.8889639377593994,0.626563310623169,-0.006213745102286339,0.9105915427207947,0.5918340682983398,-0.011785327456891537,0.8003726005554199,0.7177281975746155,-0.011474543251097202,0.8566403388977051,0.6568872928619385,-0.02939451113343239,0.8898844718933105,0.6183049082756042,-0.042148157954216,0.9193774461746216,0.5864157676696777,-0.04928497225046158,0.793503999710083,0.7376580238342285,-0.03357430547475815,0.8721798658370972,0.738956093788147,-0.0627560168504715,0.8878240585327148,0.7896880507469177,-0.07025901973247528,0.8928694128990173,0.8236287236213684,-0.06766245514154434,0.796739399433136,0.7731576561927795,-0.05509059131145477,0.8501835465431213,0.7582400441169739,-0.07756684720516205,0.8854738473892212,0.7623564004898071,-0.08320692926645279,0.915810763835907,0.7700835466384888,-0.08360324800014496
pinza_izquierda,0.7178851366043091,0.8626149296760559,3.6213194221090816e-07,0.7952538132667542,0.8654035329818726,0.0126322777941823,0.8419800996780396,0.8473091721534729,0.00987652875483036,0.8772361874580383,0.8453409075737,-0.0013123165117576718,0.8996835350990295,0.8356454968452454,-0.01255828607827425,0.8154696822166443,0.719925045967102,0.010712244547903538,0.8639043569564819,0.6644315719604492,0.003745856462046504,0.8898534178733826,0.6260956525802612,-0.0026747516822069883,0.9106407165527344,0.5923530459403992,-0.009141487069427967,0.8005704283714294,0.7151745557785034,-0.012492627836763859,0.8580609560012817,0.6530559062957764,-0.025083521381020546,0.8921206593513489,0.6155977249145508,-0.035753000527620316,0.9208359718322754,0.585483729839325,-0.043445196002721786,0.7930616140365601,0.7333635091781616,-0.0359024703502655,0.8689055442810059,0.7165789008140564,-0.05544797331094742,0.8839367628097534,0.7421538233757019,-0.06053639203310013,0.8886411190032959,0.7560311555862427,-0.060978855937719345,0.7979271411895752,0.7708230018615723,-0.05910203978419304,0.8538165092468262,0.7541271448135376,-0.07605769485235214,0.8894890546798706,0.7610297203063965,-0.080086350440979,0.9194021224975586,0.7719007730484009,-0.08161364495754242
pinza_izquierda,0.7151522636413574,0.8609194159507751,3.143536275729275e-07,0.7886119484901428,0.865312933921814,0.01100113894790411,0.8344314098358154,0.8452445268630981,0.009452331811189651,0.8696014881134033,0.8432022333145142,-1.2051572412019596e-05,0.9044230580329895,0.8412966728210449,-0.009389596991240978,0.8112980723381042,0.7153056859970093,0.01144377514719963,0.8615922927856445,0.6640169620513916,0.005092519801110029,0.8882694244384766,0.6261837482452393,-0.00041468703420832753,0.9102504253387451,0.5937827229499817,-0.006229989696294069,0.7979181408882141,0.7101731300354004,-0.01001642644405365,0.8551172018051147,0.6506450176239014,-0.023830009624361992,0.8895120620727539,0.6130224466323853,-0.03467705845832825,0.9189491271972656,0.5846767425537109,-0.04199797287583351,0.7913506627082825,0.730121374130249,-0.03203224763274193,0.8692463040351868,0.7200419902801514,-0.055338822305202484,0.8866277933120728,0.751859724521637,-0.0633290484547615,0.8935794234275818,0.7711249589920044,-0.06468737870454788,0.7963763475418091,0.7671011090278625,-0.0534929595887661,0.8521312475204468,0.7562533020973206,-0.07472947984933853,0.8876377940177917,0.7638428807258606,-0.08234865963459015,0.9185489416122437,0.773824155330658,-0.08567176014184952
pinza_izquierda,0.7591733932495117,0.8773109316825867,1.294753246838809e-07,0.857266366481781,0.8270609378814697,0.036813877522945404,0.9063999056816101,0.7698985934257507,0.038181256502866745,0.9465237259864807,0.7466119527816772,0.025403350591659546,0.9811738729476929,0.7330271005630493,0.011204603128135204,0.8332797884941101,0.6353925466537476,0.019066162407398224,0.8951294422149658,0.5477584600448608,-0.009179539978504181,0.9221792817115784,0.5628688931465149,-0.031123505905270576,0.9369326829910278,0.5905535221099854,-0.04574296995997429,0.8201915621757507,0.6510382890701294,-0.023180020973086357,0.8941317796707153,0.5340829491615295,-0.051554467529058456,0.937828540802002,0.4734569787979126,-0.07530689239501953,0.9706546664237976,0.426846444606781,-0.09168463945388794,0.8232046961784363,0.6871732473373413,-0.06583914160728455,0.8833910822868347,0.5532236695289612,-0.0906667709350586,0.9169744849205017,0.48037296533584595,-0.1098918616771698,0.9409352540969849,0.41698434948921204,-0.12454196065664291,0.8467104434967041,0.7279403805732727,-0.10583994537591934,0.8799503445625305,0.643973171710968,-0.13168217241764069,0.8995958566665649,0.5778000354766846,-0.14717629551887512,0.9182524681091309,0.5163363218307495,-0.15902040898799896
pinza_izquierda,0.5892831087112427,0.665740966796875,4.1470505607321684e-07,0.6591395139694214,0.6504004597663879,-0.002867564093321562,0.7104357481002808,0.6240134239196777,-0.014017695561051369,0.7476853132247925,0.611649215221405,-0.03080170601606369,0.7816876173019409,0.5999513864517212,-0.04747450351715088,0.686366617679596,0.4820185899734497,-0.005603052210062742,0.7339200377464294,0.41400888562202454,-0.02309534326195717,0.7561282515525818,0.3692479133605957,-0.03552057594060898,0.7725967168807983,0.32643479108810425,-0.04529033601284027,0.6656326651573181,0.4707725942134857,-0.02448248118162155,0.7143799662590027,0.38252222537994385,-0.046925123780965805,0.7438631057739258,0.32828015089035034,-0.06366001069545746,0.7657245397567749,0.27987074851989746,-0.07542368769645691,0.6446278691291809,0.48184677958488464,-0.04504159837961197,0.7104066014289856,0.4323263168334961,-0.07326871156692505,0.741584062576294,0.4467828869819641,-0.08379784971475601,0.7594761252403259,0.45302948355674744,-0.08742274343967438,0.6280920505523682,0.5086674094200134,-0.06634482741355896,0.6699731349945068,0.4701348841190338,-0.09103642404079437,0.7048096656799316,0.4532672166824341,-0.10055812448263168,0.7364436984062195,0.44024381041526794,-0.10522542893886566
pinza_izquierda,0.6446042060852051,0.6528958678245544,8.249928384884697e-08,0.7295175790786743,0.6304432153701782,0.026924295350909233,0.7779864072799683,0.599206268787384,0.029432376846671104,0.8152572512626648,0.5899128913879395,0.020451437681913376,0.8498989939689636,0.5838823914527893,0.011025544255971909,0.7319766283035278,0.4686696529388428,0.03218970447778702,0.8026845455169678,0.44066187739372253,0.010134205222129822,0.8281949758529663,0.4810611605644226,-0.010700162500143051,0.8361005187034607,0.5203841924667358,-0.02235126681625843,0.7209440469741821,0.4587000012397766,-0.0003356045635882765,0.7900644540786743,0.38152968883514404,-0.01197007019072771,0.8291798830032349,0.3384815454483032,-0.02769441157579422,0.8548403382301331,0.3053978681564331,-0.04057478532195091,0.7133229374885559,0.4726032018661499,-0.035513702780008316,0.7781002521514893,0.39175689220428467,-0.0475299246609211,0.8150641322135925,0.3407319486141205,-0.06022423505783081,0.8402159810066223,0.2961004674434662,-0.07057206332683563,0.7166656255722046,0.5032431483268738,-0.06958101689815521,0.760246753692627,0.4363079071044922,-0.08036450296640396,0.7837489247322083,0.3879562020301819,-0.08493439853191376,0.8026257753372192,0.3463658094406128,-0.08933616429567337
pinza_izquierda,0.6508203148841858,0.6474166512489319,8.29466131335721e-08,0.7366593480110168,0.62664794921875,0.024087965488433838,0.7828103303909302,0.5959970355033875,0.024379536509513855,0.8189354538917542,0.5864272713661194,0.013481061905622482,0.8524373173713684,0.577696681022644,0.002461625263094902,0.7361457347869873,0.46106427907943726,0.029136473312973976,0.8074836730957031,0.4357801675796509,0.0012257564812898636,0.8334728479385376,0.48317205905914307,-0.024221455678343773,0.8383356332778931,0.5307612419128418,-0.037339456379413605,0.7248324155807495,0.45177146792411804,-0.0023705312050879,0.7930861115455627,0.3745056986808777,-0.016734056174755096,0.8323725461959839,0.3299027681350708,-0.03480656445026398,0.8576083779335022,0.2949368953704834,-0.04923509061336517,0.7175983786582947,0.4669870436191559,-0.03704649209976196,0.7836674451828003,0.387442946434021,-0.05096450448036194,0.8213856816291809,0.3357667326927185,-0.0645349770784378,0.8466836810112,0.29126036167144775,-0.07502887398004532,0.7213773131370544,0.4974150061607361,-0.07089771330356598,0.7681904435157776,0.43248891830444336,-0.08207084238529205,0.7952104210853577,0.38514435291290283,-0.08652783930301666,0.8181039094924927,0.3441956341266632,-0.09067980945110321
pinza_izquierda,0.6494046449661255,0.6400644779205322,3.0995400379651983e-07,0.7322291731834412,0.6154012084007263,0.027789268642663956,0.7820424437522888,0.5803934335708618,0.031063778325915337,0.8183786273002625,0.5700309872627258,0.022191733121871948,0.8521943688392639,0.5555877685546875,0.010762108489871025,0.7361499071121216,0.44573312997817993,0.03633827343583107,0.7908185124397278,0.3768731653690338,0.02976192906498909,0.8220604658126831,0.3339692950248718,0.02193714864552021,0.8456564545631409,0.29762864112854004,0.013688760809600353,0.7244581580162048,0.4381731152534485,0.0010848185047507286,0.7902255654335022,0.3643065094947815,-0.011456825770437717,0.8305339813232422,0.33230435848236084,-0.024204816669225693,0.8553240299224854,0.31079670786857605,-0.03326995298266411,0.7174293398857117,0.44890668988227844,-0.035787858068943024,0.7796577215194702,0.36728939414024353,-0.046554069966077805,0.8186297416687012,0.3160076439380646,-0.055554162710905075,0.8441564440727234,0.2742866575717926,-0.06366781890392303,0.7198067903518677,0.47495609521865845,-0.07206766307353973,0.7677299380302429,0.4030776917934418,-0.08288320153951645,0.7977434992790222,0.35353735089302063,-0.08846571296453476,0.8198332190513611,0.3136305809020996,-0.09423752874135971
pinza_izquierda,0.6650841236114502,0.6017596125602722,3.24422273934033e-07,0.748753547668457,0.5798738598823547,0.024064965546131134,0.7958722710609436,0.5411450266838074,0.027035925537347794,0.8310076594352722,0.5282019972801208,0.018425805494189262,0.8672236204147339,0.5142375230789185,0.008011643774807453,0.7487398982048035,0.40504106879234314,0.03642590716481209,0.801979124546051,0.3402898907661438,0.024274388328194618,0.8338770866394043,0.30877721309661865,0.011842255480587482,0.8540079593658447,0.2895324230194092,0.002350820694118738,0.7360100150108337,0.3967556357383728,0.004526682198047638,0.7992488741874695,0.3157806396484375,-0.009483522735536098,0.8392789363861084,0.2721933126449585,-0.024514194577932358,0.8641210794448853,0.24160240590572357,-0.03500435873866081,0.7294332385063171,0.4075487554073334,-0.029793648049235344,0.7909261584281921,0.3240571916103363,-0.04228353872895241,0.829785943031311,0.2700325846672058,-0.053603395819664,0.8549998998641968,0.22710290551185608,-0.0623210184276104,0.7329700589179993,0.43315204977989197,-0.06379425525665283,0.7821414470672607,0.3641971945762634,-0.0749250203371048,0.8127913475036621,0.31565696001052856,-0.08126023411750793,0.8355746269226074,0.27595484256744385,-0.08703675121068954
pinza_izquierda,0.6752532720565796,0.5869404077529907,3.1129405897445395e-07,0.7561044692993164,0.5637401342391968,0.024245815351605415,0.804307222366333,0.5259253978729248,0.028684139251708984,0.8420023918151855,0.5095994472503662,0.021575622260570526,0.8742966651916504,0.48804736137390137,0.013095444068312645,0.7608810067176819,0.3912568688392639,0.042844146490097046,0.8139150738716125,0.32805025577545166,0.03267025202512741,0.8462668061256409,0.3008105754852295,0.019814038649201393,0.8673003911972046,0.2825848460197449,0.01017734780907631,0.7480964660644531,0.37960565090179443,0.01118188165128231,0.8053563237190247,0.2926180958747864,0.002707956125959754,0.8441401720046997,0.23972256481647491,-0.011068649590015411,0.8698237538337708,0.2012256383895874,-0.022364512085914612,0.7395741939544678,0.3874020576477051,-0.023519162088632584,0.797286331653595,0.30351686477661133,-0.03314552083611488,0.8355268836021423,0.24725042283535004,-0.044352661818265915,0.8617458939552307,0.20178934931755066,-0.05397138372063637,0.740997850894928,0.41068294644355774,-0.05802984535694122,0.7897680997848511,0.3414517939090729,-0.06691114604473114,0.8200231194496155,0.2942415475845337,-0.07170376926660538,0.8436487317085266,0.25448620319366455,-0.07697755098342896
pinza_izquierda,0.6834251284599304,0.5546029210090637,3.9583571265211503e-07,0.7656630277633667,0.532974123954773,0.022118661552667618,0.8168918490409851,0.49428796768188477,0.026569539681077003,0.857243537902832,0.47533056139945984,0.019238600507378578,0.8893400430679321,0.44830021262168884,0.010086677968502045,0.7754276990890503,0.3580274283885956,0.047441910952329636,0.8231572508811951,0.29073017835617065,0.04263265058398247,0.8519708514213562,0.2510640621185303,0.03296167775988579,0.8734768629074097,0.21544814109802246,0.023755665868520737,0.7613041996955872,0.34531059861183167,0.015088760294020176,0.8160405158996582,0.2525958716869354,0.007468918338418007,0.8537482619285583,0.19954359531402588,-0.007637533359229565,0.8778496384620667,0.1649695783853531,-0.019270099699497223,0.7492080926895142,0.3506454825401306,-0.020477786660194397,0.8055135607719421,0.2663211226463318,-0.03008776158094406,0.8436635136604309,0.21232274174690247,-0.04231668636202812,0.868699312210083,0.1707911193370819,-0.05220866575837135,0.7453028559684753,0.37246716022491455,-0.05615682899951935,0.7944607138633728,0.29947006702423096,-0.06584307551383972,0.8258929252624512,0.2532440721988678,-0.07144355028867722,0.8502864837646484,0.21556736528873444,-0.0770685076713562
pinza_izquierda,0.6833399534225464,0.5579378008842468,2.7252895051788073e-07,0.7684608101844788,0.5317832827568054,0.02750413864850998,0.8175671100616455,0.4922199547290802,0.03349640965461731,0.8568410873413086,0.47312256693840027,0.026399627327919006,0.8912350535392761,0.44961273670196533,0.018329394981265068,0.770653486251831,0.35667654871940613,0.05300738289952278,0.8256894946098328,0.2934574484825134,0.04216383025050163,0.8575375080108643,0.28136777877807617,0.027867497876286507,0.8760594129562378,0.2804429531097412,0.01817896217107773,0.7584248781204224,0.3455246090888977,0.0190473310649395,0.8155287504196167,0.2545569837093353,0.012641865760087967,0.8529470562934875,0.1989898532629013,-0.0009035167749971151,0.8772773742675781,0.15941859781742096,-0.01204928569495678,0.7497256398200989,0.35369351506233215,-0.018815843388438225,0.808906614780426,0.26496633887290955,-0.02684377320110798,0.8454132080078125,0.204747274518013,-0.03701774403452873,0.8693603277206421,0.15667079389095306,-0.04604043439030647,0.750277578830719,0.3769088387489319,-0.05662400275468826,0.7991796135902405,0.3060055375099182,-0.06488954275846481,0.8284485936164856,0.2557828426361084,-0.06886925548315048,0.8514081239700317,0.21273863315582275,-0.07341787219047546
pinza_izquierda,0.6996920108795166,0.5292654037475586,3.3572021607142233e-07,0.7814555168151855,0.5065416693687439,0.023790746927261353,0.8301430940628052,0.4677281379699707,0.029192538931965828,0.8691167831420898,0.4477139115333557,0.022253908216953278,0.9023033380508423,0.416559100151062,0.01415936928242445,0.7898369431495667,0.3306615948677063,0.05479174852371216,0.8392102718353271,0.26676562428474426,0.04738258197903633,0.8690323233604431,0.24097666144371033,0.034623902291059494,0.8885807394981384,0.22268171608448029,0.024994852021336555,0.7769668698310852,0.31757503747940063,0.022354261949658394,0.8287011384963989,0.22397220134735107,0.0174925047904253,0.8643439412117004,0.16775892674922943,0.003930001985281706,0.8883073925971985,0.1277618259191513,-0.007245907559990883,0.7653011083602905,0.3227434754371643,-0.01433939766138792,0.8206576108932495,0.23532931506633759,-0.022320296615362167,0.8575221300125122,0.1767578125,-0.03322794288396835,0.8819358348846436,0.12960167229175568,-0.04257998615503311,0.7603882551193237,0.34429529309272766,-0.051205962896347046,0.8097859025001526,0.2742322087287903,-0.059754565358161926,0.8409761190414429,0.22701135277748108,-0.06392970681190491,0.8649722337722778,0.18589454889297485,-0.06859391927719116
pinza_izquierda,0.7094585299491882,0.489940345287323,3.092574729635089e-07,0.7902070879936218,0.47355449199676514,0.029185127466917038,0.8412322402000427,0.42914146184921265,0.03255153074860573,0.8796555995941162,0.409856915473938,0.021634235978126526,0.9132330417633057,0.3751480281352997,0.008810792118310928,0.7966640591621399,0.2958706319332123,0.06273868680000305,0.8412226438522339,0.21786624193191528,0.06209210678935051,0.8732858896255493,0.18354687094688416,0.051802776753902435,0.8954067826271057,0.15597064793109894,0.03942862153053284,0.7859057188034058,0.28736311197280884,0.024386567994952202,0.8501960039138794,0.24189817905426025,-0.003898635972291231,0.8872761726379395,0.28039902448654175,-0.028752833604812622,0.9010375738143921,0.32304343581199646,-0.038907717913389206,0.7752685546875,0.2913413941860199,-0.016652315855026245,0.8301976919174194,0.2027996927499771,-0.030345454812049866,0.8694561123847961,0.14860138297080994,-0.0456584133207798,0.8937078714370728,0.1023784726858139,-0.056812822818756104,0.7677709460258484,0.3076798617839813,-0.05714540183544159,0.8147417902946472,0.2339077740907669,-0.0631510391831398,0.8482727408409119,0.18512342870235443,-0.06742759048938751,0.8734306693077087,0.13936291635036469,-0.07361119240522385
pinza_izquierda,0.7001615166664124,0.4567561149597168,3.4036057172670553e-07,0.7754296660423279,0.4426109492778778,0.02479589730501175,0.8283424377441406,0.39800697565078735,0.02682810090482235,0.8664838075637817,0.37732750177383423,0.015654955059289932,0.9004093408584595,0.33723339438438416,0.003251170041039586,0.7894057035446167,0.26493048667907715,0.06268178671598434,0.8303235173225403,0.19201642274856567,0.06320986896753311,0.861677885055542,0.16141611337661743,0.0535438247025013,0.8843786716461182,0.13339804112911224,0.04174249619245529,0.7778857350349426,0.2537519335746765,0.026103856042027473,0.8380586504936218,0.20508348941802979,-0.0005379137583076954,0.8741426467895508,0.24434009194374084,-0.024428408592939377,0.8882466554641724,0.2879787087440491,-0.03323903679847717,0.7642406821250916,0.2547166645526886,-0.01363744493573904,0.8151005506515503,0.16688033938407898,-0.026691995561122894,0.8567072749137878,0.11334061622619629,-0.04154589772224426,0.8844377994537354,0.06815162301063538,-0.05171123147010803,0.752432107925415,0.2701367139816284,-0.05314211547374725,0.7977109551429749,0.19703109562397003,-0.0573459267616272,0.8301417231559753,0.15104149281978607,-0.05942162126302719,0.8539906144142151,0.10842277109622955,-0.06375638395547867
pinza_izquierda,0.6717026829719543,0.4448891878128052,3.5988449553769897e-07,0.7441976070404053,0.4295305907726288,0.0022399353329092264,0.7971064448356628,0.3912438750267029,0.0034970932174474,0.8360545039176941,0.36332663893699646,-0.003905871883034706,0.867571234703064,0.31974297761917114,-0.010488579981029034,0.7629421949386597,0.25745493173599243,0.03843550384044647,0.8045606017112732,0.1879749745130539,0.03244203329086304,0.8322688937187195,0.15280462801456451,0.02681756392121315,0.8557601571083069,0.12289288640022278,0.025275833904743195,0.7509089112281799,0.24253155291080475,0.016739655286073685,0.7913680672645569,0.13850383460521698,0.0013134290929883718,0.8259648084640503,0.0846039205789566,-0.016985658556222916,0.8537887334823608,0.04783269762992859,-0.025885803624987602,0.732944905757904,0.24208545684814453,-0.009867428801953793,0.796198844909668,0.20190709829330444,-0.04206359386444092,0.8324176669120789,0.247781440615654,-0.060268912464380264,0.8510200381278992,0.28538644313812256,-0.06163681671023369,0.7176564931869507,0.25043588876724243,-0.036135949194431305,0.7596740126609802,0.1751948595046997,-0.05282397195696831,0.7901884913444519,0.13051341474056244,-0.05744461342692375,0.8124520778656006,0.09320242702960968,-0.05775896832346916
pinza_izquierda,0.6641755700111389,0.4422436058521271,3.3040345215340494e-07,0.7380071878433228,0.42330485582351685,0.012047268450260162,0.7909534573554993,0.3862552046775818,0.017109809443354607,0.8319289684295654,0.3588649332523346,0.011687836609780788,0.8620412945747375,0.31829583644866943,0.006027292460203171,0.7602033019065857,0.2561796009540558,0.05026960000395775,0.8055261969566345,0.1932685226202011,0.04900946468114853,0.8340644836425781,0.1613224297761917,0.04457792639732361,0.8596934080123901,0.13487733900547028,0.04173101857304573,0.7488826513290405,0.24119733273983002,0.024067891761660576,0.7925068736076355,0.14478574693202972,0.01612560823559761,0.8297045230865479,0.09605301916599274,0.0019700461998581886,0.8607043027877808,0.06510481238365173,-0.006669215392321348,0.7314221262931824,0.2400389164686203,-0.006859888788312674,0.7923697233200073,0.18524843454360962,-0.027201253920793533,0.8294603824615479,0.2012961506843567,-0.041750289499759674,0.8511765003204346,0.2156585454940796,-0.046791642904281616,0.7164866328239441,0.24964827299118042,-0.0377659797668457,0.7598254680633545,0.17638728022575378,-0.05080733820796013,0.7897066473960876,0.1302894651889801,-0.05622519552707672,0.8126016855239868,0.09105561673641205,-0.059699684381484985
pinza_izquierda,0.5284743309020996,0.4632095694541931,2.8454996936488897e-07,0.5928942561149597,0.4487667381763458,-0.011600203812122345,0.6491590738296509,0.40004903078079224,-0.0126759372651577,0.6879941821098328,0.3628855049610138,-0.017576156184077263,0.7093374729156494,0.3148336112499237,-0.02090851403772831,0.6265392303466797,0.26587286591529846,0.01466346438974142,0.6677228808403015,0.19388818740844727,0.006163382902741432,0.6937922239303589,0.1613614708185196,0.0002265405491925776,0.7161298394203186,0.1309695690870285,-0.0010082600638270378,0.6106467843055725,0.25316277146339417,0.0028835253324359655,0.6499268412590027,0.15107932686805725,-0.013732112012803555,0.6870231032371521,0.10458970069885254,-0.029290255159139633,0.7176138758659363,0.0676194429397583,-0.03644856438040733,0.5875498056411743,0.2544889748096466,-0.013393675908446312,0.6462652683258057,0.2060818374156952,-0.04608098417520523,0.675948441028595,0.26215046644210815,-0.059479739516973495,0.6881937980651855,0.3064038157463074,-0.057497330009937286,0.5633642673492432,0.2634585499763489,-0.03045705333352089,0.5991295576095581,0.1819230020046234,-0.04838080704212189,0.6260910034179688,0.1327063888311386,-0.052976157516241074,0.6477766036987305,0.0896066278219223,-0.05324987322092056
pinza_izquierda,0.3547125458717346,0.5628939867019653,3.8142621860970394e-07,0.4208891689777374,0.5494703054428101,-0.02215626649558544,0.4845243990421295,0.49489378929138184,-0.029802771285176277,0.5247406959533691,0.45158851146698,-0.039461731910705566,0.5313276052474976,0.3984467387199402,-0.047015704214572906,0.47090819478034973,0.3546485900878906,-0.0038988240994513035,0.5124478340148926,0.27252957224845886,-0.022131096571683884,0.5380060076713562,0.23106569051742554,-0.0329403281211853,0.559359073638916,0.19305013120174408,-0.03654022142291069,0.442012220621109,0.3346863389015198,-0.013352978974580765,0.4754106104373932,0.2119186818599701,-0.0382220596075058,0.5072311162948608,0.1563720405101776,-0.054008178412914276,0.5337454676628113,0.10892961919307709,-0.05943363904953003,0.40840503573417664,0.33641618490219116,-0.027738742530345917,0.4643421769142151,0.2700091600418091,-0.06791990250349045,0.49202579259872437,0.33667466044425964,-0.07613193243741989,0.5039333701133728,0.3873567283153534,-0.06802965700626373,0.3737368881702423,0.34874722361564636,-0.044118862599134445,0.4047483205795288,0.27032798528671265,-0.06751181185245514,0.4297008812427521,0.2224361002445221,-0.07082076370716095,0.4536103308200836,0.1734987497329712,-0.06862766295671463
pinza_izquierda,0.15806593000888824,0.6783494353294373,3.8200840890567633e-07,0.24209436774253845,0.6677730083465576,-0.014415855519473553,0.3159317970275879,0.6129103899002075,-0.024902185425162315,0.36259734630584717,0.5704748630523682,-0.03968670219182968,0.3513912260532379,0.5339891314506531,-0.0533488430082798,0.2958143353462219,0.4474587142467499,-0.011999184265732765,0.3377269208431244,0.3498363792896271,-0.032680392265319824,0.36454683542251587,0.30739980936050415,-0.04369255155324936,0.38889017701148987,0.26859185099601746,-0.04976506531238556,0.2593398988246918,0.43714284896850586,-0.02925960160791874,0.2921139597892761,0.31008660793304443,-0.060524821281433105,0.32903987169265747,0.2582138776779175,-0.07932259887456894,0.36008745431900024,0.20811116695404053,-0.08955997973680496,0.22024351358413696,0.4495861828327179,-0.04980156570672989,0.2788013815879822,0.3768354058265686,-0.0950387492775917,0.31436601281166077,0.45141854882240295,-0.1043555736541748,0.332307904958725,0.5054495930671692,-0.09952650219202042,0.18349963426589966,0.4740336537361145,-0.07184895128011703,0.21343979239463806,0.39469510316848755,-0.1014501303434372,0.23721560835838318,0.3397432565689087,-0.11078242212533951,0.2590891718864441,0.2804057002067566,-0.11522594839334488
pinza_izquierda,0.14021827280521393,0.8339925408363342,6.331007398330257e-07,0.2327152043581009,0.8185727596282959,-0.05612792819738388,0.2919192314147949,0.7394835352897644,-0.08232997357845306,0.2566378712654114,0.6712000370025635,-0.10688141733407974,0.1833222508430481,0.644749641418457,-0.12953084707260132,0.2696925699710846,0.5257807374000549,-0.04618149623274803,0.2982458472251892,0.38488680124282837,-0.07694162428379059,0.316403329372406,0.30855298042297363,-0.09493880718946457,0.32638251781463623,0.23312929272651672,-0.10674647986888885,0.20114760100841522,0.5031558871269226,-0.04894936457276344,0.19409416615962982,0.35245758295059204,-0.09464939683675766,0.19519299268722534,0.25664278864860535,-0.1264343112707138,0.18815994262695312,0.16234561800956726,-0.14491404592990875,0.1420232653617859,0.5229731798171997,-0.057619065046310425,0.1360524594783783,0.4334897994995117,-0.12071584165096283,0.16332672536373138,0.5392574071884155,-0.1410742551088333,0.17783686518669128,0.6123214364051819,-0.13894253969192505,0.0822179913520813,0.5676104426383972,-0.07051850110292435,0.045060932636260986,0.4770420491695404,-0.11211086064577103,0.016442805528640747,0.4151321351528168,-0.1276627629995346,-0.009057372808456421,0.34263676404953003,-0.13464906811714172
pinza_izquierda,0.27308163046836853,0.7941778898239136,5.794599928776734e-07,0.3526313900947571,0.776412308216095,-0.042090561240911484,0.4166337847709656,0.7085364460945129,-0.06499248743057251,0.4218190908432007,0.6359125971794128,-0.08689449727535248,0.3697197437286377,0.6019571423530579,-0.10716797411441803,0.39116618037223816,0.5003239512443542,-0.04339434951543808,0.43076109886169434,0.37435436248779297,-0.07281480729579926,0.45017826557159424,0.3046136498451233,-0.0895235538482666,0.46436089277267456,0.23761475086212158,-0.10062528401613235,0.33110442757606506,0.48559632897377014,-0.051370829343795776,0.33947527408599854,0.3417780101299286,-0.09189509600400925,0.35218167304992676,0.25591301918029785,-0.12037430703639984,0.35856059193611145,0.17718768119812012,-0.13836626708507538,0.2753202021121979,0.5075576901435852,-0.06343617290258408,0.29705125093460083,0.4098273515701294,-0.12251484394073486,0.3339794874191284,0.4993551969528198,-0.14312134683132172,0.3574860692024231,0.5698729753494263,-0.14418931305408478,0.2208881378173828,0.5521261096000671,-0.07782178372144699,0.19462496042251587,0.4683201014995575,-0.12059032171964645,0.17479658126831055,0.40925687551498413,-0.1390119194984436,0.15956604480743408,0.3411594033241272,-0.14873938262462616
pinza_izquierda,0.3412837088108063,0.7462411522865295,5.270609335639165e-07,0.43099910020828247,0.7268845438957214,-0.03800326958298683,0.5022380352020264,0.6499812602996826,-0.05825939401984215,0.5199124217033386,0.5677136182785034,-0.0786755159497261,0.4691619575023651,0.534207284450531,-0.0978020504117012,0.47304701805114746,0.44332355260849,-0.04170038178563118,0.5159551501274109,0.3151097893714905,-0.07360390573740005,0.5358092784881592,0.24104247987270355,-0.09389746189117432,0.5495339035987854,0.1658608615398407,-0.10869136452674866,0.41473156213760376,0.42851805686950684,-0.05363280698657036,0.42711856961250305,0.2731393575668335,-0.09779012948274612,0.44332411885261536,0.17989903688430786,-0.12906862795352936,0.45189180970191956,0.09514614939689636,-0.1493675708770752,0.3600466847419739,0.4531913697719574,-0.06926057487726212,0.39241737127304077,0.34977400302886963,-0.130264550447464,0.4322643280029297,0.43871667981147766,-0.14877797663211823,0.4556674063205719,0.5093802809715271,-0.14849956333637238,0.3073905408382416,0.4995152950286865,-0.08742185682058334,0.29173678159713745,0.4156848192214966,-0.1314450055360794,0.27920711040496826,0.3519185781478882,-0.1494605839252472,0.26929911971092224,0.27813267707824707,-0.1592787653207779
pinza_izquierda,0.5177944898605347,0.7213636636734009,6.012419362377841e-07,0.6092198491096497,0.6960046291351318,-0.023599691689014435,0.6729877591133118,0.6108211278915405,-0.03961733728647232,0.7087857127189636,0.5423399209976196,-0.0608404316008091,0.6662918329238892,0.5149856805801392,-0.08033443987369537,0.6292284727096558,0.4111640751361847,-0.013501967303454876,0.6744846701622009,0.3004741966724396,-0.036635152995586395,0.7010030746459961,0.2391381859779358,-0.05052125081419945,0.7190292477607727,0.17929399013519287,-0.060838550329208374,0.5787895321846008,0.40659019351005554,-0.03236441686749458,0.5981641411781311,0.2653226852416992,-0.07254723459482193,0.6228104829788208,0.18049737811088562,-0.10086023807525635,0.637346625328064,0.10079437494277954,-0.11785909533500671,0.5345870852470398,0.43596968054771423,-0.05548283830285072,0.5777374505996704,0.3452034592628479,-0.11297119408845901,0.6289594769477844,0.43323084712028503,-0.13128335773944855,0.6591887474060059,0.4961755871772766,-0.13044236600399017,0.4947718381881714,0.48261791467666626,-0.08054612576961517,0.4853978753089905,0.39945071935653687,-0.11823058128356934,0.47747644782066345,0.3294788599014282,-0.13547152280807495,0.4748481512069702,0.2522122859954834,-0.14605353772640228
pinza_izquierda,0.6415236592292786,0.721956729888916,6.454890808527125e-07,0.7227368354797363,0.6885323524475098,-0.0319497212767601,0.7836840152740479,0.615857720375061,-0.05701446533203125,0.8263534307479858,0.5625447034835815,-0.08506377786397934,0.7929567098617554,0.534859299659729,-0.111550472676754,0.7299832105636597,0.4376949369907379,-0.030907075852155685,0.762641191482544,0.3205419182777405,-0.056559279561042786,0.7810827493667603,0.25944703817367554,-0.07008227705955505,0.7910045385360718,0.19839540123939514,-0.079176165163517,0.686577320098877,0.436457097530365,-0.04497695714235306,0.6935673356056213,0.29585587978363037,-0.08375237137079239,0.7109290957450867,0.2117685079574585,-0.10819663107395172,0.72061687707901,0.1317252516746521,-0.12216559052467346,0.6488251686096191,0.466640830039978,-0.06312216818332672,0.6900984644889832,0.37812715768814087,-0.115482397377491,0.7441493272781372,0.4452853798866272,-0.1310393214225769,0.7757428884506226,0.49391818046569824,-0.12958958745002747,0.6148515939712524,0.5135170221328735,-0.0838874951004982,0.6081911325454712,0.4362185299396515,-0.11664802581071854,0.6030767560005188,0.37579619884490967,-0.1301349550485611,0.5994827747344971,0.31133580207824707,-0.138064906001091
pinza_izquierda,0.6523319482803345,0.7656340599060059,6.020454179633816e-07,0.7352099418640137,0.7357004284858704,-0.028121935203671455,0.7936707139015198,0.686995267868042,-0.05375394970178604,0.8350161910057068,0.6541147232055664,-0.08070389926433563,0.8123838305473328,0.6292207837104797,-0.10641803592443466,0.7447949051856995,0.5240414142608643,-0.046979356557130814,0.7812560200691223,0.417294442653656,-0.07522556185722351,0.8035187721252441,0.36096715927124023,-0.0907457172870636,0.8198918104171753,0.30318933725357056,-0.10230445861816406,0.7044122219085693,0.5250499248504639,-0.06069163233041763,0.7171518206596375,0.4008781313896179,-0.10054698586463928,0.7400217056274414,0.32793664932250977,-0.12526868283748627,0.7578362822532654,0.2591110169887543,-0.14107637107372284,0.6698364615440369,0.5563410520553589,-0.07651139050722122,0.7198774218559265,0.48736047744750977,-0.12735235691070557,0.7723522782325745,0.54915452003479,-0.14338655769824982,0.8037297129631042,0.5906100869178772,-0.14517837762832642,0.6440016627311707,0.604646623134613,-0.09409473836421967,0.645423948764801,0.5461927056312561,-0.13070674240589142,0.648134708404541,0.49851053953170776,-0.14697420597076416,0.6525687575340271,0.44627562165260315,-0.15699124336242676
pinza_izquierda,0.6124070286750793,0.8050150871276855,5.415465693658916e-07,0.6888841390609741,0.7779664993286133,-0.0229173731058836,0.7420893311500549,0.7308328151702881,-0.04575943574309349,0.778958261013031,0.6969674825668335,-0.07042689621448517,0.7590139508247375,0.6824862360954285,-0.09402582794427872,0.7001549601554871,0.5740618705749512,-0.0447668582201004,0.7349839210510254,0.47533348202705383,-0.07320013642311096,0.7571589946746826,0.42313164472579956,-0.08888071030378342,0.7743571400642395,0.37209928035736084,-0.10060930997133255,0.6623210906982422,0.5768517851829529,-0.05966448411345482,0.6760677695274353,0.4634495973587036,-0.09878364950418472,0.70000159740448,0.3974306583404541,-0.12217360734939575,0.7193230986595154,0.33711788058280945,-0.1374872475862503,0.6289281249046326,0.6079095602035522,-0.07615730166435242,0.6758959293365479,0.545686662197113,-0.12330937385559082,0.7241861820220947,0.6035958528518677,-0.13684700429439545,0.7543846368789673,0.6440569162368774,-0.13836757838726044,0.6043591499328613,0.6546509861946106,-0.0941619798541069,0.6037822961807251,0.6025716662406921,-0.1284950226545334,0.6058209538459778,0.5597023963928223,-0.1433403342962265,0.6104031205177307,0.5123603343963623,-0.15265943109989166
pinza_izquierda,0.5032081604003906,0.8378937244415283,5.113907945997198e-07,0.5770602822303772,0.8229951858520508,-0.024796081706881523,0.628208577632904,0.7754784226417542,-0.04517427459359169,0.6606742143630981,0.7459083199501038,-0.06740117073059082,0.632875919342041,0.7379398941993713,-0.08812867105007172,0.603297770023346,0.6038795709609985,-0.034781403839588165,0.6415619254112244,0.5094034075737,-0.05912338197231293,0.665196418762207,0.4618741273880005,-0.07172296941280365,0.6832857131958008,0.41603559255599976,-0.08135628700256348,0.5608551502227783,0.6031312942504883,-0.04876939207315445,0.5700920820236206,0.4911884367465973,-0.08330422639846802,0.5922935009002686,0.42846590280532837,-0.10373429954051971,0.607699990272522,0.3737177848815918,-0.11700614541769028,0.5232270956039429,0.6330537796020508,-0.06580319255590439,0.565107524394989,0.5774884223937988,-0.11363472044467926,0.6091018915176392,0.6510058641433716,-0.1293221116065979,0.6341862678527832,0.7024444341659546,-0.13130676746368408,0.49095234274864197,0.6789023280143738,-0.08448315411806107,0.4874134659767151,0.6362047791481018,-0.12134620547294617,0.4803193211555481,0.5961134433746338,-0.13891184329986572,0.4740959405899048,0.5478473901748657,-0.1498495191335678
pinza_izquierda,0.39944225549697876,0.8631232976913452,5.069195481155475e-07,0.475555419921875,0.8617260456085205,-0.03291354328393936,0.5385494232177734,0.8259250521659851,-0.05530259758234024,0.560027539730072,0.792707085609436,-0.07969594746828079,0.5135889053344727,0.7714937925338745,-0.10310567915439606,0.5181763172149658,0.6393744945526123,-0.028726501390337944,0.5500543117523193,0.5451616644859314,-0.055594272911548615,0.5720018744468689,0.4955122768878937,-0.07184658199548721,0.5865311026573181,0.44635361433029175,-0.08353781700134277,0.47041046619415283,0.6329004764556885,-0.04134546220302582,0.47750911116600037,0.5189491510391235,-0.07982351630926132,0.4927530586719513,0.45609307289123535,-0.1051274761557579,0.49672725796699524,0.40101009607315063,-0.12019623070955276,0.4309716522693634,0.6554135084152222,-0.05880964174866676,0.45490390062332153,0.6011200547218323,-0.11208061128854752,0.48586827516555786,0.68454909324646,-0.13127082586288452,0.5030023455619812,0.7352436780929565,-0.1323632448911667,0.39100703597068787,0.696794867515564,-0.07863929867744446,0.3783377707004547,0.6523446440696716,-0.11601027846336365,0.36039459705352783,0.6171390414237976,-0.13273069262504578,0.34447595477104187,0.5700007081031799,-0.14151129126548767
pinza_izquierda,0.2921828031539917,0.8788277506828308,4.2411318190715974e-07,0.3674941062927246,0.8922111392021179,-0.03420814871788025,0.4237021803855896,0.8593119978904724,-0.04606287553906441,0.41937151551246643,0.8252420425415039,-0.059332169592380524,0.36558979749679565,0.8008777499198914,-0.07449165731668472,0.411091148853302,0.6670745611190796,-0.011225108057260513,0.4286630153656006,0.5757608413696289,-0.02733568847179413,0.4442986249923706,0.5269593596458435,-0.04004029184579849,0.4550774097442627,0.4770336151123047,-0.05027949810028076,0.3588472604751587,0.6494452953338623,-0.018313350155949593,0.35034358501434326,0.5414896607398987,-0.04321962967514992,0.3499603569507599,0.48052310943603516,-0.06630214303731918,0.3415718078613281,0.4261012077331543,-0.08036863058805466,0.3115864396095276,0.6680457592010498,-0.030264023691415787,0.31487512588500977,0.6282534003257751,-0.07829013466835022,0.33262956142425537,0.718100905418396,-0.09954791516065598,0.34268784523010254,0.7735165953636169,-0.10087737441062927,0.26580697298049927,0.7069644331932068,-0.04413653910160065,0.2722162902355194,0.6789880990982056,-0.08313701301813126,0.27459508180618286,0.711752712726593,-0.09330905973911285,0.27301928400993347,0.731839656829834,-0.09391853213310242
pinza_izquierda,0.2303568422794342,0.882705807685852,6.189563919178909e-07,0.2880120277404785,0.8781247138977051,-0.04340441897511482,0.33429279923439026,0.8396662473678589,-0.06577465683221817,0.31546398997306824,0.8045300245285034,-0.08780638873577118,0.2620738744735718,0.7891892790794373,-0.10934840887784958,0.31773269176483154,0.6686381101608276,-0.035771094262599945,0.3412966728210449,0.5782842636108398,-0.06172121688723564,0.3573800325393677,0.5220688581466675,-0.07733818888664246,0.3676489591598511,0.47125113010406494,-0.08630479872226715,0.26459652185440063,0.6518140435218811,-0.037565361708402634,0.25972574949264526,0.55289626121521,-0.0732697993516922,0.25871506333351135,0.4894421100616455,-0.09768818318843842,0.2530885934829712,0.4329604506492615,-0.10963953286409378,0.2148701399564743,0.665865421295166,-0.043891534209251404,0.21275694668293,0.6263332366943359,-0.09463468939065933,0.22808878123760223,0.703709065914154,-0.11164291203022003,0.23409272730350494,0.7555155158042908,-0.10829746723175049,0.16444602608680725,0.6964344382286072,-0.05279750004410744,0.14546635746955872,0.6433577537536621,-0.08540089428424835,0.1262887418270111,0.6233380436897278,-0.09346547722816467,0.1045878678560257,0.5979592204093933,-0.09325204789638519
pinza_izquierda,0.1905755251646042,0.8197328448295593,5.214266138864332e-07,0.256925106048584,0.80497145652771,-0.04392809048295021,0.30294138193130493,0.7479600310325623,-0.06573667377233505,0.27207809686660767,0.6974724531173706,-0.08607739955186844,0.21137821674346924,0.674393892288208,-0.10502511262893677,0.28657758235931396,0.581186056137085,-0.036561936140060425,0.3064410388469696,0.4744579792022705,-0.060143209993839264,0.3204132914543152,0.4149339497089386,-0.07298752665519714,0.32644084095954895,0.3590482175350189,-0.08127725124359131,0.2315063774585724,0.5644919276237488,-0.03896109759807587,0.22022251784801483,0.44839298725128174,-0.07334746420383453,0.2168506681919098,0.3800192177295685,-0.0964076966047287,0.20640060305595398,0.31427258253097534,-0.1091134250164032,0.18495774269104004,0.581647515296936,-0.046004265546798706,0.17889109253883362,0.5176891684532166,-0.09651250392198563,0.199893981218338,0.5995427370071411,-0.11433302611112595,0.20925754308700562,0.6563582420349121,-0.11364123970270157,0.13833492994308472,0.6201416254043579,-0.0558120459318161,0.10468912869691849,0.5613755583763123,-0.09189955145120621,0.075873002409935,0.5206326842308044,-0.1064237579703331,0.04635433852672577,0.46870678663253784,-0.11264614015817642
pinza_izquierda,0.18538278341293335,0.713792085647583,5.539927769859787e-07,0.25741997361183167,0.6902708411216736,-0.04573962092399597,0.30150240659713745,0.6194653511047363,-0.06668967753648758,0.2731283903121948,0.5492205619812012,-0.08488131314516068,0.21515215933322906,0.5196213722229004,-0.10083431005477905,0.28167030215263367,0.4549272954463959,-0.041127972304821014,0.3063242435455322,0.33436769247055054,-0.06543616950511932,0.3203173279762268,0.2679147720336914,-0.07773709297180176,0.326185405254364,0.20712196826934814,-0.08531802147626877,0.22626636922359467,0.4360363781452179,-0.04151149094104767,0.218072772026062,0.3026328980922699,-0.07600930333137512,0.2160458117723465,0.22155094146728516,-0.097718745470047,0.2075204998254776,0.14719325304031372,-0.10993689298629761,0.17917315661907196,0.45035338401794434,-0.04641927778720856,0.16725730895996094,0.35751718282699585,-0.09375417977571487,0.1941308230161667,0.43064603209495544,-0.10950271785259247,0.21070946753025055,0.4884848892688751,-0.10888287425041199,0.13043507933616638,0.48741427063941956,-0.05461801588535309,0.09189601987600327,0.4127194285392761,-0.08844675868749619,0.06432655453681946,0.3590981364250183,-0.10294707864522934,0.0385294109582901,0.2995297908782959,-0.10999318212270737
pinza_izquierda,0.2437853068113327,0.646507203578949,4.918632043882099e-07,0.31684955954551697,0.608701765537262,-0.04395095258951187,0.36430636048316956,0.5259931087493896,-0.06398489326238632,0.3416772484779358,0.4430592358112335,-0.08181650191545486,0.2899986803531647,0.3998955488204956,-0.09692555665969849,0.3416377305984497,0.3601650893688202,-0.03835620731115341,0.3723214268684387,0.2357904314994812,-0.06305093318223953,0.38535910844802856,0.16717307269573212,-0.07715274393558502,0.3920820653438568,0.10454049706459045,-0.08659122884273529,0.28631392121315,0.3437522351741791,-0.040337346494197845,0.28063127398490906,0.2040143758058548,-0.07595711946487427,0.28040850162506104,0.11695843935012817,-0.10092119872570038,0.27478456497192383,0.042337387800216675,-0.11671865731477737,0.23732568323612213,0.3612574636936188,-0.04667166247963905,0.23119324445724487,0.25442636013031006,-0.09348025172948837,0.2596700191497803,0.31958621740341187,-0.10921130329370499,0.2787513732910156,0.3783900737762451,-0.1098724752664566,0.18906626105308533,0.39985978603363037,-0.056412190198898315,0.15222612023353577,0.3150211274623871,-0.08963654190301895,0.1290445774793625,0.25446760654449463,-0.10446738451719284,0.1090075671672821,0.1906624138355255,-0.11239480972290039
pinza_izquierda,0.3169839680194855,0.5957239866256714,6.192366868162935e-07,0.3910701274871826,0.5537272691726685,-0.039750274270772934,0.43612223863601685,0.4680454730987549,-0.05968466401100159,0.43538227677345276,0.3772343397140503,-0.07923031598329544,0.3884163796901703,0.32419878244400024,-0.09576734155416489,0.4163302779197693,0.30215883255004883,-0.03309587761759758,0.4457901120185852,0.16948021948337555,-0.059374213218688965,0.46171149611473083,0.09932941198348999,-0.07312437146902084,0.47311264276504517,0.03477358818054199,-0.08108620345592499,0.36163759231567383,0.28248369693756104,-0.036851443350315094,0.3571752607822418,0.1299060583114624,-0.06987034529447556,0.36058950424194336,0.041576892137527466,-0.0890946090221405,0.3635549247264862,-0.03812611103057861,-0.10055062919855118,0.31202417612075806,0.2966421842575073,-0.04571480676531792,0.31748467683792114,0.17924511432647705,-0.09062284231185913,0.34961560368537903,0.2460659146308899,-0.10218437761068344,0.3711658716201782,0.30652791261672974,-0.1000254824757576,0.26075538992881775,0.33437323570251465,-0.05816850811243057,0.23249030113220215,0.24417005479335785,-0.09003835916519165,0.2124347686767578,0.17573925852775574,-0.10370481014251709,0.19561569392681122,0.10371226072311401,-0.11117297410964966
pinza_izquierda,0.4677157998085022,0.6302275657653809,3.882457235704351e-07,0.5465564727783203,0.5992593169212341,-0.02483869343996048,0.6033597588539124,0.5170074701309204,-0.03838960453867912,0.6255967617034912,0.44236570596694946,-0.05538100376725197,0.5818554759025574,0.40253007411956787,-0.07083260267972946,0.5727983713150024,0.3365124464035034,-0.013804328627884388,0.6081104874610901,0.22669939696788788,-0.03555363044142723,0.6260045766830444,0.16840624809265137,-0.05005988851189613,0.6374091506004333,0.10779663920402527,-0.061720725148916245,0.5258941054344177,0.3257526159286499,-0.027631478384137154,0.532986581325531,0.1912127286195755,-0.06471453607082367,0.5485888719558716,0.11201256513595581,-0.09223795682191849,0.5564069151878357,0.0397953987121582,-0.1101904883980751,0.48128706216812134,0.3494264781475067,-0.045371994376182556,0.5071709156036377,0.2503226101398468,-0.0959552749991417,0.5506574511528015,0.31885361671447754,-0.11421383172273636,0.5773482322692871,0.37379008531570435,-0.11659920960664749,0.43784379959106445,0.3907596468925476,-0.06493642181158066,0.427251935005188,0.3134739398956299,-0.10016687959432602,0.41931450366973877,0.25281044840812683,-0.11736268550157547,0.4126989543437958,0.1866147369146347,-0.12844707071781158
pinza_izquierda,0.5452669858932495,0.6672772169113159,5.122392963130551e-07,0.622764527797699,0.6407812237739563,-0.0257161483168602,0.6847516298294067,0.5711489915847778,-0.04040374234318733,0.7161552309989929,0.5122072100639343,-0.05777338519692421,0.6835883259773254,0.46742159128189087,-0.07318201661109924,0.6502938270568848,0.39712756872177124,-0.014211440458893776,0.6954878568649292,0.29297298192977905,-0.03440284729003906,0.7204985022544861,0.23982666432857513,-0.045983340591192245,0.7383919954299927,0.18724325299263,-0.05354094132781029,0.6066285967826843,0.3869590163230896,-0.02696080692112446,0.6250774264335632,0.24848246574401855,-0.05957695469260216,0.6480407118797302,0.17410340905189514,-0.08215866982936859,0.6633896231651306,0.1052236258983612,-0.09519442170858383,0.5651528835296631,0.40862804651260376,-0.04399159178137779,0.6074804067611694,0.31892499327659607,-0.09312748908996582,0.648762047290802,0.3937121331691742,-0.10934382677078247,0.6720352172851562,0.44751203060150146,-0.10874137282371521,0.5263181924819946,0.447353720664978,-0.0628809779882431,0.526540994644165,0.37316447496414185,-0.09655306488275528,0.5267742276191711,0.31425750255584717,-0.1116270050406456,0.5283811688423157,0.24576717615127563,-0.12023432552814484
pinza_izquierda,0.5356214642524719,0.7648764848709106,5.962822342553409e-07,0.6069314479827881,0.7535438537597656,-0.026767514646053314,0.6595242023468018,0.7068675756454468,-0.04819950833916664,0.6917670369148254,0.6709116697311401,-0.07146228849887848,0.667443573474884,0.6478670239448547,-0.09338245540857315,0.6385552883148193,0.5331141948699951,-0.034150946885347366,0.6826854944229126,0.4436280429363251,-0.06086359918117523,0.7113687992095947,0.39706048369407654,-0.07659643143415451,0.7345607280731201,0.3528299331665039,-0.08701758831739426,0.5974924564361572,0.5283892750740051,-0.047932472079992294,0.6161530017852783,0.409020334482193,-0.08359803259372711,0.6420999765396118,0.3469555079936981,-0.1076684221625328,0.6625263690948486,0.2902970612049103,-0.12257391959428787,0.5576382279396057,0.5519789457321167,-0.06471862643957138,0.6016975045204163,0.4941425323486328,-0.11429731547832489,0.6392585039138794,0.5639851093292236,-0.1306297779083252,0.6609808206558228,0.6138355731964111,-0.1312885284423828,0.5229389667510986,0.5911843776702881,-0.08320823311805725,0.5200332403182983,0.5316627621650696,-0.11681408435106277,0.5227490663528442,0.48666295409202576,-0.1299847513437271,0.5288718342781067,0.436212420463562,-0.1373622864484787
pinza_izquierda,0.37345147132873535,0.8263603448867798,5.375993623601971e-07,0.4386940896511078,0.8173543214797974,-0.03942537307739258,0.4889812171459198,0.7849909067153931,-0.06604734063148499,0.49274972081184387,0.7465229630470276,-0.09201693534851074,0.45055240392684937,0.7206052541732788,-0.11645294725894928,0.47401461005210876,0.6023743152618408,-0.0449318066239357,0.5035900473594666,0.5163441300392151,-0.07610006630420685,0.5231263041496277,0.4667981266975403,-0.09482584148645401,0.5375532507896423,0.4168604612350464,-0.10720221698284149,0.4260854125022888,0.5928342342376709,-0.05263359844684601,0.4290134012699127,0.49205970764160156,-0.09243762493133545,0.4379262328147888,0.42526236176490784,-0.11747457087039948,0.44064754247665405,0.36474353075027466,-0.13222667574882507,0.3815803527832031,0.6175385117530823,-0.06446714699268341,0.3962572515010834,0.5693323016166687,-0.11693846434354782,0.42447614669799805,0.6462628245353699,-0.1336020678281784,0.44116175174713135,0.7013252973556519,-0.13354459404945374,0.33988499641418457,0.6614336371421814,-0.07896371930837631,0.31981098651885986,0.6178164482116699,-0.11633037030696869,0.30095964670181274,0.5835599899291992,-0.13032767176628113,0.28344467282295227,0.541122555732727,-0.13669317960739136
pinza_izquierda,0.20446676015853882,0.8566765785217285,5.042661541665439e-07,0.2662535309791565,0.8507480025291443,-0.04767082259058952,0.30801740288734436,0.8028119802474976,-0.0703062042593956,0.2761495113372803,0.7636909484863281,-0.09140074998140335,0.214273139834404,0.7500007152557373,-0.11170192807912827,0.2942267954349518,0.634108304977417,-0.03786343336105347,0.30852410197257996,0.5436469316482544,-0.06456165015697479,0.31793075799942017,0.4893167316913605,-0.0813567265868187,0.3199368715286255,0.43608278036117554,-0.09205272048711777,0.23953968286514282,0.6172509789466858,-0.038224682211875916,0.22844062745571136,0.5130420923233032,-0.07551426440477371,0.22114428877830505,0.44916021823883057,-0.10127142816781998,0.20701882243156433,0.39011576771736145,-0.1147303655743599,0.1926235556602478,0.6338056921958923,-0.04371830075979233,0.17865052819252014,0.5856401324272156,-0.09485667198896408,0.1949654370546341,0.667866051197052,-0.11368219554424286,0.204083651304245,0.7246400117874146,-0.11247826367616653,0.14644809067249298,0.6687427163124084,-0.052400410175323486,0.11454243212938309,0.617545485496521,-0.08599583804607391,0.08717252314090729,0.5890471339225769,-0.0979883223772049,0.06147482991218567,0.5510528087615967,-0.10195684432983398
pinza_izquierda,0.23479214310646057,0.8553772568702698,5.321149956216686e-07,0.3222615420818329,0.8337333798408508,-0.04205596446990967,0.3781206011772156,0.7442027926445007,-0.05960870906710625,0.3555663228034973,0.6631016135215759,-0.0766216591000557,0.28722965717315674,0.634575366973877,-0.09095413982868195,0.3543225824832916,0.5532513856887817,-0.027054570615291595,0.38793590664863586,0.4321681261062622,-0.053154606372117996,0.40549829602241516,0.3658044934272766,-0.07025372236967087,0.41565394401550293,0.301447331905365,-0.08349548280239105,0.2922438383102417,0.5353715419769287,-0.03412949666380882,0.28814497590065,0.38911497592926025,-0.07284187525510788,0.2908586859703064,0.30224016308784485,-0.10171347111463547,0.2857767939567566,0.22647875547409058,-0.12013506144285202,0.23900941014289856,0.5578745603561401,-0.04636719450354576,0.24161508679389954,0.443816602230072,-0.10226739943027496,0.27209821343421936,0.5269936323165894,-0.12017263472080231,0.28984880447387695,0.5939114689826965,-0.12019583582878113,0.18576982617378235,0.6055290102958679,-0.06168738007545471,0.15546295046806335,0.5317869186401367,-0.10465773940086365,0.13062384724617004,0.4764087200164795,-0.122991181910038,0.10718242824077606,0.41352957487106323,-0.13231760263442993
pinza_izquierda,0.2361477017402649,0.8551830649375916,5.261421165414504e-07,0.32437315583229065,0.8343176245689392,-0.04165094718337059,0.3848941922187805,0.7485684156417847,-0.06033363938331604,0.36781740188598633,0.6642618775367737,-0.07857586443424225,0.2997780740261078,0.6324799060821533,-0.09469785541296005,0.35837486386299133,0.5507752895355225,-0.030583471059799194,0.3922184109687805,0.4304238557815552,-0.05894824117422104,0.40988555550575256,0.36373233795166016,-0.07807298749685287,0.4213991165161133,0.29713174700737,-0.09307404607534409,0.29558491706848145,0.5325371026992798,-0.039570704102516174,0.29218342900276184,0.3808085024356842,-0.08061760663986206,0.29547807574272156,0.29327958822250366,-0.11240806430578232,0.29109373688697815,0.2172686755657196,-0.13288740813732147,0.2407405972480774,0.5573228597640991,-0.05323948711156845,0.24836796522140503,0.44421303272247314,-0.1116529181599617,0.2836897373199463,0.5260931849479675,-0.13225868344306946,0.3051906228065491,0.5936523079872131,-0.13402053713798523,0.187546044588089,0.6062606573104858,-0.06964694708585739,0.16042643785476685,0.5312994718551636,-0.11402786523103714,0.13942338526248932,0.4751087427139282,-0.13325032591819763,0.11995868384838104,0.41099828481674194,-0.14337442815303802
pinza_izquierda,0.3263988494873047,0.815962553024292,6.293622050179692e-07,0.402203232049942,0.7900779247283936,-0.04308374598622322,0.4579677879810333,0.7090505361557007,-0.0656193196773529,0.4477793574333191,0.631306529045105,-0.08723162859678268,0.39000794291496277,0.5918472409248352,-0.10651814937591553,0.4247751235961914,0.5170020461082458,-0.03951677307486534,0.4612869322299957,0.4057808518409729,-0.07396665960550308,0.48278602957725525,0.34332823753356934,-0.09692657738924026,0.49699488282203674,0.2795192003250122,-0.1132381409406662,0.36673346161842346,0.49944818019866943,-0.04786482825875282,0.36906108260154724,0.35476988554000854,-0.09088835120201111,0.37562909722328186,0.27051979303359985,-0.12182091921567917,0.37494996190071106,0.19273841381072998,-0.14188183844089508,0.3142797350883484,0.5249133110046387,-0.060928624123334885,0.3271027207374573,0.4116671681404114,-0.11900409311056137,0.3639585077762604,0.4957790672779083,-0.1348685771226883,0.38878077268600464,0.5610206127166748,-0.13384179770946503,0.26383107900619507,0.5776001811027527,-0.07709286361932755,0.24035775661468506,0.5078073143959045,-0.12077214568853378,0.2269095927476883,0.4582820534706116,-0.13736075162887573,0.21768255531787872,0.3990345597267151,-0.1454729288816452
pinza_izquierda,0.5390406250953674,0.7494496703147888,6.126087441771233e-07,0.6192266941070557,0.7230942845344543,-0.025198493152856827,0.6820856332778931,0.6406978964805603,-0.04180644825100899,0.7043194770812988,0.5660943984985352,-0.062103983014822006,0.6570378541946411,0.5307247042655945,-0.0798925831913948,0.6408271193504333,0.4527108371257782,-0.01643235608935356,0.6877831220626831,0.3509407639503479,-0.04498974233865738,0.7161895632743835,0.2930278182029724,-0.0645151138305664,0.7380442023277283,0.2349444329738617,-0.07948312163352966,0.590085506439209,0.44369256496429443,-0.03312079235911369,0.6001586318016052,0.30524569749832153,-0.07463917136192322,0.6229801177978516,0.2248263657093048,-0.10213641077280045,0.6400609612464905,0.1528242826461792,-0.11994832009077072,0.5459079146385193,0.4713733196258545,-0.05433179810643196,0.5800647735595703,0.3639482855796814,-0.1086263582110405,0.620887279510498,0.4497515857219696,-0.11783506721258163,0.6453235149383545,0.5127795338630676,-0.1130237951874733,0.5050065517425537,0.5197950005531311,-0.07832100987434387,0.49692094326019287,0.4496203660964966,-0.11896805465221405,0.49333131313323975,0.38880640268325806,-0.13456600904464722,0.49405115842819214,0.316219687461853,-0.14311660826206207
pinza_izquierda,0.5470584034919739,0.7526206970214844,6.243288339646824e-07,0.6287162899971008,0.7322235703468323,-0.02691083773970604,0.6938127279281616,0.6454505920410156,-0.041761815547943115,0.7179268598556519,0.5724314451217651,-0.059922534972429276,0.6718738675117493,0.5384601950645447,-0.07597319036722183,0.651953935623169,0.4518159031867981,-0.01269451528787613,0.6997018456459045,0.35290297865867615,-0.037919528782367706,0.7297608256340027,0.2970065474510193,-0.05538484454154968,0.7523120045661926,0.24351854622364044,-0.06838390231132507,0.6007578372955322,0.4441368877887726,-0.028752215206623077,0.613383948802948,0.30239176750183105,-0.06617052853107452,0.6377511024475098,0.22163903713226318,-0.09236735850572586,0.6543880701065063,0.14834162592887878,-0.10885632783174515,0.5565221905708313,0.47276830673217773,-0.04990847036242485,0.5959348678588867,0.3675013780593872,-0.10390865057706833,0.6381259560585022,0.45539218187332153,-0.11719824373722076,0.6611185669898987,0.5188237428665161,-0.1145046204328537,0.5158119201660156,0.5218548774719238,-0.07370171695947647,0.5147386789321899,0.44954168796539307,-0.11398298293352127,0.5098922252655029,0.3875211477279663,-0.13110406696796417,0.5056236982345581,0.31170135736465454,-0.1409352570772171
pinza_izquierda,0.19782471656799316,0.6836835145950317,5.368636948333005e-07,0.2697179913520813,0.6651891469955444,-0.05380028486251831,0.30911436676979065,0.5952907800674438,-0.08150184154510498,0.26635727286338806,0.5174328684806824,-0.10562585294246674,0.20628128945827484,0.4762391448020935,-0.1267496645450592,0.30996012687683105,0.4268754720687866,-0.05116475000977516,0.337117463350296,0.31481266021728516,-0.08024100959300995,0.3517475128173828,0.2526217997074127,-0.09637580811977386,0.36005836725234985,0.19367897510528564,-0.10771800577640533,0.2519974112510681,0.3962348699569702,-0.048425979912281036,0.25000014901161194,0.26919305324554443,-0.08725377172231674,0.2445688545703888,0.18837158381938934,-0.11120294779539108,0.23727528750896454,0.10656362771987915,-0.12613849341869354,0.20123256742954254,0.4038608968257904,-0.05064304545521736,0.19097203016281128,0.3022138178348541,-0.09907426685094833,0.19359400868415833,0.3833704888820648,-0.11146339774131775,0.19606949388980865,0.4448412358760834,-0.10968582332134247,0.14988014101982117,0.44060277938842773,-0.05726794898509979,0.11079757660627365,0.3686029613018036,-0.09331389516592026,0.08196336030960083,0.3167206943035126,-0.10836388915777206,0.06042522192001343,0.2608882784843445,-0.11571642011404037
pinza_izquierda,0.20041611790657043,0.6935023069381714,5.401319640441216e-07,0.27267250418663025,0.6759834289550781,-0.053004905581474304,0.3169547915458679,0.6085194945335388,-0.07937592267990112,0.27811312675476074,0.5310347676277161,-0.1019582450389862,0.21746385097503662,0.4905411899089813,-0.12159005552530289,0.3126135766506195,0.4350420832633972,-0.05006404593586922,0.3410627841949463,0.31919458508491516,-0.07843444496393204,0.35674718022346497,0.2550677955150604,-0.09463706612586975,0.3662358522415161,0.194911926984787,-0.10616526007652283,0.25506389141082764,0.40614062547683716,-0.04756636172533035,0.25127530097961426,0.2786310911178589,-0.08438775688409805,0.2486998736858368,0.1980697363615036,-0.10802336037158966,0.2440062314271927,0.1194993257522583,-0.1231573298573494,0.2047479748725891,0.4157891869544983,-0.04998845234513283,0.1964571624994278,0.3142419457435608,-0.0975574254989624,0.20437103509902954,0.38803696632385254,-0.11170559376478195,0.2091980129480362,0.44661661982536316,-0.11169606447219849,0.15378208458423615,0.45355337858200073,-0.056708287447690964,0.1171354204416275,0.38308584690093994,-0.09428338706493378,0.08850270509719849,0.3303786516189575,-0.1111590713262558,0.06450711190700531,0.27429744601249695,-0.1196785643696785
pinza_izquierda,0.19145725667476654,0.6962239742279053,6.246053771974402e-07,0.2618817090988159,0.6658594012260437,-0.048196449875831604,0.30192238092422485,0.590941846370697,-0.07315026968717575,0.26449549198150635,0.5144094228744507,-0.09543024003505707,0.20753630995750427,0.4734954535961151,-0.11446750164031982,0.29834145307540894,0.42585107684135437,-0.04657813906669617,0.3363724648952484,0.3076092600822449,-0.07652958482503891,0.3575857877731323,0.2400343269109726,-0.0943034365773201,0.37193095684051514,0.17861825227737427,-0.10639806091785431,0.24128863215446472,0.40027227997779846,-0.04679320380091667,0.242994025349617,0.27071425318717957,-0.08520302176475525,0.2444111704826355,0.18565499782562256,-0.11078740656375885,0.24286873638629913,0.10656368732452393,-0.12690438330173492,0.19050566852092743,0.4118100106716156,-0.05152164772152901,0.18571799993515015,0.31183764338493347,-0.09933408349752426,0.19472873210906982,0.38249337673187256,-0.11317700892686844,0.20031505823135376,0.4404621422290802,-0.112396240234375,0.14074987173080444,0.4509250223636627,-0.060206227004528046,0.10490833222866058,0.37948930263519287,-0.0961342453956604,0.0783703625202179,0.3263585567474365,-0.1108788400888443,0.05711650848388672,0.27079200744628906,-0.11747381836175919
pinza_izquierda,0.18801584839820862,0.727162778377533,6.087736323934223e-07,0.2597324252128601,0.7053025960922241,-0.04926106706261635,0.30569565296173096,0.6284840106964111,-0.07257530838251114,0.2744647264480591,0.5514682531356812,-0.09288223832845688,0.2175799310207367,0.5101544857025146,-0.11014808714389801,0.2995920479297638,0.4583180844783783,-0.044455889612436295,0.33598077297210693,0.34309083223342896,-0.07372473925352097,0.35443955659866333,0.2752592861652374,-0.09226147830486298,0.36679399013519287,0.21371802687644958,-0.1056862473487854,0.2435341477394104,0.43528005480766296,-0.045317817479372025,0.2475368082523346,0.3065941631793976,-0.08285237103700638,0.2522266209125519,0.22058431804180145,-0.11045163869857788,0.25347253680229187,0.14380711317062378,-0.12844198942184448,0.1935650110244751,0.4499163031578064,-0.051002632826566696,0.19153983891010284,0.3493345379829407,-0.10097238421440125,0.20100946724414825,0.41441023349761963,-0.11846017837524414,0.20633360743522644,0.4705275297164917,-0.1200631707906723,0.1449691653251648,0.4907304644584656,-0.06055918708443642,0.11210501939058304,0.4235290288925171,-0.10046038031578064,0.08827038109302521,0.3727935254573822,-0.11824574321508408,0.06838458776473999,0.31995999813079834,-0.12679961323738098
pinza_izquierda,0.18614648282527924,0.7495272159576416,5.956500785941898e-07,0.2596651613712311,0.7288232445716858,-0.04759522154927254,0.30713778734207153,0.6547322869300842,-0.07042257487773895,0.27948570251464844,0.5792524814605713,-0.09062502533197403,0.22473813593387604,0.5372805595397949,-0.10796182602643967,0.30063068866729736,0.4882126748561859,-0.04500240087509155,0.33797386288642883,0.36998334527015686,-0.07302256673574448,0.3565579652786255,0.30442965030670166,-0.0898279920220375,0.36949312686920166,0.24409465491771698,-0.10174233466386795,0.2463650405406952,0.4649679362773895,-0.0463847778737545,0.25394487380981445,0.3332962393760681,-0.08242165297269821,0.26060885190963745,0.24865689873695374,-0.1086844876408577,0.2637081444263458,0.17317068576812744,-0.12568119168281555,0.1960870623588562,0.4785579741001129,-0.05215403810143471,0.1998702734708786,0.38217881321907043,-0.10053981095552444,0.21037720143795013,0.4499945640563965,-0.11670681089162827,0.21556466817855835,0.5076419711112976,-0.11764319986104965,0.1472593992948532,0.5170657634735107,-0.06172053888440132,0.11732327938079834,0.4541192650794983,-0.10005030781030655,0.0957588255405426,0.4035952687263489,-0.1167941465973854,0.07748781144618988,0.34924301505088806,-0.12491314113140106
pinza_izquierda,0.186242938041687,0.7740671634674072,5.70173540381802e-07,0.2605307698249817,0.7495720982551575,-0.04447019100189209,0.30702492594718933,0.6751887798309326,-0.065472312271595,0.2786969840526581,0.6035858988761902,-0.08462099730968475,0.223981574177742,0.5644179582595825,-0.10088596493005753,0.29912129044532776,0.5133607387542725,-0.03828039392828941,0.3363538086414337,0.399028480052948,-0.06470689177513123,0.35488247871398926,0.33520907163619995,-0.08097559958696365,0.3674238324165344,0.27650338411331177,-0.09291953593492508,0.24578528106212616,0.49208199977874756,-0.041049979627132416,0.25138381123542786,0.3622090816497803,-0.076308473944664,0.25834354758262634,0.2793504297733307,-0.10288092494010925,0.2612496018409729,0.20693731307983398,-0.12012016773223877,0.19698883593082428,0.5071312189102173,-0.048320796340703964,0.20132188498973846,0.41297709941864014,-0.0961160734295845,0.21524669229984283,0.47760388255119324,-0.11353809386491776,0.22244536876678467,0.5325709581375122,-0.1154724583029747,0.14981991052627563,0.546522855758667,-0.05910864099860191,0.1206657811999321,0.48828884959220886,-0.09746889770030975,0.10045760869979858,0.43857836723327637,-0.11531908065080643,0.08267861604690552,0.3845478296279907,-0.12430167943239212
pinza_izquierda,0.17009380459785461,0.8117494583129883,8.038729220061214e-07,0.24400201439857483,0.7632977962493896,-0.04774310439825058,0.29627060890197754,0.6567463278770447,-0.06477408111095428,0.23527856171131134,0.5866365432739258,-0.07458081841468811,0.15794791281223297,0.5597708821296692,-0.08727798610925674,0.25511521100997925,0.4667355716228485,-0.0411146879196167,0.2796711027622223,0.3318682909011841,-0.05699148401618004,0.2931358516216278,0.2510511577129364,-0.07229059934616089,0.30261367559432983,0.16879570484161377,-0.08564789593219757,0.19191564619541168,0.45429837703704834,-0.041115902364254,0.2043633610010147,0.2965802848339081,-0.06018505245447159,0.20570436120033264,0.1967330276966095,-0.08248082548379898,0.2043142318725586,0.09711745381355286,-0.09801454097032547,0.13844335079193115,0.4768604338169098,-0.04414672404527664,0.13716170191764832,0.3364737629890442,-0.08041082322597504,0.13911160826683044,0.2422810196876526,-0.10799216479063034,0.13927596807479858,0.1464613974094391,-0.1250811219215393,0.0867791697382927,0.5340769290924072,-0.04954591765999794,0.09873519092798233,0.4238330125808716,-0.0841759666800499,0.12422351539134979,0.4815372824668884,-0.0810714066028595,0.14737552404403687,0.5522170066833496,-0.07539798319339752
pinza_izquierda,0.18458235263824463,0.7649855613708496,7.785084221723082e-07,0.25697213411331177,0.717907190322876,-0.04623372480273247,0.30859383940696716,0.6070802211761475,-0.061711907386779785,0.24590051174163818,0.5316527485847473,-0.07000988721847534,0.17181997001171112,0.49912387132644653,-0.08095783740282059,0.27356061339378357,0.42821577191352844,-0.03786443546414375,0.301507830619812,0.2939756214618683,-0.05259166657924652,0.3180766999721527,0.21504980325698853,-0.06759956479072571,0.32999053597450256,0.13437771797180176,-0.08091921359300613,0.2122100293636322,0.41481658816337585,-0.03745408356189728,0.22637154161930084,0.2619539499282837,-0.053534191101789474,0.22964709997177124,0.16600662469863892,-0.07582344114780426,0.22974368929862976,0.06771010160446167,-0.09235423803329468,0.1601165235042572,0.43409398198127747,-0.04011808708310127,0.16384290158748627,0.2970578670501709,-0.07304904609918594,0.16894608736038208,0.20261582732200623,-0.10158136487007141,0.17110051214694977,0.10587805509567261,-0.12059775739908218,0.10927485674619675,0.48387962579727173,-0.04516017809510231,0.1213209256529808,0.3779677152633667,-0.07855281233787537,0.14735113084316254,0.42988669872283936,-0.07778774946928024,0.17022326588630676,0.49476301670074463,-0.07440650463104248
pinza_izquierda,0.3033868372440338,0.7541210651397705,6.852791898381838e-07,0.375046044588089,0.7225785851478577,-0.040459197014570236,0.43571457266807556,0.6304844617843628,-0.05507222190499306,0.4073023796081543,0.5476958751678467,-0.06351867318153381,0.34745675325393677,0.5111402869224548,-0.07439293712377548,0.3991580903530121,0.44114285707473755,-0.03734919801354408,0.42748725414276123,0.31431999802589417,-0.05033475160598755,0.44372642040252686,0.24137893319129944,-0.06257988512516022,0.4538751542568207,0.166670024394989,-0.07359237223863602,0.34715735912323,0.42683663964271545,-0.03873274102807045,0.3636021614074707,0.2804889380931854,-0.052919622510671616,0.37038537859916687,0.18811777234077454,-0.07264144718647003,0.37201645970344543,0.09555289149284363,-0.08790108561515808,0.29850518703460693,0.4465741217136383,-0.0425649955868721,0.3074323236942291,0.32056552171707153,-0.07483252882957458,0.3203290104866028,0.22869457304477692,-0.10449109971523285,0.3272213339805603,0.13844940066337585,-0.12440576404333115,0.24963688850402832,0.4944568872451782,-0.04799281433224678,0.2797551453113556,0.39497432112693787,-0.08012481778860092,0.3113487958908081,0.44373130798339844,-0.08215583860874176,0.3319404125213623,0.5078240633010864,-0.08166566491127014
pinza_izquierda,0.48439425230026245,0.7168038487434387,6.420162321774114e-07,0.5535798668861389,0.6812635660171509,-0.03104579634964466,0.614104151725769,0.5951337814331055,-0.04431035742163658,0.6049783229827881,0.5198203325271606,-0.054288458079099655,0.5528050661087036,0.48785126209259033,-0.06850641220808029,0.5647468566894531,0.41603896021842957,-0.03571697324514389,0.5927600860595703,0.2972882390022278,-0.05259804427623749,0.6108858585357666,0.22384491562843323,-0.06873604655265808,0.6245076656341553,0.15229365229606628,-0.08196283131837845,0.518336296081543,0.40576422214508057,-0.042643360793590546,0.5305160284042358,0.26296401023864746,-0.05601906031370163,0.5367960929870605,0.17055737972259521,-0.07818147540092468,0.5406961441040039,0.08465614914894104,-0.09632061421871185,0.475270539522171,0.42951998114585876,-0.05088650807738304,0.48649391531944275,0.2988848090171814,-0.08079512417316437,0.5025309920310974,0.21033887565135956,-0.11296767741441727,0.5121830105781555,0.1311052441596985,-0.13622713088989258,0.43249425292015076,0.4803653657436371,-0.05991754308342934,0.4619075357913971,0.39697375893592834,-0.09225702285766602,0.5009190440177917,0.43432313203811646,-0.09901165217161179,0.5283585786819458,0.48875531554222107,-0.10233232378959656
pinza_izquierda,0.5724320411682129,0.7006562948226929,7.593859550070192e-07,0.6403546929359436,0.6682320237159729,-0.030460765585303307,0.7025150060653687,0.5875009298324585,-0.04633514955639839,0.7086219787597656,0.5159929990768433,-0.05928918346762657,0.659217119216919,0.48768505454063416,-0.07642222195863724,0.6501199007034302,0.40959617495536804,-0.03748254105448723,0.6819499731063843,0.30114322900772095,-0.05695430561900139,0.7030025720596313,0.23427258431911469,-0.07498347014188766,0.7194125652313232,0.16832596063613892,-0.08894496411085129,0.607005774974823,0.4014255404472351,-0.04554031789302826,0.633695125579834,0.2707415819168091,-0.06162041798233986,0.6475895047187805,0.1827319860458374,-0.0841742530465126,0.6561089754104614,0.09815877676010132,-0.10234106332063675,0.5626842379570007,0.42329928278923035,-0.05526421591639519,0.5840157866477966,0.3062933087348938,-0.08650507032871246,0.6071373224258423,0.2202465683221817,-0.11924953013658524,0.6224155426025391,0.14083996415138245,-0.14317043125629425,0.5174392461776733,0.4703276455402374,-0.0659121572971344,0.562177836894989,0.4037819802761078,-0.09970229864120483,0.6081616878509521,0.44039294123649597,-0.1091490164399147,0.6410337090492249,0.4884761869907379,-0.11480475962162018
pinza_izquierda,0.6304662823677063,0.689518928527832,7.899490697127476e-07,0.6990175843238831,0.6574546098709106,-0.02693243883550167,0.7620509266853333,0.5798658132553101,-0.04232252389192581,0.7813438773155212,0.5073922276496887,-0.05584229528903961,0.7345126271247864,0.4815976917743683,-0.07363921403884888,0.7107947468757629,0.412849485874176,-0.03465675190091133,0.746417760848999,0.3024443984031677,-0.053657978773117065,0.770128071308136,0.23526963591575623,-0.07088489085435867,0.7880070805549622,0.17218193411827087,-0.0841035470366478,0.671916127204895,0.4025120139122009,-0.04516385868191719,0.7022026777267456,0.27061372995376587,-0.06179080158472061,0.719211757183075,0.1822246015071869,-0.08432114124298096,0.7299317121505737,0.10073119401931763,-0.10184177756309509,0.6304845809936523,0.4201417565345764,-0.057214971631765366,0.6594458222389221,0.3003259599208832,-0.08969816565513611,0.685745120048523,0.21291065216064453,-0.12389294058084488,0.7037435173988342,0.13305893540382385,-0.14856761693954468,0.5891149640083313,0.46244296431541443,-0.06963325291872025,0.6396971344947815,0.39830487966537476,-0.10477828979492188,0.6831267476081848,0.43936988711357117,-0.11538314074277878,0.7138934135437012,0.4914076030254364,-0.12163104861974716
pinza_izquierda,0.7092833518981934,0.6989412903785706,8.155630553119408e-07,0.7858079671859741,0.659289538860321,-0.016616232693195343,0.852236270904541,0.5881450176239014,-0.028623066842556,0.8887190818786621,0.5262549519538879,-0.04136405140161514,0.8461328148841858,0.505996584892273,-0.056788381189107895,0.8058083057403564,0.4132896363735199,-0.018996628001332283,0.8471001386642456,0.3147737681865692,-0.03403443843126297,0.8750966191291809,0.25352635979652405,-0.04731755703687668,0.8963711261749268,0.1991276741027832,-0.05812222510576248,0.7625055909156799,0.4017191529273987,-0.034974534064531326,0.7994259595870972,0.2798377275466919,-0.054316937923431396,0.8229607343673706,0.196059912443161,-0.07379112392663956,0.8395031094551086,0.12371256947517395,-0.08719871938228607,0.7196323871612549,0.4205874502658844,-0.052545469254255295,0.761555552482605,0.3190264105796814,-0.08695687353610992,0.795624315738678,0.23530219495296478,-0.11668919771909714,0.8197814226150513,0.16084852814674377,-0.1360514909029007,0.6815445423126221,0.469010591506958,-0.07012104243040085,0.7570160627365112,0.41345179080963135,-0.1023755818605423,0.8031318783760071,0.45377233624458313,-0.10941001772880554,0.8308203816413879,0.5070810914039612,-0.11272396147251129
pinza_izquierda,0.7165230512619019,0.7445331811904907,8.687878789714887e-07,0.7953896522521973,0.7094499468803406,-0.016679124906659126,0.8639839887619019,0.6464233994483948,-0.03131308779120445,0.9040496349334717,0.5926579833030701,-0.046853482723236084,0.8675565123558044,0.5702735781669617,-0.06489722430706024,0.8171257376670837,0.4650879502296448,-0.02274717204272747,0.8622704148292542,0.3683626353740692,-0.04104406014084816,0.8924434781074524,0.308971107006073,-0.05560262128710747,0.9151079058647156,0.25775325298309326,-0.06658314913511276,0.7744015455245972,0.45457905530929565,-0.03949003294110298,0.8198815584182739,0.3346647024154663,-0.06353417038917542,0.8463693261146545,0.2538626492023468,-0.08394134044647217,0.8642095923423767,0.1835753321647644,-0.09651955962181091,0.7326717972755432,0.47348371148109436,-0.05769627168774605,0.7816877365112305,0.3744668662548065,-0.09500239789485931,0.8181856870651245,0.29339778423309326,-0.12276377528905869,0.8443424105644226,0.21957972645759583,-0.13926109671592712,0.6972241401672363,0.5221694111824036,-0.07575293630361557,0.7756655216217041,0.4679812490940094,-0.1066337302327156,0.8188819289207458,0.5079119205474854,-0.1101832240819931,0.8426914215087891,0.5594369173049927,-0.11049625277519226
pinza_izquierda,0.7105910181999207,0.8295858502388,8.013024626052356e-07,0.7916949391365051,0.7958502769470215,-0.006123467814177275,0.8606842756271362,0.7428475022315979,-0.017040636390447617,0.9043160676956177,0.7030104398727417,-0.030440175905823708,0.8734503984451294,0.6908336877822876,-0.0463426299393177,0.8206483125686646,0.566698431968689,-0.017656804993748665,0.8670738935470581,0.47658735513687134,-0.0360659621655941,0.8994264602661133,0.4199180006980896,-0.05039932206273079,0.9235613346099854,0.3693620562553406,-0.061025310307741165,0.7795491218566895,0.5563808679580688,-0.039025336503982544,0.8284627795219421,0.44694939255714417,-0.06366338580846786,0.8587504029273987,0.3697189390659332,-0.08399178832769394,0.8789361715316772,0.30229008197784424,-0.0963820070028305,0.7380077838897705,0.5751848220825195,-0.060620903968811035,0.790962278842926,0.4870452582836151,-0.09939683228731155,0.8321241736412048,0.41348356008529663,-0.12669208645820618,0.8621708154678345,0.3445410430431366,-0.14175499975681305,0.7049840092658997,0.6234724521636963,-0.08083600550889969,0.7855180501937866,0.5798378586769104,-0.10987319052219391,0.8266621828079224,0.6226385235786438,-0.11133819818496704,0.8475439548492432,0.6742709875106812,-0.11018054187297821
pinza_izquierda,0.6984459757804871,0.8562635183334351,8.605279049334058e-07,0.7806101441383362,0.8291071057319641,-0.01220803800970316,0.8484408259391785,0.7859676480293274,-0.029284046962857246,0.893837571144104,0.7529378533363342,-0.048498522490262985,0.8681002259254456,0.737177848815918,-0.0699370801448822,0.8113909959793091,0.612055242061615,-0.027849888429045677,0.8624517917633057,0.527603030204773,-0.05308667942881584,0.8976508378982544,0.47123652696609497,-0.07245150953531265,0.9229676723480225,0.4222557544708252,-0.08616811782121658,0.7709488272666931,0.6036535501480103,-0.048515819013118744,0.8238030672073364,0.49883031845092773,-0.0791841596364975,0.8581001162528992,0.4236377477645874,-0.1023150309920311,0.8809584379196167,0.3588269352912903,-0.11642412841320038,0.7313232421875,0.6219425797462463,-0.06997399032115936,0.7923713326454163,0.539190411567688,-0.11110765486955643,0.8368555307388306,0.47584372758865356,-0.13661673665046692,0.8695900440216064,0.4147830009460449,-0.15054582059383392,0.7008948922157288,0.6694744229316711,-0.09092239290475845,0.7814329266548157,0.6329013705253601,-0.12249759584665298,0.8192893862724304,0.6730659604072571,-0.12464646250009537,0.8384901881217957,0.7203854918479919,-0.12362503260374069
pinza_izquierda,0.6675403118133545,0.8976927399635315,8.302733363052539e-07,0.7509627938270569,0.8747233152389526,-0.00902057159692049,0.8198134899139404,0.8345447182655334,-0.02269767038524151,0.8651488423347473,0.8040063381195068,-0.038387469947338104,0.8406423330307007,0.7874559164047241,-0.0566338449716568,0.795973539352417,0.6572418808937073,-0.025284595787525177,0.8468955159187317,0.5732463002204895,-0.049100615084171295,0.8823539614677429,0.5192286372184753,-0.06728535145521164,0.9099401235580444,0.47045236825942993,-0.07997976988554001,0.7565689086914062,0.6436328887939453,-0.04661986976861954,0.8103148937225342,0.5387150049209595,-0.07412608712911606,0.843256950378418,0.4652811288833618,-0.09546495229005814,0.8666096925735474,0.4007911682128906,-0.10847718268632889,0.7138326168060303,0.6598371863365173,-0.068431057035923,0.7689064145088196,0.5807496309280396,-0.10896676033735275,0.8108224272727966,0.5174646377563477,-0.1357503980398178,0.8438195586204529,0.4563179612159729,-0.1502254456281662,0.6772441864013672,0.7069125175476074,-0.08916967362165451,0.7530653476715088,0.674091637134552,-0.12017887830734253,0.7893469333648682,0.7179942727088928,-0.12204542011022568,0.8074471950531006,0.7682858109474182,-0.12073586136102676
pinza_izquierda,0.6131210923194885,0.9217970371246338,8.572935712436447e-07,0.6882551908493042,0.9143674969673157,-0.023671025410294533,0.7594077587127686,0.8817431926727295,-0.041824258863925934,0.795473575592041,0.8493290543556213,-0.0596604160964489,0.7649261355400085,0.8288760185241699,-0.08080574125051498,0.745254635810852,0.6890276670455933,-0.03626060485839844,0.7921414375305176,0.5999380946159363,-0.05756847932934761,0.8257964253425598,0.5487021207809448,-0.07492664456367493,0.8545097708702087,0.4994279444217682,-0.08849316090345383,0.7050897479057312,0.6734507083892822,-0.05090324208140373,0.7483346462249756,0.5646429657936096,-0.07123911380767822,0.7753719687461853,0.491303950548172,-0.09600352495908737,0.7962373495101929,0.42680230736732483,-0.11505669355392456,0.6595200896263123,0.6892584562301636,-0.06686457246541977,0.6984120011329651,0.6094664335250854,-0.102523073554039,0.7330217957496643,0.5430959463119507,-0.1392481029033661,0.7610489726066589,0.4846121072769165,-0.16506506502628326,0.6158971190452576,0.7308667898178101,-0.08313668519258499,0.6796376705169678,0.7190800905227661,-0.11948341876268387,0.7166118025779724,0.7700707912445068,-0.13450810313224792,0.7391078472137451,0.8249047994613647,-0.14444926381111145
pinza_izquierda,0.5389426946640015,0.9319813847541809,8.831380569063185e-07,0.6123046875,0.9300378561019897,-0.02773461304605007,0.6823914051055908,0.9008619785308838,-0.04721168428659439,0.7075175046920776,0.8650439977645874,-0.0650743693113327,0.6681676506996155,0.844482421875,-0.0863189548254013,0.670432448387146,0.7023769021034241,-0.04103383794426918,0.7172749042510986,0.609307050704956,-0.06235737353563309,0.7490348219871521,0.5561419725418091,-0.07931259274482727,0.7755365371704102,0.50369793176651,-0.09246555715799332,0.6290069818496704,0.6851024031639099,-0.053347148001194,0.6694419384002686,0.577180802822113,-0.07301386445760727,0.6924176812171936,0.5029878616333008,-0.09737186133861542,0.7096468210220337,0.43623223900794983,-0.11588026583194733,0.5827126502990723,0.6995701193809509,-0.0668734461069107,0.612670361995697,0.620478630065918,-0.10093052685260773,0.6422744989395142,0.5519902110099792,-0.13636305928230286,0.6682114005088806,0.4891495704650879,-0.16157712042331696,0.5362468361854553,0.7405938506126404,-0.08106756955385208,0.5906893014907837,0.7335929870605469,-0.11610566079616547,0.6229279041290283,0.7867717742919922,-0.1293732076883316,0.6440827250480652,0.8413494825363159,-0.13792221248149872
pinza_izquierda,0.4694938659667969,0.9421590566635132,7.407639373013808e-07,0.5394333600997925,0.9366357326507568,-0.02468280680477619,0.612690806388855,0.9040918350219727,-0.04009203240275383,0.624032735824585,0.8582591414451599,-0.054291870445013046,0.5708750486373901,0.8439814448356628,-0.0726015716791153,0.5983232259750366,0.700871467590332,-0.028440164402127266,0.6374172568321228,0.608174204826355,-0.0441361665725708,0.6654841303825378,0.5555787086486816,-0.059821877628564835,0.6896403431892395,0.5015418529510498,-0.07306290417909622,0.5555880069732666,0.6830223798751831,-0.04104937985539436,0.5861567854881287,0.5774455070495605,-0.05454801768064499,0.6045024394989014,0.5036323070526123,-0.07973261922597885,0.6190425157546997,0.43085941672325134,-0.10042265802621841,0.50898677110672,0.6968720555305481,-0.054928213357925415,0.5347461700439453,0.6194308996200562,-0.08602850884199142,0.5558416247367859,0.5505420565605164,-0.12502193450927734,0.5739527940750122,0.4812556803226471,-0.1538904905319214,0.46127545833587646,0.7368438839912415,-0.0691285952925682,0.5088600516319275,0.7330424785614014,-0.10204247385263443,0.5343284606933594,0.7915642857551575,-0.11689002066850662,0.5520575046539307,0.8470026850700378,-0.12775568664073944
pinza_izquierda,0.3759688138961792,0.9569054841995239,8.199515946216707e-07,0.43973034620285034,0.9611315131187439,-0.031265370547771454,0.5090295076370239,0.9298986196517944,-0.05010581761598587,0.5040547251701355,0.8892470598220825,-0.06598735600709915,0.45058634877204895,0.8664873242378235,-0.08635628968477249,0.500126302242279,0.7308542132377625,-0.04334705322980881,0.5379825234413147,0.6397424936294556,-0.06321968138217926,0.5656510591506958,0.5854877233505249,-0.08065875619649887,0.590578019618988,0.5290689468383789,-0.09428288787603378,0.45664918422698975,0.7094221115112305,-0.05258201062679291,0.48460596799850464,0.6020854711532593,-0.06563801318407059,0.49949419498443604,0.526839017868042,-0.08957134187221527,0.5137990713119507,0.45273301005363464,-0.10994049906730652,0.4096396267414093,0.7222707271575928,-0.06306475400924683,0.4268246293067932,0.6448193788528442,-0.09127772599458694,0.4408973455429077,0.574619710445404,-0.12768372893333435,0.4525216221809387,0.5048007369041443,-0.15571081638336182,0.3583112359046936,0.7617500424385071,-0.0746779665350914,0.3960096538066864,0.7537178993225098,-0.10594931989908218,0.41967907547950745,0.8097634315490723,-0.11921493709087372,0.43562668561935425,0.8642023801803589,-0.12905992567539215
pinza_izquierda,0.30140531063079834,0.9626027941703796,7.839080922167341e-07,0.3698464035987854,0.9580949544906616,-0.028678549453616142,0.43566209077835083,0.921430230140686,-0.04377187043428421,0.4213637113571167,0.8801038861274719,-0.05654872953891754,0.35953813791275024,0.8632172346115112,-0.07427150011062622,0.4258345663547516,0.7259311079978943,-0.03244391828775406,0.4603829085826874,0.6345927119255066,-0.04688236862421036,0.4822114109992981,0.5772101879119873,-0.06127328425645828,0.5022022724151611,0.5172414779663086,-0.07413521409034729,0.37956565618515015,0.702553927898407,-0.04302830994129181,0.40240445733070374,0.5924389958381653,-0.05310177430510521,0.41209283471107483,0.5166409611701965,-0.0764426738023758,0.42339372634887695,0.44250550866127014,-0.09603703022003174,0.33249756693840027,0.7177429795265198,-0.05487767979502678,0.3388267755508423,0.6305786371231079,-0.08213833719491959,0.3469755947589874,0.560297966003418,-0.11844900995492935,0.3574594557285309,0.4870366156101227,-0.1463293731212616,0.2835608124732971,0.763816237449646,-0.06770496070384979,0.30808109045028687,0.7442975640296936,-0.09938836097717285,0.329147070646286,0.8028647899627686,-0.11174027621746063,0.34892091155052185,0.8601844310760498,-0.1206427738070488
pinza_izquierda,0.2607421576976776,0.966169536113739,7.980385703376669e-07,0.32081642746925354,0.961588978767395,-0.03362999111413956,0.37849390506744385,0.9205031991004944,-0.04856641963124275,0.34710413217544556,0.8769137263298035,-0.059853363782167435,0.2810303568840027,0.8581193685531616,-0.07521186769008636,0.3681923449039459,0.7312009930610657,-0.03144240379333496,0.3979160785675049,0.6388369798660278,-0.04319330304861069,0.41695475578308105,0.5813050270080566,-0.055188409984111786,0.4347032904624939,0.5219562649726868,-0.06607722491025925,0.3216601014137268,0.7060202360153198,-0.03638811036944389,0.33822357654571533,0.5988444685935974,-0.0421266034245491,0.3436625897884369,0.5239488482475281,-0.06165990233421326,0.3517972528934479,0.4506865441799164,-0.07826866954565048,0.27810877561569214,0.7198718786239624,-0.04331935942173004,0.2745458483695984,0.6352435350418091,-0.06729577481746674,0.27260029315948486,0.5643885135650635,-0.10176856815814972,0.27412447333335876,0.4945807456970215,-0.1280112862586975,0.2338237464427948,0.7626470923423767,-0.05178207531571388,0.2455790787935257,0.7502983212471008,-0.08273588120937347,0.25844502449035645,0.8107231259346008,-0.09517057985067368,0.27171599864959717,0.8695695400238037,-0.10325668007135391
pinza_izquierda,0.17749980092048645,0.9637082815170288,7.689245080655382e-07,0.25148576498031616,0.960024893283844,-0.03344430774450302,0.31743472814559937,0.9129114747047424,-0.04630496725440025,0.2785719037055969,0.8695181608200073,-0.05599169805645943,0.207048699259758,0.8486059904098511,-0.0695762038230896,0.3183254599571228,0.7268801927566528,-0.020860686898231506,0.34263646602630615,0.6293023824691772,-0.03143791854381561,0.35799896717071533,0.5667689442634583,-0.04311048984527588,0.3715539872646332,0.5043882727622986,-0.054431453347206116,0.2657865583896637,0.6935625076293945,-0.026633068919181824,0.2776834964752197,0.5811827182769775,-0.033501237630844116,0.27988481521606445,0.5046693682670593,-0.05483214557170868,0.28263530135154724,0.4317060708999634,-0.07153722643852234,0.21607330441474915,0.7003353238105774,-0.03538636118173599,0.21353667974472046,0.6109336614608765,-0.06388862431049347,0.21242588758468628,0.5416786074638367,-0.10325828194618225,0.21029654145240784,0.473374605178833,-0.1313180774450302,0.16664832830429077,0.7366970777511597,-0.045342858880758286,0.18408790230751038,0.7426941394805908,-0.0827769860625267,0.1907448023557663,0.8125786185264587,-0.10060475766658783,0.19516125321388245,0.8712415099143982,-0.11132538318634033
pinza_izquierda,0.16724681854248047,0.9327541589736938,8.014851005100354e-07,0.22976556420326233,0.9334648847579956,-0.04242094233632088,0.27993711829185486,0.890644371509552,-0.06247594207525253,0.22439078986644745,0.8490642309188843,-0.07698305696249008,0.15159618854522705,0.8274607062339783,-0.09566771239042282,0.2749371826648712,0.7030309438705444,-0.04243781045079231,0.2958076596260071,0.6006724834442139,-0.05695347115397453,0.30631107091903687,0.5377862453460693,-0.07054392248392105,0.3171682357788086,0.47188153862953186,-0.08279743045568466,0.22430329024791718,0.6737040877342224,-0.0435638390481472,0.22991740703582764,0.5538815855979919,-0.052900269627571106,0.22599972784519196,0.4744478464126587,-0.07295150309801102,0.22608055174350739,0.3965185582637787,-0.0889277309179306,0.17966359853744507,0.6849939227104187,-0.047053754329681396,0.16028234362602234,0.5838319063186646,-0.074607715010643,0.14700208604335785,0.5151411890983582,-0.10508684813976288,0.1431577503681183,0.4450552463531494,-0.12711910903453827,0.13479083776474,0.7255943417549133,-0.052444636821746826,0.12602920830249786,0.6957182288169861,-0.08562032878398895,0.13221308588981628,0.760704755783081,-0.09334012866020203,0.14562568068504333,0.82224440574646,-0.09689804911613464
pinza_izquierda,0.1753726601600647,0.8967748284339905,7.68358177083428e-07,0.240091472864151,0.887999415397644,-0.042803797870874405,0.2860497832298279,0.831112265586853,-0.06149126961827278,0.2248266339302063,0.7847973108291626,-0.07405135035514832,0.15411794185638428,0.7594965100288391,-0.09041670709848404,0.2758588492870331,0.6464658379554749,-0.04363727197051048,0.29708829522132874,0.5393339991569519,-0.05915141478180885,0.3070502281188965,0.47337573766708374,-0.07266947627067566,0.31621357798576355,0.4043705463409424,-0.08475689589977264,0.2235209196805954,0.6214126348495483,-0.045264050364494324,0.23189346492290497,0.49594831466674805,-0.057740386575460434,0.2279449701309204,0.41548699140548706,-0.07801230251789093,0.22859665751457214,0.33458706736564636,-0.0932849869132042,0.17796295881271362,0.6348457336425781,-0.04939739406108856,0.16134291887283325,0.5265258550643921,-0.08020450174808502,0.14599129557609558,0.45246419310569763,-0.10994425415992737,0.14107361435890198,0.37398743629455566,-0.13064594566822052,0.132253959774971,0.6788979172706604,-0.05538303032517433,0.12553627789020538,0.6353499889373779,-0.08997822552919388,0.13505659997463226,0.7005894184112549,-0.0954384133219719,0.1520661562681198,0.763477623462677,-0.09685395658016205
pinza_izquierda,0.17723529040813446,0.8419489860534668,7.379634894277842e-07,0.24137264490127563,0.8272746205329895,-0.046169720590114594,0.28875109553337097,0.760841429233551,-0.06452370434999466,0.22467468678951263,0.7092000246047974,-0.07489864528179169,0.15203912556171417,0.6835561990737915,-0.08870778977870941,0.2757689654827118,0.5768277645111084,-0.04712899401783943,0.30018532276153564,0.4638984203338623,-0.06126655638217926,0.3102026581764221,0.39320802688598633,-0.07346996665000916,0.31804561614990234,0.3199906051158905,-0.08458194881677628,0.22112151980400085,0.5513738989830017,-0.045801255851984024,0.23000428080558777,0.4128313958644867,-0.060538314282894135,0.22636231780052185,0.32828208804130554,-0.07878857851028442,0.22644871473312378,0.2434363067150116,-0.09089218825101852,0.1743731051683426,0.5644239783287048,-0.04679490998387337,0.1605488657951355,0.44738003611564636,-0.07889310270547867,0.14948055148124695,0.36818933486938477,-0.10446512699127197,0.14664775133132935,0.2833213210105896,-0.12054499238729477,0.12753233313560486,0.6107572913169861,-0.04984869062900543,0.12284921109676361,0.5458681583404541,-0.08248605579137802,0.13362546265125275,0.6133366227149963,-0.08133058249950409,0.15123891830444336,0.6819367408752441,-0.07695320248603821
pinza_izquierda,0.17226633429527283,0.7849839925765991,8.217303388846631e-07,0.2397506833076477,0.7561578750610352,-0.04269779101014137,0.2838095724582672,0.6754852533340454,-0.05834544077515602,0.22341439127922058,0.6148651242256165,-0.06740929931402206,0.15826469659805298,0.5896115303039551,-0.07997024059295654,0.26622503995895386,0.48986440896987915,-0.040998343378305435,0.2938036322593689,0.36679619550704956,-0.05621543154120445,0.3093793988227844,0.2899618148803711,-0.07027556747198105,0.32085731625556946,0.21421679854393005,-0.08225174993276596,0.20959284901618958,0.46722280979156494,-0.04235849529504776,0.22013825178146362,0.32352232933044434,-0.05336475372314453,0.21958832442760468,0.23071840405464172,-0.07308956235647202,0.22253355383872986,0.1412431001663208,-0.08777937293052673,0.16069883108139038,0.4835628867149353,-0.04634600505232811,0.1464105099439621,0.35559624433517456,-0.07620038837194443,0.13754113018512726,0.2670663893222809,-0.10772643983364105,0.135359525680542,0.17865866422653198,-0.12949366867542267,0.11219054460525513,0.5348828434944153,-0.05227084830403328,0.10921899229288101,0.4631056785583496,-0.08741912245750427,0.1260702908039093,0.5246490240097046,-0.09234471619129181,0.14730514585971832,0.590420126914978,-0.09255978465080261
pinza_izquierda,0.16823647916316986,0.7383427619934082,8.16741589915182e-07,0.23640790581703186,0.7077090740203857,-0.04806651920080185,0.27873682975769043,0.6223767399787903,-0.06826925277709961,0.21361882984638214,0.5567349195480347,-0.08108213543891907,0.14700277149677277,0.5202941298484802,-0.09678515046834946,0.2640611529350281,0.4363194704055786,-0.04801325500011444,0.2899158298969269,0.3076198399066925,-0.0672423467040062,0.3058375418186188,0.2287684679031372,-0.0838312953710556,0.3184255361557007,0.15147998929023743,-0.09736456722021103,0.20349659025669098,0.4155694842338562,-0.047812845557928085,0.21205353736877441,0.2640664577484131,-0.06449735909700394,0.21151646971702576,0.16818588972091675,-0.08660882711410522,0.21406541764736176,0.07560467720031738,-0.1023625060915947,0.15185563266277313,0.4311371445655823,-0.05062023922801018,0.13905629515647888,0.2975766956806183,-0.08518378436565399,0.13232561945915222,0.20328360795974731,-0.1170978844165802,0.13145004212856293,0.10981360077857971,-0.1385072022676468,0.10193527489900589,0.479479044675827,-0.05567818880081177,0.10010864585638046,0.39888429641723633,-0.09440010786056519,0.11803656816482544,0.4590590298175812,-0.09941175580024719,0.13956312835216522,0.5237995386123657,-0.0991801768541336
pinza_izquierda,0.22694554924964905,0.7133024334907532,7.620000701535901e-07,0.29853928089141846,0.6808582544326782,-0.039927512407302856,0.3501570522785187,0.5922888517379761,-0.054499551653862,0.29063063859939575,0.5239880681037903,-0.06324601173400879,0.22539368271827698,0.4907320737838745,-0.07513129711151123,0.3283662796020508,0.4131034016609192,-0.03921758756041527,0.3568234443664551,0.2827611565589905,-0.05601530894637108,0.37166303396224976,0.20101022720336914,-0.06974387913942337,0.38371407985687256,0.12380000948905945,-0.08137264102697372,0.2712094485759735,0.39105454087257385,-0.04239284247159958,0.2800082862377167,0.23463065922260284,-0.055738672614097595,0.2803097665309906,0.13952746987342834,-0.07528920471668243,0.28435325622558594,0.05255019664764404,-0.08943776041269302,0.2224421501159668,0.40688788890838623,-0.04810110107064247,0.20879626274108887,0.26982635259628296,-0.08047305792570114,0.20113743841648102,0.17741671204566956,-0.11185076832771301,0.19836217164993286,0.08788558840751648,-0.1329551488161087,0.17535986006259918,0.45782220363616943,-0.05532710999250412,0.1723562777042389,0.37553995847702026,-0.09191533178091049,0.19447962939739227,0.43008437752723694,-0.09667052328586578,0.2192085236310959,0.4919326603412628,-0.09646377712488174
pinza_izquierda,0.31010034680366516,0.7183201313018799,7.773591619297804e-07,0.38682061433792114,0.6942224502563477,-0.04431340843439102,0.44276556372642517,0.609009861946106,-0.06020472198724747,0.40476059913635254,0.5324804186820984,-0.06955409795045853,0.3452551066875458,0.49214431643486023,-0.08201443403959274,0.41454702615737915,0.41272392868995667,-0.044346168637275696,0.44737786054611206,0.2884518802165985,-0.061029430478811264,0.46411824226379395,0.209175705909729,-0.07583720982074738,0.47445017099380493,0.1330069601535797,-0.0884973555803299,0.3559072017669678,0.39096808433532715,-0.04570964723825455,0.36789119243621826,0.24015574157238007,-0.05894821882247925,0.37227267026901245,0.1434083878993988,-0.08103419095277786,0.37600797414779663,0.054342418909072876,-0.09838699549436569,0.30458077788352966,0.4095560610294342,-0.04968978092074394,0.29744386672973633,0.2735130488872528,-0.08227068930864334,0.29906272888183594,0.17595773935317993,-0.11798737943172455,0.2995401918888092,0.08681255578994751,-0.14332085847854614,0.2561652660369873,0.4612742066383362,-0.05546063929796219,0.27108925580978394,0.38017746806144714,-0.09418923407793045,0.30271750688552856,0.43023088574409485,-0.10432327538728714,0.3280826508998871,0.49402138590812683,-0.10879547894001007
pinza_izquierda,0.41120246052742004,0.7253426313400269,7.93498145412741e-07,0.4853721559047699,0.7026879191398621,-0.04166920483112335,0.5458861589431763,0.6215606927871704,-0.059114161878824234,0.5235799551010132,0.5465143918991089,-0.07078330218791962,0.4668204188346863,0.5063090324401855,-0.08610694110393524,0.5136750340461731,0.42048242688179016,-0.045706912875175476,0.5476886034011841,0.30159348249435425,-0.06539236754179001,0.5707963705062866,0.22684524953365326,-0.08295755088329315,0.5880638360977173,0.15256857872009277,-0.09718836843967438,0.4601958394050598,0.40169939398765564,-0.04891141876578331,0.4741378426551819,0.25447529554367065,-0.06356919556856155,0.47840532660484314,0.15885332226753235,-0.08709993958473206,0.4817526936531067,0.06912201642990112,-0.10629655420780182,0.4104425311088562,0.4235171973705292,-0.054395660758018494,0.41210463643074036,0.2913302183151245,-0.08740361034870148,0.4176451861858368,0.19177594780921936,-0.12417527288198471,0.4202136993408203,0.10311192274093628,-0.1510024219751358,0.36107298731803894,0.47489839792251587,-0.061342306435108185,0.3873053193092346,0.40304216742515564,-0.09911516308784485,0.42183876037597656,0.44990018010139465,-0.10978430509567261,0.44643399119377136,0.5110055804252625,-0.11558841168880463
pinza_izquierda,0.48950114846229553,0.7391113042831421,7.824140766388155e-07,0.5600013732910156,0.7120696306228638,-0.03969166800379753,0.6253931522369385,0.635556161403656,-0.05830834433436394,0.6100512146949768,0.5632043480873108,-0.0716375783085823,0.5517996549606323,0.5297677516937256,-0.08902451395988464,0.5948134064674377,0.43631455302238464,-0.05000896379351616,0.6307197213172913,0.31723397970199585,-0.07155026495456696,0.6520997285842896,0.24107615649700165,-0.09053832292556763,0.6674888134002686,0.1647891104221344,-0.10546940565109253,0.5391597747802734,0.41578561067581177,-0.055661626160144806,0.5498878359794617,0.2672936022281647,-0.07051876187324524,0.5547494292259216,0.17184701561927795,-0.09385918080806732,0.5572490096092224,0.08417651057243347,-0.11312321573495865,0.48705852031707764,0.43614813685417175,-0.06300406903028488,0.48541370034217834,0.31056469678878784,-0.0953008383512497,0.49408939480781555,0.21114200353622437,-0.13113461434841156,0.4973922371864319,0.12152424454689026,-0.15792982280254364,0.4355486035346985,0.48758184909820557,-0.07193877547979355,0.4666103422641754,0.4198705852031708,-0.10865373909473419,0.5032951831817627,0.46840161085128784,-0.11776880919933319,0.52663254737854,0.5285664796829224,-0.12289687246084213
pinza_izquierda,0.6563946604728699,0.7234793901443481,7.025077479738684e-07,0.7314287424087524,0.6938562393188477,-0.024904323741793633,0.8020616769790649,0.6245921850204468,-0.03902386501431465,0.8083840608596802,0.552847146987915,-0.05132853984832764,0.7541612386703491,0.525052547454834,-0.06890227645635605,0.7565585374832153,0.4273962676525116,-0.03377975896000862,0.7968847155570984,0.3161214590072632,-0.05108598247170448,0.8208580613136292,0.24813312292099,-0.06722366064786911,0.8394554853439331,0.17858898639678955,-0.08083735406398773,0.7075873613357544,0.4123498201370239,-0.046340759843587875,0.7299360036849976,0.2752663195133209,-0.06362588703632355,0.7382112741470337,0.18373817205429077,-0.08755992352962494,0.7429010272026062,0.0965455174446106,-0.1059105321764946,0.6599606871604919,0.4367417097091675,-0.05953027680516243,0.678646445274353,0.3170761466026306,-0.09540067613124847,0.6971815824508667,0.22718127071857452,-0.13016079366207123,0.7091265320777893,0.1402038037776947,-0.15423209965229034,0.6137712001800537,0.4943971037864685,-0.07248473167419434,0.6622158288955688,0.4263262450695038,-0.10869485884904861,0.7029265761375427,0.4774363338947296,-0.11567079275846481,0.7302083969116211,0.5387912392616272,-0.11884740740060806
pinza_izquierda,0.6854021549224854,0.7543706893920898,7.497942533518653e-07,0.7596303820610046,0.7270224094390869,-0.026129405945539474,0.8299683332443237,0.6638327240943909,-0.043625008314847946,0.8499224781990051,0.6083501577377319,-0.060114797204732895,0.8045709133148193,0.5836399793624878,-0.08044369518756866,0.792038083076477,0.4698998034000397,-0.033470600843429565,0.8347352743148804,0.36508995294570923,-0.053722452372312546,0.8646547794342041,0.29966676235198975,-0.0717519223690033,0.8867442607879639,0.2368568629026413,-0.08540844917297363,0.7443029284477234,0.45731616020202637,-0.045553840696811676,0.7719237208366394,0.3259194493293762,-0.06483285129070282,0.7878475189208984,0.2382832169532776,-0.08773916959762573,0.7977902293205261,0.16021856665611267,-0.10489356517791748,0.6988510489463806,0.47946372628211975,-0.0593281090259552,0.7268075942993164,0.37316974997520447,-0.09511013329029083,0.7501850724220276,0.2862161695957184,-0.12933389842510223,0.7671125531196594,0.20772191882133484,-0.1531689465045929,0.6566541790962219,0.5297739505767822,-0.07344698905944824,0.7169688940048218,0.4817410111427307,-0.10791673511266708,0.7541576027870178,0.5311206579208374,-0.11636113375425339,0.7786828875541687,0.5902381539344788,-0.12130939215421677
pinza_izquierda,0.6584216952323914,0.8574927449226379,8.30903445603326e-07,0.7353519201278687,0.8459877371788025,-0.022489003837108612,0.8048008680343628,0.806694746017456,-0.03814869374036789,0.8356627225875854,0.7660693526268005,-0.05342632904648781,0.7960792183876038,0.7473148107528687,-0.07211887091398239,0.7883108854293823,0.5978733897209167,-0.02875463105738163,0.8375458717346191,0.5063440799713135,-0.045201148837804794,0.8704857230186462,0.4511258006095886,-0.059534940868616104,0.8951655030250549,0.3963466286659241,-0.0718752071261406,0.7404091954231262,0.578366756439209,-0.04342346638441086,0.7657383680343628,0.4556928277015686,-0.06377328932285309,0.7780500054359436,0.3729252517223358,-0.08942291885614395,0.7865436673164368,0.29925572872161865,-0.10839129984378815,0.6919231414794922,0.5977919101715088,-0.05919160321354866,0.7229790687561035,0.5111469626426697,-0.09792763739824295,0.7491662502288818,0.427367627620697,-0.13804663717746735,0.7700989842414856,0.3490196168422699,-0.16568787395954132,0.6483860611915588,0.6483984589576721,-0.07467596232891083,0.7158761024475098,0.6319980025291443,-0.11292769014835358,0.7523869872093201,0.6875996589660645,-0.12817277014255524,0.7765237092971802,0.7467920780181885,-0.13813430070877075
pinza_izquierda,0.5920549035072327,0.9316799640655518,8.155447517310677e-07,0.661418616771698,0.9324033856391907,-0.026863940060138702,0.7341282367706299,0.9027628898620605,-0.04525453597307205,0.763893723487854,0.8588593006134033,-0.06186973676085472,0.7230164408683777,0.8355041146278381,-0.08181092888116837,0.7309893369674683,0.6998389363288879,-0.03753683716058731,0.7843417525291443,0.6082193851470947,-0.05562944710254669,0.8196567893028259,0.5556424856185913,-0.07072722166776657,0.8477146029472351,0.5026037693023682,-0.08262424170970917,0.6899141073226929,0.6804434657096863,-0.04947907105088234,0.7341976761817932,0.5643736124038696,-0.0674048662185669,0.7572974562644958,0.48458895087242126,-0.08961628377437592,0.774137556552887,0.41199102997779846,-0.10634057968854904,0.643904447555542,0.6940414309501648,-0.06250107288360596,0.6796352863311768,0.6047270894050598,-0.09521613270044327,0.708524227142334,0.5292412042617798,-0.12816636264324188,0.7328377962112427,0.4615837335586548,-0.15113840997219086,0.5960196256637573,0.7346683144569397,-0.07604553550481796,0.653161346912384,0.7105804681777954,-0.10664990544319153,0.6802073121070862,0.7652594447135925,-0.11467262357473373,0.6953257322311401,0.8269252777099609,-0.11973311007022858
pinza_izquierda,0.18817460536956787,0.9501878023147583,6.599887569791463e-07,0.24685996770858765,0.9432830810546875,-0.04188546538352966,0.2871689796447754,0.8914527297019958,-0.059365496039390564,0.2240247130393982,0.8516438603401184,-0.06998288631439209,0.15245404839515686,0.8361770510673523,-0.08346787095069885,0.27571171522140503,0.7164300084114075,-0.0404573418200016,0.28040850162506104,0.613185465335846,-0.054762523621320724,0.274849534034729,0.5455700755119324,-0.06640343368053436,0.27122122049331665,0.47574982047080994,-0.07687579840421677,0.226632222533226,0.6926144361495972,-0.04059992730617523,0.23192928731441498,0.5698726177215576,-0.05551263689994812,0.22856661677360535,0.4942018389701843,-0.070240817964077,0.23187409341335297,0.41958990693092346,-0.07888796925544739,0.18376529216766357,0.7041209936141968,-0.043595775961875916,0.16914063692092896,0.5940390825271606,-0.07489682734012604,0.1572992205619812,0.5254941582679749,-0.09614425897598267,0.15672600269317627,0.4524456262588501,-0.10771891474723816,0.14222387969493866,0.7477480173110962,-0.048506297171115875,0.1349714696407318,0.6919949650764465,-0.07907529920339584,0.13746097683906555,0.7555428147315979,-0.07628743350505829,0.14918836951255798,0.8202915191650391,-0.07011143863201141
pinza_izquierda,0.17431460320949554,0.9176328778266907,7.712141609772516e-07,0.2370881736278534,0.9078003764152527,-0.04552369564771652,0.27811551094055176,0.8483936786651611,-0.06319834291934967,0.2113722264766693,0.8008989095687866,-0.07267660647630692,0.14278587698936462,0.7792949080467224,-0.08551205694675446,0.26967406272888184,0.6751757264137268,-0.042449094355106354,0.2765665054321289,0.5652259588241577,-0.056808289140462875,0.2726719379425049,0.49616682529449463,-0.06939467042684555,0.2700791358947754,0.4273890256881714,-0.08042249083518982,0.2190641462802887,0.6515344381332397,-0.04048323258757591,0.22701217234134674,0.5222780704498291,-0.05204232037067413,0.2253752052783966,0.4428984224796295,-0.06944228708744049,0.22928012907505035,0.3679748475551605,-0.0810912624001503,0.17383766174316406,0.6620121002197266,-0.04165612906217575,0.16123907268047333,0.5505357980728149,-0.07247307896614075,0.1506047397851944,0.47761523723602295,-0.10077450424432755,0.1493726521730423,0.4030769467353821,-0.11855195462703705,0.13012030720710754,0.7032915353775024,-0.04470459371805191,0.12345505505800247,0.6534795761108398,-0.08060051500797272,0.1278599202632904,0.7181433439254761,-0.08525463938713074,0.13957156240940094,0.7805759906768799,-0.08432792127132416
pinza_izquierda,0.18587470054626465,0.8839205503463745,6.86740690980514e-07,0.24959054589271545,0.8587571382522583,-0.03884010389447212,0.29274216294288635,0.7874926328659058,-0.051556721329689026,0.23083674907684326,0.7419738173484802,-0.057820875197649,0.1631341278553009,0.7214183807373047,-0.06665243953466415,0.2761271297931671,0.6089457273483276,-0.029168644919991493,0.28617677092552185,0.4957466721534729,-0.03965563327074051,0.2865859866142273,0.42372411489486694,-0.049704089760780334,0.28748399019241333,0.35110360383987427,-0.0590522438287735,0.22494159638881683,0.5899500846862793,-0.029437240213155746,0.2366613894701004,0.4572905898094177,-0.041399598121643066,0.23866988718509674,0.3731768727302551,-0.05649510771036148,0.24547207355499268,0.29109200835227966,-0.06562354415655136,0.17960159480571747,0.6040404438972473,-0.032899338752031326,0.17143161594867706,0.48578667640686035,-0.06279753893613815,0.16810068488121033,0.4089968502521515,-0.08728563785552979,0.1718015968799591,0.3289237916469574,-0.10137061774730682,0.13554102182388306,0.6491582989692688,-0.03816376253962517,0.13730517029762268,0.5825691223144531,-0.0689665898680687,0.14379513263702393,0.6487738490104675,-0.06774887442588806,0.15612149238586426,0.7167993187904358,-0.0627128928899765
pinza_izquierda,0.19343222677707672,0.8460438251495361,6.711165951855946e-07,0.2575276792049408,0.82159823179245,-0.04361888766288757,0.30074721574783325,0.7458817958831787,-0.05930860713124275,0.23833702504634857,0.6917188763618469,-0.06743697822093964,0.16856291890144348,0.6642622947692871,-0.07848178595304489,0.2850135862827301,0.5650072693824768,-0.03868427127599716,0.2971089482307434,0.44585931301116943,-0.052013099193573,0.29842475056648254,0.3711763024330139,-0.06369107961654663,0.29956912994384766,0.2956574559211731,-0.07388117909431458,0.2327808439731598,0.5457131862640381,-0.037426210939884186,0.24508950114250183,0.406266450881958,-0.052750326693058014,0.24710914492607117,0.3192899823188782,-0.06943541020154953,0.2535019814968109,0.23381751775741577,-0.07914058119058609,0.1870008111000061,0.5593084096908569,-0.03910133242607117,0.18144918978214264,0.43266719579696655,-0.07159087806940079,0.17888173460960388,0.353726863861084,-0.09572164714336395,0.1831672489643097,0.27063775062561035,-0.10927227884531021,0.14139428734779358,0.6040343046188354,-0.04274343326687813,0.14434567093849182,0.5297882556915283,-0.07503839582204819,0.15030217170715332,0.5989593863487244,-0.07227126508951187,0.16253527998924255,0.6700160503387451,-0.0657707154750824
pinza_izquierda,0.19792678952217102,0.7946657538414001,6.694230023640557e-07,0.2654392421245575,0.7613433599472046,-0.04460667446255684,0.3093215525150299,0.6752188205718994,-0.059783004224300385,0.24675282835960388,0.6125791072845459,-0.06815675646066666,0.17952512204647064,0.5801126956939697,-0.07908128947019577,0.2890537977218628,0.48262858390808105,-0.03398379310965538,0.29926082491874695,0.35888975858688354,-0.047514308243989944,0.3008975684642792,0.28024449944496155,-0.061133868992328644,0.3003629446029663,0.2026137113571167,-0.07296944409608841,0.23434273898601532,0.4662189781665802,-0.033360663801431656,0.2460307627916336,0.32353347539901733,-0.04687870666384697,0.24832668900489807,0.23270368576049805,-0.0647922232747078,0.2528110444545746,0.1437002420425415,-0.07652682065963745,0.1858108788728714,0.484301894903183,-0.03634754195809364,0.1824534386396408,0.3508542776107788,-0.06798189878463745,0.18226201832294464,0.26359063386917114,-0.09484568983316422,0.18499000370502472,0.17582517862319946,-0.1111462414264679,0.13864167034626007,0.5334821939468384,-0.04162616655230522,0.14544717967510223,0.44762101769447327,-0.07565729320049286,0.1586860716342926,0.5085850954055786,-0.07605230063199997,0.17419511079788208,0.5757763981819153,-0.07185196876525879
pinza_izquierda,0.2318800687789917,0.7569817900657654,6.970287813601317e-07,0.301802396774292,0.7240121960639954,-0.03975421190261841,0.35540008544921875,0.6352757215499878,-0.05367504805326462,0.2927670478820801,0.5678479671478271,-0.06144460663199425,0.22232452034950256,0.5437690019607544,-0.07268152385950089,0.3306964635848999,0.454781174659729,-0.03136167675256729,0.3446864187717438,0.33086156845092773,-0.04325162619352341,0.3482905924320221,0.2520636320114136,-0.055018700659275055,0.3492477536201477,0.1754269301891327,-0.06569487601518631,0.27665820717811584,0.4356999099254608,-0.033212896436452866,0.29040905833244324,0.29035288095474243,-0.0432441346347332,0.2921905219554901,0.19869115948677063,-0.05951948091387749,0.2949564456939697,0.10927638411521912,-0.07118413597345352,0.22760002315044403,0.4527260959148407,-0.03794427588582039,0.226621612906456,0.3172166347503662,-0.06874720007181168,0.22751426696777344,0.23041191697120667,-0.0960998609662056,0.23033951222896576,0.14014995098114014,-0.11372532695531845,0.17734432220458984,0.5004021525382996,-0.044113561511039734,0.1874908059835434,0.41319820284843445,-0.0769248902797699,0.200684055685997,0.476592093706131,-0.07582162320613861,0.21415355801582336,0.5441280603408813,-0.07185742259025574
pinza_izquierda,0.35161495208740234,0.7604427337646484,6.417420763682458e-07,0.4216316044330597,0.7239025831222534,-0.03782515600323677,0.4733594059944153,0.6325492858886719,-0.05038651078939438,0.4257763922214508,0.5627779364585876,-0.05724373087286949,0.3606940507888794,0.5437039136886597,-0.06736738979816437,0.43636348843574524,0.4481368362903595,-0.03120957873761654,0.44903019070625305,0.32565638422966003,-0.04263397678732872,0.45413392782211304,0.2508851885795593,-0.05455368012189865,0.45668327808380127,0.17671430110931396,-0.0654873475432396,0.3846290111541748,0.4337400496006012,-0.03424990549683571,0.3960363268852234,0.2920374870300293,-0.043989792466163635,0.3995446562767029,0.19949263334274292,-0.06204397603869438,0.402926504611969,0.1098785400390625,-0.07619652152061462,0.33777040243148804,0.4552212953567505,-0.04005833715200424,0.3359556794166565,0.3222753405570984,-0.07074659317731857,0.34035736322402954,0.23138228058815002,-0.1027911826968193,0.34298786520957947,0.1438995897769928,-0.12449442595243454,0.2913461923599243,0.5080385208129883,-0.04708890989422798,0.3049846589565277,0.41660553216934204,-0.08123638480901718,0.3317183554172516,0.47008317708969116,-0.08581577986478806,0.3533923923969269,0.5354390740394592,-0.08661475777626038
pinza_izquierda,0.4305799901485443,0.7483236789703369,6.54910650155216e-07,0.4982304573059082,0.7155281901359558,-0.03858272358775139,0.550479531288147,0.6304065585136414,-0.0524323508143425,0.5163498520851135,0.5593896508216858,-0.06047024950385094,0.45736631751060486,0.5328747630119324,-0.07161349803209305,0.5115811824798584,0.4421015977859497,-0.0368000753223896,0.5266706347465515,0.3182637691497803,-0.051128096878528595,0.533022403717041,0.24231457710266113,-0.06416133791208267,0.5357875823974609,0.1672711968421936,-0.07514362782239914,0.46207675337791443,0.4290259778499603,-0.038690630346536636,0.47463712096214294,0.28734034299850464,-0.05206163600087166,0.4788748621940613,0.1949414312839508,-0.07049854099750519,0.48193344473838806,0.10824254155158997,-0.08405707776546478,0.41657426953315735,0.45106738805770874,-0.04300734028220177,0.4184776842594147,0.32012492418289185,-0.07471248507499695,0.42652657628059387,0.23137862980365753,-0.10458699613809586,0.43192994594573975,0.14745503664016724,-0.12391157448291779,0.37210729718208313,0.5039430856704712,-0.04854804649949074,0.3907053768634796,0.41361358761787415,-0.08067413419485092,0.4172244668006897,0.4631471037864685,-0.08314039558172226,0.4372202157974243,0.5265564918518066,-0.08211559057235718
pinza_izquierda,0.5445169806480408,0.739739716053009,6.310408480203478e-07,0.6146511435508728,0.7099735736846924,-0.03693795204162598,0.6745772957801819,0.6283522844314575,-0.05152769386768341,0.6550614833831787,0.5570918917655945,-0.06079019978642464,0.5959898233413696,0.5267181992530823,-0.07334519177675247,0.6306071281433105,0.44025322794914246,-0.03682905435562134,0.6496367454528809,0.3209531903266907,-0.05319397523999214,0.6590317487716675,0.24928899109363556,-0.06753238290548325,0.665000319480896,0.17873960733413696,-0.07893022894859314,0.5858402252197266,0.42782267928123474,-0.040376339107751846,0.6013791561126709,0.2883535623550415,-0.05562645196914673,0.6072213053703308,0.19827252626419067,-0.0749005526304245,0.6106642484664917,0.11352401971817017,-0.08910440653562546,0.5427023768424988,0.44998064637184143,-0.04639112949371338,0.5510772466659546,0.3244999051094055,-0.07939466089010239,0.5619910359382629,0.2386937439441681,-0.10939810425043106,0.5685800313949585,0.15706586837768555,-0.12893247604370117,0.49938029050827026,0.5025975108146667,-0.0534491240978241,0.5260113477706909,0.41806522011756897,-0.0871841087937355,0.5534411668777466,0.46750640869140625,-0.09078360348939896,0.5722048878669739,0.5295809507369995,-0.09056629240512848
pinza_izquierda,0.6030508279800415,0.7123571634292603,6.9297016125347e-07,0.6706731915473938,0.6850968599319458,-0.04091121256351471,0.7302733659744263,0.6085455417633057,-0.05888033285737038,0.7153568267822266,0.5387594699859619,-0.07090277969837189,0.6599823236465454,0.5040807723999023,-0.08588653057813644,0.6893049478530884,0.4268729090690613,-0.04568862169981003,0.7124868035316467,0.30979228019714355,-0.06422752887010574,0.7227485179901123,0.23799103498458862,-0.07984858006238937,0.7270916104316711,0.1688230037689209,-0.09170715510845184,0.6443057656288147,0.4140465557575226,-0.04682254418730736,0.6633085608482361,0.27365052700042725,-0.061861272901296616,0.6716699600219727,0.18345177173614502,-0.08140110969543457,0.6748483777046204,0.10137632489204407,-0.09634251147508621,0.6004219651222229,0.43262481689453125,-0.05024627223610878,0.6119795441627502,0.30980682373046875,-0.08056914806365967,0.6267969012260437,0.2233985811471939,-0.1111108735203743,0.6338229179382324,0.14722377061843872,-0.13223393261432648,0.556185781955719,0.4772026836872101,-0.055248819291591644,0.5878763794898987,0.4041343927383423,-0.0877743661403656,0.6166201233863831,0.44798117876052856,-0.0937914028763771,0.6323837637901306,0.5057709813117981,-0.09581319242715836
pinza_izquierda,0.6784987449645996,0.7156506776809692,6.969925721023174e-07,0.7464491724967957,0.6893264651298523,-0.038910817354917526,0.8041543364524841,0.6137349009513855,-0.05529247596859932,0.7960339784622192,0.5455268025398254,-0.0662066787481308,0.7427847981452942,0.5143530368804932,-0.08021188527345657,0.7559576630592346,0.4251208007335663,-0.04281551018357277,0.7770238518714905,0.31172412633895874,-0.059759471565485,0.7866656184196472,0.24020437896251678,-0.07495688647031784,0.7916536331176758,0.16896292567253113,-0.08727531135082245,0.7125521302223206,0.4155135750770569,-0.045225728303194046,0.7284573912620544,0.27992957830429077,-0.06059897691011429,0.7372085452079773,0.190354585647583,-0.08069358766078949,0.7426267862319946,0.10698792338371277,-0.09625938534736633,0.6701321005821228,0.43818801641464233,-0.04972439631819725,0.6811957359313965,0.31708359718322754,-0.08026864379644394,0.6966497898101807,0.2293453961610794,-0.11028072983026505,0.7058159708976746,0.1497299075126648,-0.1309940218925476,0.628081202507019,0.48771506547927856,-0.05582983046770096,0.6625127792358398,0.41072797775268555,-0.08799109607934952,0.6942692995071411,0.45288845896720886,-0.0939137414097786,0.713860273361206,0.5090513825416565,-0.09616322070360184
pinza_izquierda,0.7440198659896851,0.7328169345855713,6.829075687164732e-07,0.8134615421295166,0.6980708837509155,-0.03332318738102913,0.8732355237007141,0.6194451451301575,-0.04927677661180496,0.8723620772361755,0.5509025454521179,-0.061276450753211975,0.8191531896591187,0.5315007567405701,-0.07727798819541931,0.8194338083267212,0.436987042427063,-0.03906913846731186,0.8393906950950623,0.32338929176330566,-0.05668850988149643,0.8510344624519348,0.2525431513786316,-0.0728016272187233,0.8588915467262268,0.1839565634727478,-0.08580688387155533,0.7766584157943726,0.42996737360954285,-0.0458957739174366,0.7937735915184021,0.29352036118507385,-0.06329518556594849,0.8022903203964233,0.2033310830593109,-0.08526965975761414,0.8073384165763855,0.1189100444316864,-0.10186755657196045,0.7342485189437866,0.4545719623565674,-0.05421798303723335,0.7482274174690247,0.33009642362594604,-0.08663663268089294,0.765910267829895,0.24330997467041016,-0.11680495738983154,0.7772606611251831,0.16371628642082214,-0.13744616508483887,0.6917339563369751,0.5074475407600403,-0.06356275826692581,0.7284282445907593,0.426295667886734,-0.09649692475795746,0.7649918794631958,0.4677942097187042,-0.10134200751781464,0.7903720140457153,0.5241008996963501,-0.10278243571519852
pinza_izquierda,0.7816480398178101,0.7991433143615723,6.254209097278363e-07,0.8522063493728638,0.7655310034751892,-0.03295004740357399,0.9191784858703613,0.6883876323699951,-0.04992949217557907,0.9251299500465393,0.6226704716682434,-0.06368096172809601,0.870776355266571,0.6050745844841003,-0.08059010654687881,0.8640115857124329,0.4997735321521759,-0.035176921635866165,0.8864507079124451,0.3872598707675934,-0.05238721892237663,0.8992672562599182,0.31482601165771484,-0.06764718145132065,0.9068149924278259,0.2462136447429657,-0.08021185547113419,0.8206878900527954,0.4941398501396179,-0.04380599036812782,0.8401864767074585,0.3567231297492981,-0.06537169963121414,0.8519434332847595,0.2682136297225952,-0.08664694428443909,0.8585999011993408,0.18669268488883972,-0.10179055482149124,0.7786012291908264,0.5189487934112549,-0.05461195483803749,0.8035567402839661,0.4014783501625061,-0.09157595038414001,0.8252246379852295,0.3179572820663452,-0.12040725350379944,0.8402050733566284,0.2395254671573639,-0.1390123814344406,0.7382967472076416,0.5727976560592651,-0.06651992350816727,0.7848407030105591,0.49189451336860657,-0.09998233616352081,0.8202775716781616,0.5384562611579895,-0.10322968661785126,0.8458121418952942,0.599479615688324,-0.10387872904539108
pinza_izquierda,0.7778246998786926,0.8702398538589478,7.451985766238067e-07,0.8469526767730713,0.8354313373565674,-0.0333714485168457,0.9141836762428284,0.7665529251098633,-0.05352099984884262,0.9237794876098633,0.7088558077812195,-0.07107942551374435,0.869928240776062,0.6920527815818787,-0.09147635847330093,0.8514130711555481,0.5793787240982056,-0.036482226103544235,0.8771589994430542,0.47566404938697815,-0.05682748556137085,0.8910791277885437,0.4094043970108032,-0.07536178082227707,0.897800862789154,0.34445297718048096,-0.09034360945224762,0.8098294734954834,0.5770208239555359,-0.04621773585677147,0.8376939296722412,0.4487558603286743,-0.0698172077536583,0.8507406115531921,0.3612349033355713,-0.0948423445224762,0.8550235033035278,0.2797527313232422,-0.113169364631176,0.7693634629249573,0.6034777164459229,-0.057909198105335236,0.8025611042976379,0.4965916574001312,-0.09400670975446701,0.8320064544677734,0.42611801624298096,-0.12008626759052277,0.8519291877746582,0.3569278419017792,-0.13709789514541626,0.7313579320907593,0.6588559150695801,-0.07117024809122086,0.7812589406967163,0.584002673625946,-0.10481517761945724,0.8214296102523804,0.6268406510353088,-0.1071164533495903,0.8491283655166626,0.6831750273704529,-0.106654591858387
pinza_izquierda,0.7417274713516235,0.9264037609100342,7.399430614896119e-07,0.8114176392555237,0.8977859020233154,-0.030655210837721825,0.8840420246124268,0.8340321183204651,-0.049745142459869385,0.8968028426170349,0.7762856483459473,-0.06603582948446274,0.8456131219863892,0.7614995837211609,-0.08500665426254272,0.8318222165107727,0.6381285190582275,-0.03445594012737274,0.8571056723594666,0.5327664613723755,-0.052363719791173935,0.8710260391235352,0.4678308367729187,-0.06830668449401855,0.8782661557197571,0.40204063057899475,-0.08141764253377914,0.788332462310791,0.6322697401046753,-0.04464779421687126,0.8156533241271973,0.5042253732681274,-0.06507698446512222,0.8269904255867004,0.41924887895584106,-0.08779799938201904,0.8309285044670105,0.33818820118904114,-0.10458577424287796,0.7440289258956909,0.6572455763816833,-0.05644429847598076,0.7727401852607727,0.559709906578064,-0.09118231385946274,0.7987568378448486,0.4858301281929016,-0.11870071291923523,0.8175193667411804,0.415204256772995,-0.13673819601535797,0.7017378211021423,0.71021968126297,-0.06946410983800888,0.7553508281707764,0.6461146473884583,-0.1011689230799675,0.7936593294143677,0.6951565742492676,-0.1035623550415039,0.8189265727996826,0.7556560039520264,-0.10346414148807526
pinza_izquierda,0.6323190331459045,0.9527344107627869,5.954293555987533e-07,0.6966711282730103,0.9272699952125549,-0.026488713920116425,0.7643481492996216,0.8634402751922607,-0.04024835303425789,0.7619009017944336,0.8048085570335388,-0.0508054681122303,0.712046205997467,0.7883233428001404,-0.06520645320415497,0.7244718670845032,0.6691600680351257,-0.02887723408639431,0.7483385801315308,0.5652588605880737,-0.041383858770132065,0.7615869641304016,0.5009776949882507,-0.05402316898107529,0.7686572074890137,0.4326828420162201,-0.06513185799121857,0.6818374395370483,0.6601578593254089,-0.03815314546227455,0.7065608501434326,0.5321043729782104,-0.05244915187358856,0.7184935212135315,0.4497927725315094,-0.07075951993465424,0.7260436415672302,0.3680357038974762,-0.08484955132007599,0.6377561688423157,0.6818989515304565,-0.0485679917037487,0.6631641387939453,0.5779914855957031,-0.07859202474355698,0.6877223253250122,0.5010877847671509,-0.105240099132061,0.707209587097168,0.42601633071899414,-0.12305120378732681,0.592819094657898,0.7324047684669495,-0.05952731892466545,0.6357326507568359,0.6650150418281555,-0.08615265786647797,0.6655569076538086,0.7168154120445251,-0.0859416052699089,0.6860365867614746,0.7801709771156311,-0.0845988392829895
pinza_izquierda,0.5264034867286682,0.9370808005332947,5.735901140724309e-07,0.5976389050483704,0.9125317335128784,-0.027296651154756546,0.665999710559845,0.8489795923233032,-0.04017340764403343,0.6556259393692017,0.7881407141685486,-0.05016467720270157,0.599328339099884,0.7731841802597046,-0.06445137411355972,0.6306649446487427,0.6480053067207336,-0.02767557092010975,0.6532527208328247,0.5373280048370361,-0.04057395085692406,0.6651285886764526,0.4689720869064331,-0.054144520312547684,0.6729127168655396,0.3980236351490021,-0.06639692187309265,0.5867133736610413,0.6397908926010132,-0.03775813803076744,0.6067571640014648,0.5104639530181885,-0.051070865243673325,0.614998996257782,0.4278913736343384,-0.07112517952919006,0.6211853623390198,0.34261855483055115,-0.0872749462723732,0.5417249202728271,0.6627236008644104,-0.049018122255802155,0.5602964758872986,0.5563793182373047,-0.07701946049928665,0.5775940418243408,0.48064684867858887,-0.10225518047809601,0.5926018357276917,0.400779128074646,-0.12005089223384857,0.49489301443099976,0.717500627040863,-0.06135817617177963,0.5267795324325562,0.6416445970535278,-0.0889347717165947,0.5574055314064026,0.6931658983230591,-0.08803379535675049,0.5820858478546143,0.7562458515167236,-0.0858636423945427
pinza_izquierda,0.4506417512893677,0.9398620128631592,6.042895961400063e-07,0.5250451564788818,0.9182746410369873,-0.03791600838303566,0.596142053604126,0.8554121851921082,-0.05415862053632736,0.573189377784729,0.7940140962600708,-0.06518614292144775,0.5076577067375183,0.773078441619873,-0.08020702004432678,0.5557408332824707,0.6526323556900024,-0.035429634153842926,0.5740923881530762,0.5454684495925903,-0.049459170550107956,0.58213210105896,0.4769170880317688,-0.06545497477054596,0.5862067341804504,0.405287504196167,-0.07958099246025085,0.5110777020454407,0.6398276686668396,-0.040259089320898056,0.5274392366409302,0.5132160782814026,-0.0514596551656723,0.5337846875190735,0.4301241934299469,-0.07436428219079971,0.538051426410675,0.34476035833358765,-0.093714639544487,0.467141330242157,0.6607385277748108,-0.04720160365104675,0.4820544123649597,0.5529680848121643,-0.07496403157711029,0.4945845603942871,0.48038941621780396,-0.10668686032295227,0.5034494400024414,0.40420839190483093,-0.13035297393798828,0.4218270778656006,0.7112072110176086,-0.055856429040431976,0.45277759432792664,0.6508875489234924,-0.08499687910079956,0.4783679246902466,0.7043201327323914,-0.09079436212778091,0.49708008766174316,0.7648463845252991,-0.0946207344532013
pinza_izquierda,0.39713484048843384,0.9377173781394958,6.226952677934605e-07,0.47270894050598145,0.9131631851196289,-0.03303799778223038,0.5389897227287292,0.8489761352539062,-0.047403477132320404,0.5109241008758545,0.7891824245452881,-0.05726335197687149,0.448494017124176,0.7762569189071655,-0.07131067663431168,0.4972449541091919,0.648324728012085,-0.03374993056058884,0.5144453048706055,0.5364748239517212,-0.0484609454870224,0.5217138528823853,0.46467599272727966,-0.06352762132883072,0.5245031714439392,0.38980379700660706,-0.07658333331346512,0.4527837932109833,0.6399096846580505,-0.040891751646995544,0.470546156167984,0.5073245167732239,-0.05284621939063072,0.47559383511543274,0.4213138520717621,-0.07294731587171555,0.4776536822319031,0.3333268463611603,-0.0891876369714737,0.4084463119506836,0.6640819907188416,-0.049870770424604416,0.4223344624042511,0.5513911843299866,-0.07859152555465698,0.4336586594581604,0.4779789447784424,-0.10642989724874496,0.4414794445037842,0.39960017800331116,-0.12561163306236267,0.36241817474365234,0.719021737575531,-0.06010158732533455,0.3892885744571686,0.644585132598877,-0.08714193105697632,0.41354477405548096,0.6970723867416382,-0.08775539696216583,0.4321734309196472,0.7592835426330566,-0.08704699575901031
pinza_izquierda,0.336655855178833,0.9360485076904297,6.032098553987453e-07,0.41071999073028564,0.9140217304229736,-0.035862796008586884,0.47652941942214966,0.8533278107643127,-0.05156254768371582,0.4406178295612335,0.7969661951065063,-0.06250303983688354,0.3711748719215393,0.7820331454277039,-0.0778692364692688,0.4426652491092682,0.6532703638076782,-0.036799460649490356,0.45517757534980774,0.5418939590454102,-0.05026516690850258,0.45956024527549744,0.4725235104560852,-0.06502966582775116,0.4609468877315521,0.3978804051876068,-0.07844249904155731,0.3952088952064514,0.6409417986869812,-0.0428781621158123,0.40851733088493347,0.5114907026290894,-0.05479573458433151,0.4085436463356018,0.4281192421913147,-0.07612134516239166,0.40830376744270325,0.34001147747039795,-0.09342604130506516,0.3498724699020386,0.6654449701309204,-0.05059182643890381,0.35940417647361755,0.5572317242622375,-0.07861050218343735,0.3639972507953644,0.485601007938385,-0.10614953935146332,0.3677787780761719,0.4060085713863373,-0.1256546676158905,0.30336952209472656,0.721196711063385,-0.059879597276449203,0.32572484016418457,0.6504961252212524,-0.08595021069049835,0.3461475968360901,0.7042064666748047,-0.08542051166296005,0.3640345335006714,0.7671557068824768,-0.08423872292041779
pinza_izquierda,0.2666793465614319,0.901646614074707,6.782830723750521e-07,0.3466894030570984,0.873028039932251,-0.03466049209237099,0.4120703339576721,0.8076383471488953,-0.04427480697631836,0.370439738035202,0.7469940185546875,-0.04850981757044792,0.3011043667793274,0.7472023963928223,-0.05574740469455719,0.3799675703048706,0.6172974705696106,-0.016772033646702766,0.38810592889785767,0.5047807097434998,-0.022428223863244057,0.3890816271305084,0.4377385973930359,-0.03203073889017105,0.3892279863357544,0.3688189685344696,-0.04202210530638695,0.33333009481430054,0.6028603911399841,-0.020780913531780243,0.3433353900909424,0.4757559895515442,-0.02484641969203949,0.3404102921485901,0.39556068181991577,-0.042010899633169174,0.3388693928718567,0.31684452295303345,-0.05530369654297829,0.2900746762752533,0.6208609342575073,-0.027900569140911102,0.2937796413898468,0.5143977403640747,-0.0524713434278965,0.2921701669692993,0.43968114256858826,-0.08172449469566345,0.292186439037323,0.36174920201301575,-0.10137782990932465,0.24469386041164398,0.6712798476219177,-0.03660888597369194,0.2604680061340332,0.6094077229499817,-0.06390876322984695,0.2736881375312805,0.6678224205970764,-0.06641208380460739,0.28620773553848267,0.7317551970481873,-0.06606049090623856
pinza_izquierda,0.21384817361831665,0.8904523849487305,5.36296681730164e-07,0.2821986973285675,0.8671849370002747,-0.03484777733683586,0.33502599596977234,0.7999610900878906,-0.04432269558310509,0.27871954441070557,0.7482357621192932,-0.0484020970761776,0.21217551827430725,0.7341203689575195,-0.05559588223695755,0.31291916966438293,0.6178425550460815,-0.02088942378759384,0.31733906269073486,0.5090832710266113,-0.02744375355541706,0.31383776664733887,0.4396963119506836,-0.03585260733962059,0.31074392795562744,0.36947447061538696,-0.04458111524581909,0.26488932967185974,0.6015379428863525,-0.022869260981678963,0.2707263231277466,0.4747335612773895,-0.030409248545765877,0.2656562328338623,0.39698320627212524,-0.0449085608124733,0.2645772695541382,0.31934434175491333,-0.054881501942873,0.22152797877788544,0.6189919114112854,-0.027761250734329224,0.21664009988307953,0.5081446766853333,-0.05427224934101105,0.21186381578445435,0.43700307607650757,-0.077394038438797,0.21294324100017548,0.3592374324798584,-0.09107781946659088,0.17654895782470703,0.6669772267341614,-0.03419236093759537,0.1819712072610855,0.5937158465385437,-0.06053483113646507,0.1914398968219757,0.6530401706695557,-0.05743297562003136,0.20352330803871155,0.7184018492698669,-0.05204872414469719
pinza_izquierda,0.1847265064716339,0.8444543480873108,6.162322279124055e-07,0.24719277024269104,0.8160940408706665,-0.04471144080162048,0.28427255153656006,0.7379894256591797,-0.059891339391469955,0.21913953125476837,0.691505491733551,-0.06733553111553192,0.15356595814228058,0.6702276468276978,-0.07725270092487335,0.26605284214019775,0.5707333087921143,-0.037948884069919586,0.2684735059738159,0.46026888489723206,-0.05238941311836243,0.26420024037361145,0.38841933012008667,-0.06587813049554825,0.26084524393081665,0.3153546154499054,-0.07715918123722076,0.215049147605896,0.5560372471809387,-0.035119231790304184,0.21739864349365234,0.42637133598327637,-0.048662956804037094,0.21410948038101196,0.34207040071487427,-0.0651504173874855,0.21607810258865356,0.25923436880111694,-0.07592292129993439,0.1703055500984192,0.5706830620765686,-0.035640649497509,0.16127724945545197,0.45474177598953247,-0.06651785969734192,0.1562759429216385,0.38012099266052246,-0.09035393595695496,0.15706053376197815,0.3031112551689148,-0.10411717742681503,0.12710890173912048,0.6135707497596741,-0.038527071475982666,0.12643370032310486,0.544670045375824,-0.0706179291009903,0.13506600260734558,0.6071766018867493,-0.06988515704870224,0.1475299596786499,0.6724196672439575,-0.0651223212480545
pinza_izquierda,0.24457883834838867,0.8385920524597168,7.013663321231434e-07,0.32892918586730957,0.8178532719612122,-0.04418253153562546,0.39168909192085266,0.736568808555603,-0.055900298058986664,0.32040873169898987,0.6725355982780457,-0.06004028767347336,0.23616349697113037,0.6502422094345093,-0.06699813902378082,0.3751521706581116,0.5174415707588196,-0.027073150500655174,0.4008539319038391,0.38773655891418457,-0.03450338542461395,0.4109969139099121,0.30695533752441406,-0.04351465776562691,0.42203062772750854,0.226329505443573,-0.05333441123366356,0.31169649958610535,0.491947203874588,-0.0274946391582489,0.30788710713386536,0.3337668776512146,-0.03903379663825035,0.29625922441482544,0.23700815439224243,-0.057143133133649826,0.29364877939224243,0.14671975374221802,-0.06881028413772583,0.2589815855026245,0.5097214579582214,-0.0315558947622776,0.24778440594673157,0.3672104477882385,-0.06777426600456238,0.2373294234275818,0.2736847400665283,-0.09815842658281326,0.23520445823669434,0.17635685205459595,-0.11530820280313492,0.21101166307926178,0.5668005347251892,-0.03725769370794296,0.22247323393821716,0.48178014159202576,-0.07261799275875092,0.22423389554023743,0.5605218410491943,-0.07110566645860672,0.22961583733558655,0.6432480216026306,-0.06534645706415176
pinza_izquierda,0.3286011219024658,0.841215193271637,7.148016720748274e-07,0.4093496799468994,0.8157726526260376,-0.036279551684856415,0.4828791320323944,0.7405494451522827,-0.049011606723070145,0.446908563375473,0.6794843077659607,-0.05568040907382965,0.36722642183303833,0.6707953214645386,-0.06693185865879059,0.43162068724632263,0.5224116444587708,-0.03692102059721947,0.4620264768600464,0.40165191888809204,-0.04760994762182236,0.4757038354873657,0.324912428855896,-0.0583794005215168,0.4853401482105255,0.2458353042602539,-0.06948723644018173,0.37587103247642517,0.509510338306427,-0.044263806194067,0.3724772334098816,0.35957783460617065,-0.0604667104780674,0.3627849817276001,0.2654300928115845,-0.08297678828239441,0.35757550597190857,0.1731511950492859,-0.09938301146030426,0.3285119831562042,0.539692759513855,-0.05292225629091263,0.32516422867774963,0.413518488407135,-0.09171126037836075,0.32117533683776855,0.3165566921234131,-0.12635275721549988,0.31875741481781006,0.21413469314575195,-0.1486884355545044,0.2855544090270996,0.609515368938446,-0.0619300939142704,0.31324222683906555,0.5240225791931152,-0.09557994455099106,0.33785420656204224,0.5869323015213013,-0.09615884721279144,0.3604896366596222,0.6599789261817932,-0.09497004002332687
pinza_izquierda,0.4059847891330719,0.8412448763847351,7.594053954562696e-07,0.4834464490413666,0.8268589973449707,-0.03350420296192169,0.5595365762710571,0.7665113210678101,-0.05154300853610039,0.5550201535224915,0.7049408555030823,-0.06541607528924942,0.49476370215415955,0.6773003935813904,-0.0837564691901207,0.5233083367347717,0.5473452806472778,-0.04240801930427551,0.5687369704246521,0.4395703673362732,-0.05850091949105263,0.594374418258667,0.3711937665939331,-0.07418829947710037,0.6155908107757568,0.29998013377189636,-0.08834294229745865,0.4692695438861847,0.5322878956794739,-0.05122353509068489,0.4789167642593384,0.3882225751876831,-0.07108801603317261,0.48205438256263733,0.2925649583339691,-0.09805716574192047,0.4869602620601654,0.20276832580566406,-0.1192249283194542,0.41972100734710693,0.5585362911224365,-0.060587309300899506,0.4409346878528595,0.4292709231376648,-0.10187147557735443,0.46115389466285706,0.33219799399375916,-0.14034967124462128,0.476509690284729,0.2396407127380371,-0.16645367443561554,0.3743027448654175,0.6203739643096924,-0.06952127814292908,0.43007928133010864,0.5458804965019226,-0.10772329568862915,0.4645096957683563,0.6020625233650208,-0.11434748768806458,0.48584744334220886,0.6724337935447693,-0.11771035194396973
pinza_izquierda,0.49734434485435486,0.8226643204689026,8.540654334865394e-07,0.5716260075569153,0.8007671236991882,-0.029603729024529457,0.6447607278823853,0.7371638417243958,-0.04885665327310562,0.6654520630836487,0.6778652667999268,-0.0666697770357132,0.614013671875,0.6530265808105469,-0.08711613714694977,0.6081734299659729,0.5178861021995544,-0.036405544728040695,0.6598484516143799,0.4129561185836792,-0.05502407252788544,0.6914881467819214,0.3493433892726898,-0.07166845351457596,0.7157034873962402,0.28318506479263306,-0.08589931577444077,0.5574458241462708,0.5039914846420288,-0.04858696088194847,0.5850088596343994,0.3600326478481293,-0.07435047626495361,0.5989344716072083,0.2667955756187439,-0.10024631768465042,0.605655312538147,0.17979303002357483,-0.11870253086090088,0.5109443664550781,0.527302622795105,-0.061759721487760544,0.5497601628303528,0.4142796993255615,-0.10050046443939209,0.5784657001495361,0.3338819742202759,-0.12896619737148285,0.5972411632537842,0.25430992245674133,-0.1472218781709671,0.46971261501312256,0.5839848518371582,-0.07579153776168823,0.5381883978843689,0.5156818628311157,-0.10647260397672653,0.572813868522644,0.5673492550849915,-0.10670985281467438,0.5917257070541382,0.6310619711875916,-0.10558203607797623
pinza_izquierda,0.5715319514274597,0.8108795285224915,9.06856655547017e-07,0.647993803024292,0.7871983051300049,-0.03400690481066704,0.7226787209510803,0.7228614687919617,-0.05844063311815262,0.754859447479248,0.6614017486572266,-0.08342117071151733,0.7041828632354736,0.6445326805114746,-0.10795720666646957,0.682498574256897,0.5215877294540405,-0.039461176842451096,0.7385544180870056,0.41892069578170776,-0.06459468603134155,0.7734767198562622,0.3567802608013153,-0.08568564057350159,0.8020111322402954,0.29452595114707947,-0.10217985510826111,0.6330142617225647,0.5092307329177856,-0.05163591727614403,0.6623645424842834,0.368366539478302,-0.08107291907072067,0.6858620643615723,0.27318769693374634,-0.10322287678718567,0.7000269293785095,0.1855739951133728,-0.11921174079179764,0.5891442894935608,0.5321930050849915,-0.06636323779821396,0.645638644695282,0.4425075650215149,-0.10495379567146301,0.6776602268218994,0.43018102645874023,-0.11725958436727524,0.6919081211090088,0.41022229194641113,-0.12190286070108414,0.5564128160476685,0.5843663811683655,-0.0843692496418953,0.6324533820152283,0.517304539680481,-0.11366720497608185,0.6627221703529358,0.5680024027824402,-0.10877352952957153,0.6741454601287842,0.6300172209739685,-0.10261014848947525
pinza_izquierda,0.6417263150215149,0.8031489253044128,9.117223953580833e-07,0.7295444011688232,0.7717751264572144,-0.020885704085230827,0.8064529895782471,0.7202140092849731,-0.044457461684942245,0.855961799621582,0.6708739995956421,-0.07174647599458694,0.8180446624755859,0.6504387855529785,-0.09848833084106445,0.7620021104812622,0.5272097587585449,-0.030934929847717285,0.8248264789581299,0.42582863569259644,-0.05606270208954811,0.8625695705413818,0.3656902313232422,-0.07600332051515579,0.8892632722854614,0.309173583984375,-0.09188354760408401,0.7165771722793579,0.5137408375740051,-0.05084614455699921,0.7637211084365845,0.37918025255203247,-0.08356942236423492,0.7935541868209839,0.2883436679840088,-0.10735238343477249,0.8092259764671326,0.20834165811538696,-0.12387306988239288,0.6761195659637451,0.5330014228820801,-0.0722285732626915,0.7449283599853516,0.44105494022369385,-0.10796557366847992,0.7883098125457764,0.4188936948776245,-0.11863195151090622,0.8127169013023376,0.3922825753688812,-0.12346871942281723,0.648279070854187,0.5834680199623108,-0.09616823494434357,0.7340895533561707,0.52092444896698,-0.12257648259401321,0.7714551687240601,0.5630754828453064,-0.11786140501499176,0.7870172262191772,0.6180300116539001,-0.11236891150474548
pinza_izquierda,0.603962779045105,0.9197953343391418,7.329428513003222e-07,0.699385404586792,0.8877613544464111,0.0006341630360111594,0.7675660848617554,0.8361506462097168,-0.00931254867464304,0.8129450082778931,0.8028949499130249,-0.024714436382055283,0.7901319861412048,0.79376220703125,-0.04107338562607765,0.7254282832145691,0.6589839458465576,-0.012509542517364025,0.7852393388748169,0.5696320533752441,-0.03244730830192566,0.8238981366157532,0.5105479955673218,-0.04736519232392311,0.8505925536155701,0.45733577013015747,-0.05950634554028511,0.6864392161369324,0.650054395198822,-0.04026419296860695,0.7411096096038818,0.5257642865180969,-0.07531753927469254,0.7755230069160461,0.44304564595222473,-0.09800805151462555,0.7948087453842163,0.37322795391082764,-0.11027152091264725,0.6529733538627625,0.6691977977752686,-0.06767628341913223,0.7230669856071472,0.5659763813018799,-0.10700861364603043,0.7689066529273987,0.509539008140564,-0.12297074496746063,0.8010991811752319,0.45143866539001465,-0.12912842631340027,0.6314164400100708,0.7219098210334778,-0.09435489028692245,0.7185503840446472,0.6633129715919495,-0.11884983628988266,0.7494307160377502,0.7056331038475037,-0.11205695569515228,0.7625295519828796,0.7600873708724976,-0.10456313192844391
pinza_izquierda,0.6063532829284668,0.9320021867752075,7.677990652155131e-07,0.7026077508926392,0.9133987426757812,-0.0029719138983637094,0.7756870985031128,0.8686826229095459,-0.01617608405649662,0.825576901435852,0.8295853734016418,-0.03593914583325386,0.7928876876831055,0.8166519999504089,-0.0552077554166317,0.7385829091072083,0.6934064030647278,-0.014398042112588882,0.8003339171409607,0.6096485257148743,-0.035153307020664215,0.8371958136558533,0.5531930923461914,-0.05166032537817955,0.861388623714447,0.5004998445510864,-0.06587198376655579,0.7015383243560791,0.6798168420791626,-0.04066511243581772,0.7633972764015198,0.5709000825881958,-0.0736440122127533,0.8036693334579468,0.49105706810951233,-0.09683933109045029,0.8269661068916321,0.4204716384410858,-0.11229734867811203,0.6671887636184692,0.6930142045021057,-0.0668138936161995,0.7462811470031738,0.6163018941879272,-0.09981387108564377,0.791541337966919,0.6091188788414001,-0.10585489869117737,0.8174315094947815,0.5937895774841309,-0.10687250643968582,0.6460820436477661,0.7353454828262329,-0.0942746251821518,0.7318814396858215,0.6895461678504944,-0.1171981692314148,0.7627451419830322,0.7350755333900452,-0.11089470982551575,0.7737666964530945,0.7893375158309937,-0.10404913127422333
pinza_izquierda,0.6175729036331177,0.9030860066413879,7.766627163618978e-07,0.711802065372467,0.8838681578636169,-0.0023961199913173914,0.7847832441329956,0.8395186066627502,-0.01393195055425167,0.8340851664543152,0.7977312207221985,-0.03158893063664436,0.8018683195114136,0.7819809317588806,-0.04887942969799042,0.7551029920578003,0.6631191968917847,-0.007659980561584234,0.8171084523200989,0.581334114074707,-0.025150083005428314,0.8550071120262146,0.5272854566574097,-0.039895422756671906,0.8817441463470459,0.47788524627685547,-0.05266086384654045,0.7158953547477722,0.6458306312561035,-0.03319384902715683,0.7768030762672424,0.5347598791122437,-0.0634603202342987,0.817274272441864,0.45558932423591614,-0.08439373224973679,0.8416003584861755,0.3876588046550751,-0.09721066802740097,0.6784932017326355,0.6556899547576904,-0.05902180075645447,0.7587103247642517,0.5757504105567932,-0.0898662880063057,0.8044931888580322,0.5487083792686462,-0.09700502455234528,0.8339692950248718,0.5136816501617432,-0.09896426647901535,0.6525455713272095,0.69789719581604,-0.08582042157649994,0.7433462142944336,0.6539555191993713,-0.1053432822227478,0.76863032579422,0.6989001631736755,-0.09617093205451965,0.7737752199172974,0.7505411505699158,-0.08756878226995468
pinza_izquierda,0.6480004191398621,0.8384105563163757,8.717033210814407e-07,0.7349475622177124,0.8178145885467529,-0.006494708359241486,0.8114926815032959,0.7702744007110596,-0.02040513977408409,0.8640189170837402,0.7157288789749146,-0.041831064969301224,0.8269649744033813,0.6919760704040527,-0.060716062784194946,0.7770481705665588,0.5937381386756897,-0.0035062178503721952,0.8406518697738647,0.507035493850708,-0.021121613681316376,0.8792643547058105,0.4566195011138916,-0.03381665050983429,0.9082305431365967,0.4145788252353668,-0.04363536834716797,0.7412294149398804,0.5747551918029785,-0.026298290118575096,0.7992454171180725,0.45764437317848206,-0.05615030601620674,0.8382434248924255,0.37766000628471375,-0.07667425274848938,0.8644574880599976,0.31196266412734985,-0.0889885425567627,0.7046632170677185,0.5828870534896851,-0.0501803457736969,0.7816438674926758,0.5198429822921753,-0.08393494784832001,0.8016942739486694,0.5589615702629089,-0.0841289684176445,0.8026748895645142,0.5831533670425415,-0.07642841339111328,0.6792951226234436,0.6191256642341614,-0.07589930295944214,0.7608445286750793,0.5604835748672485,-0.09764885157346725,0.7884230017662048,0.6109538078308105,-0.08815383166074753,0.7928526401519775,0.6715785264968872,-0.07615645229816437
pinza_izquierda,0.5485802888870239,0.7373229265213013,6.10435449743818e-07,0.655097484588623,0.717540979385376,0.016991887241601944,0.7147125601768494,0.6638767719268799,0.017153598368167877,0.7591789960861206,0.6364047527313232,0.009046407416462898,0.7503458857536316,0.6426745653152466,-8.716971206013113e-05,0.6863595843315125,0.4855705499649048,0.013911248184740543,0.7454939484596252,0.3997344970703125,0.003669279394671321,0.782446026802063,0.3354393243789673,-0.005194263067096472,0.802264928817749,0.280649870634079,-0.013383661396801472,0.6566804647445679,0.4815012812614441,-0.01909100078046322,0.7251971364021301,0.37061870098114014,-0.04058004543185234,0.7684277892112732,0.29440534114837646,-0.05733891576528549,0.7933055758476257,0.23139941692352295,-0.0660414844751358,0.6323678493499756,0.5045831203460693,-0.05161270499229431,0.712912917137146,0.418922483921051,-0.0820641741156578,0.7667094469070435,0.36273229122161865,-0.10294275730848312,0.8043230175971985,0.3047395944595337,-0.11425215005874634,0.6199252009391785,0.558665931224823,-0.08206094801425934,0.7127817869186401,0.5384751558303833,-0.10032428056001663,0.7350538372993469,0.5856407880783081,-0.09643269330263138,0.7393470406532288,0.6386836767196655,-0.09270703792572021
pinza_izquierda,0.5760467052459717,0.6887447834014893,5.762493060501583e-07,0.681257963180542,0.6665263175964355,0.012092634104192257,0.7434403896331787,0.6116153001785278,0.009525248780846596,0.7905629277229309,0.584199070930481,-0.0007636692025698721,0.7778908014297485,0.5759499073028564,-0.01179850846529007,0.7084450125694275,0.4282470941543579,0.009895608760416508,0.7691519856452942,0.33978086709976196,-0.0018695887411013246,0.8049444556236267,0.27212828397750854,-0.012287767603993416,0.8249489068984985,0.21611523628234863,-0.02160160429775715,0.6777693629264832,0.4224699139595032,-0.02161272056400776,0.7471629977226257,0.3047078251838684,-0.04355994239449501,0.7912887930870056,0.22758004069328308,-0.06010417640209198,0.8181551098823547,0.1625034213066101,-0.06913810968399048,0.6545658111572266,0.4442281424999237,-0.05318664386868477,0.7415711879730225,0.3519706726074219,-0.0819152370095253,0.7950043082237244,0.2981603145599365,-0.09956631064414978,0.831318736076355,0.24149999022483826,-0.10960438847541809,0.645244836807251,0.4995562732219696,-0.08363296091556549,0.7392476201057434,0.4683808982372284,-0.10173524171113968,0.7579336166381836,0.512630045413971,-0.09677325189113617,0.7593254446983337,0.5603618621826172,-0.09256207197904587
pinza_izquierda,0.5777620077133179,0.6655591726303101,6.207453111528594e-07,0.678459644317627,0.6449386477470398,0.007513253949582577,0.7466046214103699,0.5905898213386536,0.0018399674445390701,0.7952623963356018,0.5593425631523132,-0.010044531896710396,0.7730866074562073,0.549161970615387,-0.02338441088795662,0.7057061195373535,0.4042453169822693,-0.0019338622223585844,0.7656708359718323,0.3127481937408447,-0.01689225248992443,0.8017594814300537,0.2426573634147644,-0.029202107340097427,0.8197753429412842,0.18063980340957642,-0.03932221233844757,0.6737492680549622,0.39894556999206543,-0.03096359595656395,0.7432093620300293,0.28364139795303345,-0.05407247319817543,0.7880188226699829,0.20747020840644836,-0.07125221937894821,0.8124802708625793,0.1377633512020111,-0.08121376484632492,0.6493740081787109,0.41919660568237305,-0.05979063734412193,0.7306091785430908,0.33201175928115845,-0.09285450726747513,0.7856076955795288,0.2745615839958191,-0.11443997919559479,0.8205823302268982,0.2143440544605255,-0.12656675279140472,0.639695405960083,0.4695940315723419,-0.0871015340089798,0.7338464856147766,0.4369225800037384,-0.10590575635433197,0.7536122798919678,0.4820144772529602,-0.10128170996904373,0.7520467042922974,0.5331723690032959,-0.09791512042284012
pinza_izquierda,0.46587130427360535,0.6911036968231201,7.144942060222093e-07,0.5570908784866333,0.6713781356811523,0.0005325321108102798,0.6312084197998047,0.6264344453811646,-0.010324100032448769,0.6790127754211426,0.5975135564804077,-0.025673240423202515,0.6505751013755798,0.5885061621665955,-0.04413719102740288,0.6056029796600342,0.4391179382801056,-0.017502089962363243,0.664023756980896,0.35037556290626526,-0.034867316484451294,0.7006305456161499,0.2918185591697693,-0.049968086183071136,0.7218801975250244,0.23594826459884644,-0.06290294975042343,0.5681542158126831,0.4337497651576996,-0.04421576112508774,0.6345047354698181,0.3239048719406128,-0.07285920530557632,0.6765375137329102,0.24231821298599243,-0.09868480265140533,0.698436439037323,0.16458719968795776,-0.11594550311565399,0.5313191413879395,0.4542255997657776,-0.06941849738359451,0.6044111251831055,0.36232274770736694,-0.10663694888353348,0.6573631167411804,0.3003265857696533,-0.13081149756908417,0.6924614906311035,0.23509016633033752,-0.14504683017730713,0.5033721923828125,0.5026392340660095,-0.09283176809549332,0.5924708247184753,0.45668765902519226,-0.11688356846570969,0.6205657720565796,0.5043630599975586,-0.11289370805025101,0.6249035000801086,0.5596491098403931,-0.10954607278108597
pinza_izquierda,0.36576682329177856,0.6886846423149109,8.456700015813112e-07,0.44508588314056396,0.6607984304428101,-0.02071746252477169,0.5195868611335754,0.6120898723602295,-0.038931604474782944,0.5557301640510559,0.5621440410614014,-0.057904571294784546,0.516469419002533,0.5447399616241455,-0.078691765666008,0.49213531613349915,0.42244967818260193,-0.03279827907681465,0.5457802414894104,0.3276497721672058,-0.05375784635543823,0.5766878128051758,0.2608470022678375,-0.07072791457176208,0.5998077392578125,0.20033863186836243,-0.0842118039727211,0.44804272055625916,0.40945953130722046,-0.050107598304748535,0.4969238042831421,0.28274005651474,-0.07879775762557983,0.5282226800918579,0.19379112124443054,-0.10211081802845001,0.5498788356781006,0.11700940132141113,-0.11744149774312973,0.40656644105911255,0.42583006620407104,-0.06806789338588715,0.46848657727241516,0.33148258924484253,-0.1051911786198616,0.5073902010917664,0.2686222791671753,-0.12647174298763275,0.5369119048118591,0.2063864767551422,-0.13888010382652283,0.37148624658584595,0.47515904903411865,-0.08694809675216675,0.45296981930732727,0.4201999306678772,-0.11520858108997345,0.4830460250377655,0.4673527479171753,-0.11301960051059723,0.4973704516887665,0.5245497822761536,-0.10954105108976364
pinza_izquierda,0.29140564799308777,0.6798476576805115,7.445015626217355e-07,0.3510371148586273,0.6582398414611816,-0.026971539482474327,0.4140903353691101,0.6025919914245605,-0.044513482600450516,0.42150840163230896,0.5568228960037231,-0.059582486748695374,0.37824615836143494,0.5443851351737976,-0.07901419699192047,0.38618385791778564,0.41618451476097107,-0.03766047582030296,0.42136991024017334,0.3149494528770447,-0.05523201450705528,0.4424895644187927,0.2525068521499634,-0.07066109031438828,0.4571380615234375,0.1906803846359253,-0.0826326310634613,0.34575679898262024,0.4093717038631439,-0.04802965372800827,0.37991946935653687,0.285830557346344,-0.06522496789693832,0.39564821124076843,0.20264708995819092,-0.08507415652275085,0.4047866761684418,0.12392008304595947,-0.10007545351982117,0.3020114302635193,0.42934852838516235,-0.059472713619470596,0.33570489287376404,0.3239753246307373,-0.09062797576189041,0.3578786253929138,0.2482885867357254,-0.11782006174325943,0.3754388689994812,0.1762649118900299,-0.13645873963832855,0.25715938210487366,0.47596627473831177,-0.07141578197479248,0.3104321360588074,0.41664770245552063,-0.09954165667295456,0.3341350555419922,0.4695448875427246,-0.10045209527015686,0.3471752405166626,0.5294390320777893,-0.10014481842517853
pinza_izquierda,0.26811495423316956,0.696851372718811,6.051726018085901e-07,0.3273361921310425,0.6729682087898254,-0.0290516447275877,0.391449898481369,0.6102262139320374,-0.04453756660223007,0.3928792476654053,0.5566383600234985,-0.05684869363903999,0.3442290723323822,0.5426063537597656,-0.07360761612653732,0.36273378133773804,0.43520137667655945,-0.03518977761268616,0.38955432176589966,0.3312835991382599,-0.049366749823093414,0.40480178594589233,0.2683227062225342,-0.0640818402171135,0.41330385208129883,0.20266889035701752,-0.0768415704369545,0.3224399983882904,0.4267454445362091,-0.044086240231990814,0.35463663935661316,0.3081781268119812,-0.057879503816366196,0.3687551021575928,0.22613213956356049,-0.07818613201379776,0.37620028853416443,0.1420900523662567,-0.09474670141935349,0.27924177050590515,0.4440902769565582,-0.0542108491063118,0.30920830368995667,0.34017014503479004,-0.08208383619785309,0.33115020394325256,0.26418036222457886,-0.11056046187877655,0.34738191962242126,0.18859505653381348,-0.13178275525569916,0.23292790353298187,0.485158234834671,-0.06538833677768707,0.2785697877407074,0.42636919021606445,-0.0950772762298584,0.3024676442146301,0.4775102436542511,-0.0992770716547966,0.31679683923721313,0.5348218679428101,-0.10161688923835754
pinza_izquierda,0.22936522960662842,0.704086422920227,6.893203590152552e-07,0.28738367557525635,0.6758725643157959,-0.027920328080654144,0.34748080372810364,0.6095141172409058,-0.0423867367208004,0.3328629434108734,0.5580313205718994,-0.053354330360889435,0.28159329295158386,0.543811559677124,-0.06859180331230164,0.31146207451820374,0.4356113076210022,-0.03361813724040985,0.33361053466796875,0.33203163743019104,-0.047357406467199326,0.3468596935272217,0.27097105979919434,-0.06060221046209335,0.3550989031791687,0.2074717879295349,-0.07191649824380875,0.26799851655960083,0.4293557405471802,-0.04199254512786865,0.2915689945220947,0.3085640072822571,-0.05397488549351692,0.301240473985672,0.22914782166481018,-0.07329786568880081,0.30658602714538574,0.150022953748703,-0.08904576301574707,0.22373998165130615,0.45111900568008423,-0.05168066546320915,0.2416626662015915,0.3480037748813629,-0.07998964190483093,0.2555522918701172,0.26923930644989014,-0.11008914560079575,0.2655763626098633,0.19176748394966125,-0.1320103108882904,0.17751698195934296,0.49788469076156616,-0.061915043741464615,0.2185201346874237,0.43829721212387085,-0.09220387786626816,0.24474835395812988,0.48926636576652527,-0.09737089276313782,0.2616771161556244,0.5456788539886475,-0.10023470222949982
pinza_izquierda,0.20340558886528015,0.7071699500083923,7.146030043259088e-07,0.2572799026966095,0.6719626188278198,-0.02954738773405552,0.30562567710876465,0.5951491594314575,-0.04171033576130867,0.27628234028816223,0.5514123439788818,-0.04967683181166649,0.2209819108247757,0.5467349290847778,-0.06117328256368637,0.2638559937477112,0.4343055784702301,-0.028418254107236862,0.2805800437927246,0.33164268732070923,-0.040193118155002594,0.29122021794319153,0.2684313654899597,-0.051800187677145004,0.2986299395561218,0.2068464457988739,-0.06132910028100014,0.21802401542663574,0.42714571952819824,-0.033097922801971436,0.23172064125537872,0.3078649640083313,-0.0448371097445488,0.23619970679283142,0.22764913737773895,-0.062450215220451355,0.23800170421600342,0.1499643623828888,-0.07532952725887299,0.1742592453956604,0.44794967770576477,-0.03961249068379402,0.1842951774597168,0.34274381399154663,-0.0672285407781601,0.19390824437141418,0.26446783542633057,-0.09634620696306229,0.19894994795322418,0.18755978345870972,-0.1161709800362587,0.1305398941040039,0.49525803327560425,-0.04689490795135498,0.16682878136634827,0.4341820180416107,-0.07568977773189545,0.19246357679367065,0.48604658246040344,-0.07976700365543365,0.20807495713233948,0.5420799255371094,-0.08082260191440582
pinza_izquierda,0.18431556224822998,0.7038378715515137,6.745985388079134e-07,0.2403722107410431,0.6679751873016357,-0.031069371849298477,0.2864450216293335,0.592512309551239,-0.04371818155050278,0.24863256514072418,0.5512987971305847,-0.051673658192157745,0.19307374954223633,0.5422536730766296,-0.06306696683168411,0.2416829764842987,0.43371832370758057,-0.03128797933459282,0.25554388761520386,0.3290976583957672,-0.04329978674650192,0.2640475928783417,0.26537764072418213,-0.05473998934030533,0.2697894871234894,0.20264002680778503,-0.06409507989883423,0.1950995773077011,0.42872563004493713,-0.03470350429415703,0.2050136774778366,0.3064044713973999,-0.046934712678194046,0.20649497210979462,0.2261388897895813,-0.06461550295352936,0.2072657346725464,0.14766040444374084,-0.07750952988862991,0.152558833360672,0.4511137902736664,-0.039862535893917084,0.15529347956180573,0.3406633734703064,-0.06780097633600235,0.1597091108560562,0.2627195715904236,-0.0956488698720932,0.16232533752918243,0.18502923846244812,-0.11428377777338028,0.11084480583667755,0.5000327825546265,-0.045765507966279984,0.13661085069179535,0.4264316260814667,-0.0737471655011177,0.1621788591146469,0.47618886828422546,-0.07566485553979874,0.18140444159507751,0.5326542258262634,-0.0750415250658989
pinza_izquierda,0.19912292063236237,0.8117988109588623,5.948304533376358e-07,0.2514169216156006,0.7775005102157593,-0.028286408632993698,0.2948298454284668,0.7070937752723694,-0.041000258177518845,0.2554248571395874,0.6722916960716248,-0.04974338039755821,0.1995946764945984,0.6675105094909668,-0.06219908967614174,0.2561674416065216,0.5550121068954468,-0.028155222535133362,0.2684917449951172,0.45575594902038574,-0.03909633308649063,0.276751846075058,0.39674490690231323,-0.05005901679396629,0.2829328179359436,0.3376581072807312,-0.0593559667468071,0.21146705746650696,0.5496422648429871,-0.03238305076956749,0.2183666080236435,0.430408239364624,-0.044367942959070206,0.21905185282230377,0.3554608225822449,-0.06091497465968132,0.21972759068012238,0.28018027544021606,-0.07277155667543411,0.17187239229679108,0.5715305209159851,-0.03809809684753418,0.17032501101493835,0.46563780307769775,-0.06486516445875168,0.17242811620235443,0.3950176239013672,-0.08895908296108246,0.17407387495040894,0.32299157977104187,-0.10458433628082275,0.1326296627521515,0.6192202568054199,-0.04444902017712593,0.14836972951889038,0.5467526316642761,-0.07061892747879028,0.1681230515241623,0.5980509519577026,-0.06963075697422028,0.1849481165409088,0.654318630695343,-0.06676241010427475
pinza_izquierda,0.2056513875722885,0.8908048868179321,5.772391773462004e-07,0.26159292459487915,0.8672640919685364,-0.030741464346647263,0.3061405420303345,0.8066189885139465,-0.04365802928805351,0.26538708806037903,0.7760997414588928,-0.05201191082596779,0.21057870984077454,0.7676920890808105,-0.06397334486246109,0.27652135491371155,0.6601805090904236,-0.030950166285037994,0.2870481312274933,0.5680183172225952,-0.04206898808479309,0.2927848696708679,0.5124639272689819,-0.052919477224349976,0.2961357533931732,0.4559447169303894,-0.06229244917631149,0.23043756186962128,0.6517619490623474,-0.03359748423099518,0.2373715043067932,0.5419859886169434,-0.04269306734204292,0.23719753324985504,0.4729574918746948,-0.05919801443815231,0.23682814836502075,0.40441805124282837,-0.07170788943767548,0.18993037939071655,0.6705096364021301,-0.03795609995722771,0.18716731667518616,0.5758266448974609,-0.0624719001352787,0.18852099776268005,0.5079998970031738,-0.08946361392736435,0.18879784643650055,0.44099095463752747,-0.10841447114944458,0.15101899206638336,0.7116150856018066,-0.043231427669525146,0.1689910888671875,0.6673564910888672,-0.07150616496801376,0.18682077527046204,0.7193259596824646,-0.07642628997564316,0.2003304362297058,0.7719568014144897,-0.07801802456378937
pinza_izquierda,0.25355783104896545,0.9374043345451355,4.375841911041789e-07,0.3146727681159973,0.908412754535675,-0.024645084515213966,0.3747750520706177,0.854849100112915,-0.03611242398619652,0.35773178935050964,0.8295384645462036,-0.045596420764923096,0.30881085991859436,0.8406732082366943,-0.059225305914878845,0.3485625386238098,0.708156406879425,-0.021014628931879997,0.3613978624343872,0.6232736110687256,-0.029445290565490723,0.3680468201637268,0.5717330574989319,-0.040085576474666595,0.37348610162734985,0.5175182819366455,-0.05080811306834221,0.30584627389907837,0.6986792087554932,-0.027843860909342766,0.31098127365112305,0.6038097739219666,-0.034320712089538574,0.3085053563117981,0.541151762008667,-0.05407308414578438,0.3047974705696106,0.47374874353408813,-0.07071836292743683,0.26864707469940186,0.7197598814964294,-0.03579451143741608,0.2673206925392151,0.6510836482048035,-0.056224096566438675,0.26968392729759216,0.5919809341430664,-0.08724439889192581,0.2700597047805786,0.528779149055481,-0.11094694584608078,0.2329886108636856,0.7627875804901123,-0.044651616364717484,0.25429147481918335,0.7465113401412964,-0.06984072923660278,0.275319367647171,0.7976386547088623,-0.07907481491565704,0.2937089502811432,0.8444846272468567,-0.08551891148090363
pinza_izquierda,0.3872267007827759,0.9389327764511108,6.003140811117191e-07,0.44133418798446655,0.9271137714385986,-0.02317238412797451,0.4900989234447479,0.8874975442886353,-0.03676623851060867,0.46991127729415894,0.8670975565910339,-0.04804776981472969,0.42027056217193604,0.877303421497345,-0.06399507075548172,0.4577396810054779,0.7319967746734619,-0.03003798983991146,0.4696783423423767,0.652306079864502,-0.041282445192337036,0.4766983389854431,0.6027436256408691,-0.053361594676971436,0.4822841286659241,0.5500830411911011,-0.06407283991575241,0.4184853136539459,0.7254860401153564,-0.037879932671785355,0.42168447375297546,0.6358614563941956,-0.043319981545209885,0.4183677136898041,0.5751588344573975,-0.06137005239725113,0.4163307249546051,0.5124642848968506,-0.0777563527226448,0.38166865706443787,0.7474446296691895,-0.046265069395303726,0.3800654113292694,0.6752464771270752,-0.0646180659532547,0.3788284957408905,0.6140018701553345,-0.09276209771633148,0.3768828511238098,0.5512692332267761,-0.1155434176325798,0.34486228227615356,0.791505753993988,-0.0553632490336895,0.36574721336364746,0.7676176428794861,-0.07607069611549377,0.3870038688182831,0.8106516003608704,-0.08316142857074738,0.4051903188228607,0.8540264964103699,-0.08954831212759018
pinza_izquierda,0.4463493824005127,0.9291278123855591,6.118013402556244e-07,0.5016736388206482,0.9266703724861145,-0.020042456686496735,0.5586622357368469,0.8949301242828369,-0.033471062779426575,0.560102105140686,0.8687520027160645,-0.0458286851644516,0.5126057863235474,0.8751705884933472,-0.061815615743398666,0.5324702262878418,0.7323554158210754,-0.027071215212345123,0.5509592890739441,0.6523466110229492,-0.041324783116579056,0.5654652714729309,0.605954110622406,-0.05451972410082817,0.5756772756576538,0.5579792857170105,-0.06497935950756073,0.493996798992157,0.7226280570030212,-0.03728290647268295,0.5062753558158875,0.6344987154006958,-0.04573928564786911,0.5110426545143127,0.5733655095100403,-0.06440498679876328,0.5126858949661255,0.5130027532577515,-0.08033383637666702,0.45546388626098633,0.7415262460708618,-0.0482010580599308,0.4667441248893738,0.682041347026825,-0.0680157020688057,0.47815102338790894,0.6245847940444946,-0.0969037190079689,0.4851371645927429,0.5681279897689819,-0.1195407286286354,0.41736695170402527,0.7810918092727661,-0.059844035655260086,0.4537324011325836,0.7770365476608276,-0.08133493363857269,0.4788345396518707,0.8189802765846252,-0.09060356020927429,0.4953376054763794,0.8598365187644958,-0.09816765040159225
pinza_izquierda,0.5590952038764954,0.9518561959266663,6.754489163540711e-07,0.6115092039108276,0.9435258507728577,-0.019358983263373375,0.6737306118011475,0.9090620279312134,-0.03275594860315323,0.6907893419265747,0.8809972405433655,-0.04555578902363777,0.6578540205955505,0.8793986439704895,-0.06095651537179947,0.6486352682113647,0.743341326713562,-0.024152548983693123,0.6771920323371887,0.6664613485336304,-0.03916170075535774,0.6987886428833008,0.6207695007324219,-0.052226435393095016,0.7164270877838135,0.5773820877075195,-0.06195943057537079,0.6078391671180725,0.7360416650772095,-0.03471670299768448,0.6300375461578369,0.6480855941772461,-0.046217214316129684,0.6441935300827026,0.5858058333396912,-0.06463903188705444,0.6535710692405701,0.5316983461380005,-0.07954105734825134,0.5675308704376221,0.7539947628974915,-0.04673636332154274,0.5939986109733582,0.6974016427993774,-0.07257777452468872,0.6202098727226257,0.6430142521858215,-0.10276353359222412,0.6380105018615723,0.5960135459899902,-0.12381136417388916,0.5309978127479553,0.7910479307174683,-0.05907858535647392,0.5898184180259705,0.7835208773612976,-0.08341825008392334,0.6199731826782227,0.8263986110687256,-0.09307334572076797,0.633581817150116,0.8717943429946899,-0.09986881911754608
pinza_izquierda,0.17673146724700928,0.9092334508895874,4.452293751455727e-07,0.2102491706609726,0.899716854095459,-0.023766081780195236,0.23835445940494537,0.8592216372489929,-0.03262770175933838,0.20448243618011475,0.8299545645713806,-0.03772445768117905,0.1655607521533966,0.8204841017723083,-0.044574182480573654,0.24139995872974396,0.7530081272125244,-0.02116594836115837,0.26428061723709106,0.6847565770149231,-0.027796143665909767,0.2763967514038086,0.6444079279899597,-0.03472527861595154,0.2851041555404663,0.6034177541732788,-0.04089060425758362,0.2090829759836197,0.7390033602714539,-0.02070128172636032,0.22128751873970032,0.6613304018974304,-0.02687636762857437,0.22449448704719543,0.6138781309127808,-0.036330848932266235,0.22842274606227875,0.5667517781257629,-0.043026458472013474,0.18014532327651978,0.7449333071708679,-0.02162771299481392,0.1839352399110794,0.6773149967193604,-0.036240141838788986,0.18827950954437256,0.6312420964241028,-0.04929673671722412,0.19419632852077484,0.584702730178833,-0.0578421913087368,0.1505071222782135,0.7676413059234619,-0.02388254553079605,0.15850003063678741,0.7307615876197815,-0.03815287724137306,0.16073819994926453,0.7672194838523865,-0.03533900901675224,0.16341975331306458,0.8058923482894897,-0.031808942556381226
pinza_izquierda,0.16494101285934448,0.9199686050415039,4.001689717370027e-07,0.19752101600170135,0.9090674519538879,-0.021339593455195427,0.22313092648983002,0.8719989657402039,-0.030630219727754593,0.18608780205249786,0.847049355506897,-0.03681156411767006,0.1442248821258545,0.8410630822181702,-0.045008376240730286,0.22244326770305634,0.764883816242218,-0.02078063040971756,0.24007651209831238,0.6974020600318909,-0.027315866202116013,0.24873417615890503,0.6593623757362366,-0.03388218954205513,0.25542163848876953,0.6202830076217651,-0.03992391750216484,0.19075363874435425,0.7511236667633057,-0.021925220265984535,0.19824227690696716,0.6734596490859985,-0.029000863432884216,0.19801567494869232,0.6280156970024109,-0.038462672382593155,0.1984625905752182,0.5827702283859253,-0.045140039175748825,0.16238844394683838,0.7592766880989075,-0.024174392223358154,0.1616300493478775,0.6933932900428772,-0.03989717364311218,0.16111969947814941,0.6523882150650024,-0.052553996443748474,0.16236405074596405,0.6099231243133545,-0.060275714844465256,0.13432154059410095,0.7850919961929321,-0.02733805403113365,0.13965359330177307,0.7466453313827515,-0.04112323373556137,0.14010313153266907,0.7807999849319458,-0.03776164352893829,0.14157015085220337,0.816752016544342,-0.033973727375268936
pinza_izquierda,0.16536468267440796,0.9235998392105103,4.3222522094765736e-07,0.19724567234516144,0.9150740504264832,-0.02496877871453762,0.22105787694454193,0.8760853409767151,-0.035134196281433105,0.17992648482322693,0.8465715646743774,-0.041239045560359955,0.13752669095993042,0.8361775279045105,-0.04895192012190819,0.21687212586402893,0.7660709619522095,-0.022337721660733223,0.2324642837047577,0.6991868615150452,-0.028789851814508438,0.24076904356479645,0.6606472134590149,-0.035669244825839996,0.24696633219718933,0.6206262707710266,-0.042011115700006485,0.18512049317359924,0.752178966999054,-0.021164393052458763,0.19159850478172302,0.6753756403923035,-0.027474042028188705,0.1909179538488388,0.6298707127571106,-0.036870889365673065,0.19140736758708954,0.5829019546508789,-0.04365643486380577,0.15694092214107513,0.7598996758460999,-0.021382002159953117,0.15584664046764374,0.6933310627937317,-0.036576393991708755,0.15496701002120972,0.6496864557266235,-0.04907112568616867,0.1561184525489807,0.6043837070465088,-0.05707516148686409,0.12776495516300201,0.7849313616752625,-0.02286013588309288,0.13211116194725037,0.746864378452301,-0.03755264729261398,0.13497842848300934,0.7828454971313477,-0.03488818556070328,0.1394055336713791,0.8208492994308472,-0.03141786903142929
pinza_izquierda,0.1605471968650818,0.9174034595489502,4.537079405508848e-07,0.1934436857700348,0.9083969593048096,-0.026395760476589203,0.21769016981124878,0.8686521649360657,-0.03685421124100685,0.1767876148223877,0.8389323353767395,-0.043022170662879944,0.13271449506282806,0.8294297456741333,-0.05096123367547989,0.21250706911087036,0.7548912167549133,-0.020878976210951805,0.22514134645462036,0.6878381371498108,-0.028214087709784508,0.23226377367973328,0.6486780643463135,-0.03600307181477547,0.23801489174365997,0.6077253818511963,-0.042794257402420044,0.1803465485572815,0.7401344180107117,-0.019249916076660156,0.1835641860961914,0.6628261208534241,-0.026222998276352882,0.18096904456615448,0.6165937185287476,-0.03637803718447685,0.1804293990135193,0.57025146484375,-0.04291921481490135,0.15229183435440063,0.7470589280128479,-0.019377760589122772,0.14823871850967407,0.6813280582427979,-0.03606276586651802,0.1451699435710907,0.6376765966415405,-0.04940911754965782,0.14542129635810852,0.5920678973197937,-0.057162683457136154,0.12354923784732819,0.773298442363739,-0.020878328010439873,0.1230616420507431,0.7379351854324341,-0.03776608034968376,0.12391761690378189,0.777569591999054,-0.035672757774591446,0.1282493770122528,0.8180263042449951,-0.03163446858525276
pinza_izquierda,0.16642963886260986,0.9065629839897156,4.3404796201684803e-07,0.1964888721704483,0.9039596915245056,-0.032150499522686005,0.21861858665943146,0.8661938905715942,-0.0456957072019577,0.17403575778007507,0.834328293800354,-0.05321769788861275,0.12758901715278625,0.818627655506134,-0.06231306493282318,0.21239373087882996,0.7482805252075195,-0.03134679049253464,0.22307966649532318,0.6780444383621216,-0.03969147428870201,0.2266293317079544,0.6383138298988342,-0.046959929168224335,0.23047462105751038,0.5964456796646118,-0.05356869846582413,0.1812383532524109,0.7320733666419983,-0.027241606265306473,0.1821720153093338,0.6525221467018127,-0.03714809566736221,0.17735247313976288,0.6060992479324341,-0.04779009893536568,0.17624090611934662,0.5588006973266602,-0.054217658936977386,0.154265359044075,0.7380020022392273,-0.024753103032708168,0.14670239388942719,0.6669536232948303,-0.04519212990999222,0.14193153381347656,0.6244052648544312,-0.05840568244457245,0.14271222054958344,0.5772096514701843,-0.06551451236009598,0.12611719965934753,0.7637637853622437,-0.023656582459807396,0.12196828424930573,0.725878894329071,-0.04381337761878967,0.12249168753623962,0.7693984508514404,-0.041804827749729156,0.12859410047531128,0.8120559453964233,-0.03742611035704613
pinza_izquierda,0.17219652235507965,0.9089438915252686,4.26365915018323e-07,0.2032468169927597,0.9015925526618958,-0.02944416180253029,0.2234591394662857,0.8582802414894104,-0.041110020130872726,0.1766209900379181,0.8268634080886841,-0.04748992249369621,0.13061408698558807,0.8144697546958923,-0.05506061390042305,0.2165951132774353,0.7461977005004883,-0.026281265541911125,0.2276044487953186,0.6763052940368652,-0.03415338695049286,0.23204243183135986,0.636271595954895,-0.04106518626213074,0.23594193160533905,0.5961299538612366,-0.04718182981014252,0.1828387975692749,0.733609676361084,-0.02293017879128456,0.18291519582271576,0.6516688466072083,-0.03228769451379776,0.17967192828655243,0.6046276092529297,-0.04159260168671608,0.1785469502210617,0.5567586421966553,-0.047000862658023834,0.1543988138437271,0.7431790232658386,-0.02137899212539196,0.14625555276870728,0.6705413460731506,-0.040068596601486206,0.14228534698486328,0.6285096406936646,-0.05151465907692909,0.14181378483772278,0.5830891132354736,-0.057317104190588,0.12543950974941254,0.7722367644309998,-0.021226363256573677,0.12364048510789871,0.7282956838607788,-0.03853417560458183,0.1256989985704422,0.7663522362709045,-0.035262227058410645,0.13077127933502197,0.8039311766624451,-0.030367394909262657
pinza_izquierda,0.15196436643600464,0.7819651365280151,5.078125582258508e-07,0.1925441175699234,0.7535772323608398,-0.03290694206953049,0.2156187742948532,0.6913900971412659,-0.04412969574332237,0.1653924286365509,0.6585435271263123,-0.04949302226305008,0.11743655055761337,0.6440609693527222,-0.056150805205106735,0.20733104646205902,0.5688203573226929,-0.02674790471792221,0.22149991989135742,0.4856148660182953,-0.035658080130815506,0.2281247079372406,0.4354023337364197,-0.044652096927165985,0.23248663544654846,0.38334184885025024,-0.05276451259851456,0.16640658676624298,0.559306263923645,-0.02450690232217312,0.16767875850200653,0.45936375856399536,-0.03685900196433067,0.16476666927337646,0.3983669877052307,-0.04964083805680275,0.16344986855983734,0.3363712728023529,-0.057148341089487076,0.1316155046224594,0.5718266367912292,-0.024492092430591583,0.1262667328119278,0.482991486787796,-0.04829532653093338,0.12441432476043701,0.42551130056381226,-0.06420905143022537,0.12498999387025833,0.3633764982223511,-0.07268532365560532,0.0982222929596901,0.6063641905784607,-0.02614719606935978,0.10321342945098877,0.5481001734733582,-0.04828394204378128,0.11009445786476135,0.5943346619606018,-0.044573646038770676,0.11878640949726105,0.6422291994094849,-0.03880025073885918
pinza_izquierda,0.15311424434185028,0.7863306403160095,5.075903573015239e-07,0.19301146268844604,0.7584323883056641,-0.03350123018026352,0.21589946746826172,0.6945337653160095,-0.04433836415410042,0.16445906460285187,0.6623247861862183,-0.04909266531467438,0.11468656361103058,0.6485466361045837,-0.05516122654080391,0.2064458578824997,0.5722711682319641,-0.026356354355812073,0.2207268476486206,0.4882430136203766,-0.03491539880633354,0.22732111811637878,0.438209593296051,-0.043988198041915894,0.2320690155029297,0.38662660121917725,-0.05219680815935135,0.1654496192932129,0.5636981129646301,-0.02374318428337574,0.1663564145565033,0.4644086956977844,-0.034395720809698105,0.16281622648239136,0.40367984771728516,-0.04754362255334854,0.1611405462026596,0.342684268951416,-0.05594939738512039,0.1310361921787262,0.5768349170684814,-0.023519296199083328,0.12442342936992645,0.4887147843837738,-0.04646463319659233,0.12218254059553146,0.4312078654766083,-0.06376558542251587,0.12224701046943665,0.36943870782852173,-0.07377953082323074,0.09793633222579956,0.6112936735153198,-0.024991901591420174,0.10238979756832123,0.5543864965438843,-0.047308001667261124,0.11026598513126373,0.6003233790397644,-0.04478681832551956,0.11874787509441376,0.6476863026618958,-0.04019108787178993
pinza_izquierda,0.1487521082162857,0.7775366902351379,5.273298029351281e-07,0.18811435997486115,0.7507063746452332,-0.033699408173561096,0.2108187973499298,0.6901646256446838,-0.046344831585884094,0.16312146186828613,0.6542280912399292,-0.053195733577013016,0.11775003373622894,0.6379112601280212,-0.06129547953605652,0.204006627202034,0.5657598376274109,-0.028860215097665787,0.21765339374542236,0.4811660349369049,-0.039215087890625,0.22384484112262726,0.4302496910095215,-0.04901391267776489,0.22820189595222473,0.37792885303497314,-0.057400647550821304,0.1638379991054535,0.5561083555221558,-0.026226365938782692,0.1645175665616989,0.4563834071159363,-0.03914791718125343,0.16023078560829163,0.39456862211227417,-0.052373554557561874,0.15790240466594696,0.3330795466899872,-0.06037246808409691,0.1297539919614792,0.567442774772644,-0.02581644244492054,0.12313951551914215,0.4791555404663086,-0.049769215285778046,0.119321808218956,0.4218981862068176,-0.06606249511241913,0.1187267005443573,0.36182841658592224,-0.07491336762905121,0.09672711789608002,0.5998759865760803,-0.027134448289871216,0.09928953647613525,0.5425912141799927,-0.04953686147928238,0.10538122057914734,0.5876544117927551,-0.0466841384768486,0.11395031213760376,0.634823739528656,-0.04151776432991028
pinza_izquierda,0.1502068042755127,0.7700887322425842,5.169135874893982e-07,0.191619873046875,0.7424715757369995,-0.03284033015370369,0.21765239536762238,0.6802144646644592,-0.04379738122224808,0.17014116048812866,0.6459777355194092,-0.04939217120409012,0.12168974429368973,0.6294137835502625,-0.05608262121677399,0.20634497702121735,0.55497145652771,-0.02553541027009487,0.221220001578331,0.469627320766449,-0.03530224785208702,0.22748905420303345,0.41744041442871094,-0.044944144785404205,0.2317575067281723,0.3650510907173157,-0.053391698747873306,0.1640511155128479,0.5448841452598572,-0.023969165980815887,0.16630378365516663,0.4434949457645416,-0.03656711056828499,0.16333165764808655,0.38098040223121643,-0.05016282573342323,0.16110822558403015,0.3197959065437317,-0.058478470891714096,0.12872089445590973,0.5566234588623047,-0.024878602474927902,0.124101921916008,0.4667769968509674,-0.04821029677987099,0.12232178449630737,0.40880393981933594,-0.06457572430372238,0.12154477089643478,0.3479918837547302,-0.07368975132703781,0.0954228937625885,0.5903576612472534,-0.027633322402834892,0.10249973833560944,0.5299146771430969,-0.049406055361032486,0.10949774086475372,0.5724704265594482,-0.046364057809114456,0.11650899797677994,0.6178854703903198,-0.04124417528510094
pinza_izquierda,0.14878709614276886,0.7651382684707642,5.260249054117594e-07,0.18890856206417084,0.735079288482666,-0.03258322551846504,0.21224728226661682,0.6727715730667114,-0.04442578926682472,0.16509588062763214,0.6370471715927124,-0.05107469856739044,0.11939568817615509,0.6214666366577148,-0.05894407257437706,0.20618000626564026,0.5468966960906982,-0.02507205121219158,0.21996696293354034,0.46213299036026,-0.03530021011829376,0.22603732347488403,0.4098726511001587,-0.04562884941697121,0.2299845665693283,0.3568907082080841,-0.05450243502855301,0.16496439278125763,0.5371663570404053,-0.02356722764670849,0.16617101430892944,0.43678122758865356,-0.036467500030994415,0.16251340508460999,0.37443700432777405,-0.04993819817900658,0.16018185019493103,0.31235191226005554,-0.05803784728050232,0.12978003919124603,0.5486105680465698,-0.024520570412278175,0.12523269653320312,0.4598275423049927,-0.047981683164834976,0.12308581173419952,0.4015127420425415,-0.06407813727855682,0.12291231751441956,0.34011855721473694,-0.07279693335294724,0.09585310518741608,0.5813210606575012,-0.027311138808727264,0.09988784044981003,0.521935760974884,-0.04908892884850502,0.10561718791723251,0.564987063407898,-0.04577527195215225,0.11334291100502014,0.610287070274353,-0.04028189182281494
pinza_izquierda,0.15385915338993073,0.631581723690033,5.251011430118524e-07,0.20534071326255798,0.5968390703201294,-0.0353899709880352,0.23605655133724213,0.5189064145088196,-0.04565994441509247,0.18730691075325012,0.45911452174186707,-0.05026174336671829,0.13463672995567322,0.43369874358177185,-0.05610193684697151,0.22523894906044006,0.3954310417175293,-0.0219649039208889,0.24343305826187134,0.3046535849571228,-0.030731501057744026,0.2516936957836151,0.24819231033325195,-0.04102015495300293,0.25689905881881714,0.19158869981765747,-0.05070148780941963,0.18215398490428925,0.3815644085407257,-0.02057231403887272,0.18809261918067932,0.2722054123878479,-0.02967628836631775,0.18791456520557404,0.20487502217292786,-0.04325365647673607,0.18782173097133636,0.13889706134796143,-0.053072329610586166,0.1441057324409485,0.3917856812477112,-0.022455591708421707,0.1433468461036682,0.28868600726127625,-0.04520051181316376,0.14473067224025726,0.22140191495418549,-0.06547825038433075,0.14597105979919434,0.15345525741577148,-0.07869601994752884,0.10643736273050308,0.42298194766044617,-0.02636280655860901,0.11185162514448166,0.352603018283844,-0.051516979932785034,0.12241261452436447,0.3923649191856384,-0.05263115093111992,0.13143771886825562,0.43746715784072876,-0.05093536153435707
pinza_izquierda,0.1572462022304535,0.606999397277832,5.374623697207426e-07,0.20896601676940918,0.5755724906921387,-0.04106827452778816,0.23860065639019012,0.49893563985824585,-0.05431966483592987,0.1927589625120163,0.43780815601348877,-0.06079407408833504,0.14088694751262665,0.4056941866874695,-0.06791374087333679,0.2269238978624344,0.3721674680709839,-0.02993425354361534,0.2462424337863922,0.27768683433532715,-0.04249845817685127,0.25417372584342957,0.2192198932170868,-0.0541953444480896,0.25925976037979126,0.16256235539913177,-0.06410449743270874,0.1837165802717209,0.35734450817108154,-0.026207534596323967,0.1906038522720337,0.24457038938999176,-0.039873287081718445,0.19183099269866943,0.17530284821987152,-0.054107699543237686,0.19175343215465546,0.11049404740333557,-0.06333866715431213,0.145603746175766,0.36638420820236206,-0.026341455057263374,0.14658766984939575,0.2616371810436249,-0.0522010438144207,0.15010187029838562,0.19390198588371277,-0.0724320337176323,0.1519675999879837,0.12594732642173767,-0.0848492756485939,0.10883799195289612,0.39643484354019165,-0.028987092897295952,0.11731795966625214,0.326605886220932,-0.05591931194067001,0.1264442354440689,0.3649216294288635,-0.057740628719329834,0.1319180577993393,0.40781477093696594,-0.056116726249456406
pinza_izquierda,0.15156064927577972,0.6001541614532471,5.389567263591744e-07,0.20294645428657532,0.5647205114364624,-0.03645668923854828,0.2315109223127365,0.4835074245929718,-0.04645415022969246,0.18639925122261047,0.42156755924224854,-0.05047673359513283,0.1344972848892212,0.39532366394996643,-0.05533423647284508,0.22268341481685638,0.3608866035938263,-0.022977611050009727,0.24025535583496094,0.26773232221603394,-0.032823964953422546,0.24862313270568848,0.20922374725341797,-0.04330822825431824,0.25397199392318726,0.1518654227256775,-0.05278262495994568,0.1806654930114746,0.3472145199775696,-0.021318234503269196,0.18690970540046692,0.2351355403661728,-0.03177136182785034,0.18670907616615295,0.1658315360546112,-0.04529670625925064,0.18641504645347595,0.10013198852539062,-0.05467143654823303,0.14204946160316467,0.35718607902526855,-0.023264089599251747,0.14143452048301697,0.2518063485622406,-0.04698096588253975,0.14347034692764282,0.18196648359298706,-0.0678846538066864,0.14478446543216705,0.11271432042121887,-0.08130692690610886,0.10382936894893646,0.38745763897895813,-0.02739422768354416,0.11249267309904099,0.3169955611228943,-0.05276789143681526,0.12265289574861526,0.3561052978038788,-0.054323069751262665,0.12964007258415222,0.40093889832496643,-0.05301938205957413
pinza_izquierda,0.14581382274627686,0.5815308690071106,5.38540746219951e-07,0.1982005387544632,0.5462965369224548,-0.03814564645290375,0.22908443212509155,0.4643622040748596,-0.049138233065605164,0.1834721565246582,0.3971080183982849,-0.05395958945155144,0.13063758611679077,0.3672797679901123,-0.05943155288696289,0.21978852152824402,0.34281888604164124,-0.02333405241370201,0.23879921436309814,0.24832101166248322,-0.033097438514232635,0.2472495138645172,0.18989023566246033,-0.04353900998830795,0.2531219720840454,0.1327308714389801,-0.05307181552052498,0.17609399557113647,0.3282766342163086,-0.020932313054800034,0.18297867476940155,0.21523557603359222,-0.031018590554594994,0.18451416492462158,0.14632630348205566,-0.04425020515918732,0.18620441854000092,0.08080774545669556,-0.05352823808789253,0.1367652416229248,0.33776479959487915,-0.022370725870132446,0.13671910762786865,0.23168756067752838,-0.04626297950744629,0.14073239266872406,0.16177916526794434,-0.06714354455471039,0.143532857298851,0.09248405694961548,-0.08066745102405548,0.09839186072349548,0.3673420250415802,-0.026139622554183006,0.10853304713964462,0.29668450355529785,-0.05244169756770134,0.11920490860939026,0.33663591742515564,-0.05447210744023323,0.1256735473871231,0.3817671537399292,-0.053402356803417206
pinza_izquierda,0.14231669902801514,0.5756811499595642,5.30006786902959e-07,0.19528071582317352,0.5389788746833801,-0.03786812350153923,0.22527466714382172,0.45450645685195923,-0.048666197806596756,0.17875535786151886,0.3868025541305542,-0.053189147263765335,0.12553521990776062,0.35555773973464966,-0.058442022651433945,0.21680201590061188,0.33394384384155273,-0.02414919063448906,0.2346382737159729,0.23825228214263916,-0.03426409512758255,0.24262399971485138,0.1791132092475891,-0.04502556845545769,0.24777060747146606,0.12067148089408875,-0.0548272468149662,0.17305845022201538,0.31925779581069946,-0.021935248747467995,0.17961207032203674,0.20575551688671112,-0.03221588954329491,0.180386483669281,0.1363530308008194,-0.04590835049748421,0.18126776814460754,0.06950777769088745,-0.05566856265068054,0.1333291083574295,0.32853633165359497,-0.023408839479088783,0.1335352063179016,0.2217988669872284,-0.047364600002765656,0.13707669079303741,0.15180659294128418,-0.06843597441911697,0.1392917037010193,0.08191907405853271,-0.08222481608390808,0.09455863386392593,0.3577844202518463,-0.02714986354112625,0.10415196418762207,0.2865675091743469,-0.05378197878599167,0.11508660763502121,0.3267139196395874,-0.055896300822496414,0.12182839959859848,0.3717431128025055,-0.05484741926193237
pinza_izquierda,0.14716413617134094,0.5585293769836426,5.130894464855373e-07,0.20018060505390167,0.522435188293457,-0.03768402338027954,0.23143742978572845,0.4382071793079376,-0.048688437789678574,0.18727965652942657,0.36787641048431396,-0.053670190274715424,0.1354871243238449,0.33423861861228943,-0.059568047523498535,0.22227926552295685,0.3192254900932312,-0.024681279435753822,0.24119147658348083,0.2238425612449646,-0.03508555144071579,0.24976173043251038,0.16431650519371033,-0.04595781862735748,0.2550264000892639,0.10544939339160919,-0.05593626946210861,0.17896145582199097,0.30288130044937134,-0.022621983662247658,0.18509095907211304,0.18989361822605133,-0.03280667960643768,0.18541303277015686,0.12008410692214966,-0.04639073833823204,0.18554693460464478,0.05274397134780884,-0.05635810270905495,0.13923218846321106,0.31160882115364075,-0.024196380749344826,0.13937616348266602,0.20500251650810242,-0.04850101098418236,0.1428690254688263,0.13422441482543945,-0.07012244313955307,0.1449783593416214,0.06396353244781494,-0.0845567137002945,0.10011985152959824,0.3400036692619324,-0.02796035446226597,0.10809070616960526,0.26958322525024414,-0.05539863556623459,0.11974118649959564,0.3083001971244812,-0.05858417972922325,0.12758833169937134,0.35273900628089905,-0.058457933366298676
pinza_izquierda,0.3544100224971771,0.5508613586425781,5.121298158883292e-07,0.40844857692718506,0.5133834481239319,-0.025319401174783707,0.45233502984046936,0.4312096834182739,-0.031059909611940384,0.42011353373527527,0.36295586824417114,-0.03300374001264572,0.37141403555870056,0.33815959095954895,-0.03657100722193718,0.4264792799949646,0.3095366358757019,-0.016102749854326248,0.4511878192424774,0.21671035885810852,-0.02251499518752098,0.46356338262557983,0.15822836756706238,-0.029834382236003876,0.4717535972595215,0.10288941860198975,-0.03702356666326523,0.3847132623195648,0.29336312413215637,-0.018828444182872772,0.3942718505859375,0.1809583157300949,-0.02397865802049637,0.3978811800479889,0.11073100566864014,-0.03470868617296219,0.3987556993961334,0.04594704508781433,-0.04310649633407593,0.3477671146392822,0.3054477572441101,-0.023770038038492203,0.3494279086589813,0.19703970849514008,-0.04503798112273216,0.35762932896614075,0.12352249026298523,-0.06710957735776901,0.36148443818092346,0.05595555901527405,-0.082061767578125,0.3116110563278198,0.3397744596004486,-0.029477940872311592,0.3278447091579437,0.2690984606742859,-0.053944069892168045,0.34801796078681946,0.30545327067375183,-0.05625761300325394,0.3591388761997223,0.3533511757850647,-0.055761128664016724
pinza_izquierda,0.39737409353256226,0.5302712917327881,5.105675313643587e-07,0.45241808891296387,0.49906647205352783,-0.02991510182619095,0.49749308824539185,0.4171261787414551,-0.03825091943144798,0.46173033118247986,0.3435472548007965,-0.04205314442515373,0.4101208746433258,0.3113015294075012,-0.04779727756977081,0.4742804765701294,0.2874385416507721,-0.02091044746339321,0.4961729943752289,0.19524240493774414,-0.02945864014327526,0.5067133903503418,0.13930223882198334,-0.03866773843765259,0.5136957764625549,0.08490502834320068,-0.04718610644340515,0.43200138211250305,0.27294647693634033,-0.02221023291349411,0.44186392426490784,0.15952399373054504,-0.02946120873093605,0.4452330768108368,0.09158480167388916,-0.04222341254353523,0.4461292624473572,0.029732733964920044,-0.05233131721615791,0.3938101828098297,0.28614336252212524,-0.02602224051952362,0.3969956338405609,0.17559479176998138,-0.049520425498485565,0.40418335795402527,0.10491420328617096,-0.07165533304214478,0.40697476267814636,0.03983795642852783,-0.08667609840631485,0.35468581318855286,0.32093125581741333,-0.03077010065317154,0.375337153673172,0.24370315670967102,-0.0564926452934742,0.39792051911354065,0.2793843150138855,-0.05858946219086647,0.41053667664527893,0.32445028424263,-0.058143988251686096
pinza_izquierda,0.42327630519866943,0.5337316989898682,4.890438844995515e-07,0.47844499349594116,0.5001370310783386,-0.02577200159430504,0.52483069896698,0.41808152198791504,-0.03254959359765053,0.4920949339866638,0.34761887788772583,-0.0356731116771698,0.44268161058425903,0.32077518105506897,-0.04127596691250801,0.4995991587638855,0.28652358055114746,-0.018981270492076874,0.5242482423782349,0.1943703144788742,-0.026416826993227005,0.5383739471435547,0.1381450891494751,-0.03541288152337074,0.5479850769042969,0.08138428628444672,-0.044118620455265045,0.4571930468082428,0.27225935459136963,-0.022183753550052643,0.4660266935825348,0.1623799353837967,-0.027638714760541916,0.46801942586898804,0.09232534468173981,-0.041561856865882874,0.4679141640663147,0.024698883295059204,-0.053382281213998795,0.4185461103916168,0.2872570753097534,-0.02735292539000511,0.4220316410064697,0.17748188972473145,-0.050927262753248215,0.42889052629470825,0.10126715898513794,-0.07750140875577927,0.43112486600875854,0.029991626739501953,-0.09623436629772186,0.3789823353290558,0.3236185610294342,-0.032877370715141296,0.39923709630966187,0.24661332368850708,-0.05897580459713936,0.42432016134262085,0.28290632367134094,-0.06351742148399353,0.4396211504936218,0.33151912689208984,-0.06559961289167404
pinza_izquierda,0.4322488009929657,0.5255418419837952,6.376991450451897e-07,0.4904900789260864,0.4952314496040344,-0.030985843390226364,0.5388225317001343,0.41348540782928467,-0.03922648727893829,0.5076050758361816,0.34233999252319336,-0.04263937100768089,0.45728111267089844,0.31356731057167053,-0.04769672080874443,0.5082387328147888,0.2818014323711395,-0.022249149158596992,0.5337672233581543,0.1902657449245453,-0.03171386197209358,0.5482711791992188,0.13130897283554077,-0.041994623839855194,0.5580156445503235,0.07313419878482819,-0.05112287029623985,0.46561068296432495,0.2626209557056427,-0.02482018992304802,0.47332435846328735,0.13804413378238678,-0.032408181577920914,0.47882673144340515,0.057237833738327026,-0.0465531162917614,0.48063957691192627,-0.01662135124206543,-0.05726034194231033,0.4277710020542145,0.27590447664260864,-0.029892582446336746,0.4302486777305603,0.16351570188999176,-0.05549808591604233,0.44026345014572144,0.0871926099061966,-0.08154596388339996,0.444256991147995,0.018677115440368652,-0.09839854389429092,0.3908010721206665,0.31423118710517883,-0.03593091294169426,0.41151851415634155,0.23972563445568085,-0.06528791785240173,0.43396639823913574,0.27488672733306885,-0.06972058117389679,0.44481417536735535,0.3233468234539032,-0.07001418620347977
pinza_izquierda,0.4548816382884979,0.5352916121482849,5.402838496593176e-07,0.5121589303016663,0.5067718029022217,-0.029533276334404945,0.559697151184082,0.42862701416015625,-0.03904278948903084,0.5325040221214294,0.35900959372520447,-0.04405736178159714,0.48619404435157776,0.3222738206386566,-0.05143885686993599,0.5290358662605286,0.29369011521339417,-0.02417878247797489,0.5569232702255249,0.2014893889427185,-0.03380158543586731,0.572838306427002,0.14354251325130463,-0.04400821030139923,0.5843623280525208,0.08665505051612854,-0.05334748327732086,0.4876171946525574,0.2759389877319336,-0.026239344850182533,0.49878257513046265,0.16111527383327484,-0.03473585844039917,0.5038893222808838,0.09019502997398376,-0.049542833119630814,0.5065415501594543,0.025736510753631592,-0.06129181385040283,0.44941025972366333,0.2879311442375183,-0.030460843816399574,0.45511841773986816,0.1741480827331543,-0.05674592778086662,0.4661715030670166,0.09818907082080841,-0.0831945613026619,0.47221657633781433,0.029578208923339844,-0.10138028860092163,0.410923570394516,0.3231137990951538,-0.03515346720814705,0.43345239758491516,0.24834313988685608,-0.06596799939870834,0.4605778455734253,0.28760483860969543,-0.07208219915628433,0.47755974531173706,0.33876273036003113,-0.07399004697799683
pinza_izquierda,0.38742366433143616,0.834787130355835,5.309415200827061e-07,0.44636270403862,0.8214007616043091,-0.02539726160466671,0.5036169290542603,0.7689119577407837,-0.03494279831647873,0.48840078711509705,0.7141027450561523,-0.04109784960746765,0.43835175037384033,0.6994569301605225,-0.05036669224500656,0.4837656021118164,0.6055706739425659,-0.0227676834911108,0.5177474021911621,0.5225613713264465,-0.031249606981873512,0.5378924608230591,0.4711647629737854,-0.041096724569797516,0.5534980893135071,0.4164949059486389,-0.05062403902411461,0.4436233639717102,0.5895894765853882,-0.028616532683372498,0.4602077305316925,0.47866615653038025,-0.03788335621356964,0.4625736474990845,0.40911272168159485,-0.05406343191862106,0.4635094106197357,0.34288308024406433,-0.06685353815555573,0.4060085713863373,0.6048685908317566,-0.03562963753938675,0.4179142713546753,0.5083374977111816,-0.05925564840435982,0.4263322949409485,0.441390722990036,-0.08212777227163315,0.4323241710662842,0.37584248185157776,-0.09774237871170044,0.3678687810897827,0.6471566557884216,-0.043447911739349365,0.3983224630355835,0.580136239528656,-0.0664215013384819,0.41389888525009155,0.6251518130302429,-0.06636617332696915,0.42242562770843506,0.6797128915786743,-0.06493214517831802
pinza_izquierda,0.3597981631755829,0.8768823146820068,5.974698638055997e-07,0.42165157198905945,0.863896906375885,-0.02408495917916298,0.4791024923324585,0.8150075078010559,-0.032341912388801575,0.4560193717479706,0.7684162855148315,-0.03711886331439018,0.4049895405769348,0.7580346465110779,-0.04489269107580185,0.46557363867759705,0.6624765992164612,-0.02208668924868107,0.4977368712425232,0.5811470746994019,-0.031010707840323448,0.518673300743103,0.5321874022483826,-0.03974880278110504,0.5367510914802551,0.4813874363899231,-0.04768677428364754,0.42502832412719727,0.6422228813171387,-0.028674734756350517,0.44528499245643616,0.5367382168769836,-0.035327885299921036,0.45340412855148315,0.4675915241241455,-0.04978467524051666,0.46010974049568176,0.402647465467453,-0.06129830330610275,0.3854934871196747,0.6540254950523376,-0.03697802871465683,0.39433640241622925,0.5653077960014343,-0.061105869710445404,0.4031650125980377,0.4968917965888977,-0.08873657137155533,0.4101717472076416,0.4295256733894348,-0.10775930434465408,0.3457653522491455,0.6927561163902283,-0.045695360749959946,0.37538835406303406,0.650740921497345,-0.07027607411146164,0.3872944116592407,0.7018771767616272,-0.07458336651325226,0.39187362790107727,0.7544482946395874,-0.07671763002872467
pinza_izquierda,0.3525483012199402,0.8815292716026306,6.231186375771358e-07,0.41532161831855774,0.8669374585151672,-0.024810954928398132,0.47183743119239807,0.8197522759437561,-0.03396293520927429,0.44827455282211304,0.7750005125999451,-0.03942953795194626,0.3945053815841675,0.7685063481330872,-0.04795828089118004,0.4564000070095062,0.6696754693984985,-0.023041605949401855,0.48773086071014404,0.5896224975585938,-0.03244293853640556,0.5070134401321411,0.5402249693870544,-0.04168006777763367,0.5248568058013916,0.4890645146369934,-0.05000736191868782,0.4159283936023712,0.6499314308166504,-0.02948598563671112,0.43980005383491516,0.5467723608016968,-0.03699031472206116,0.4509873390197754,0.47833114862442017,-0.05134598910808563,0.4622431993484497,0.41414040327072144,-0.062506765127182,0.3765985369682312,0.6615849733352661,-0.03759672865271568,0.3849160671234131,0.5705311298370361,-0.061386048793792725,0.39324355125427246,0.5037984251976013,-0.08715292811393738,0.4024275541305542,0.43811672925949097,-0.10469355434179306,0.3375270962715149,0.7020136713981628,-0.046329934149980545,0.36305248737335205,0.6504184007644653,-0.07000129669904709,0.3744224011898041,0.7011168599128723,-0.07201642543077469,0.381511390209198,0.7561712265014648,-0.0722954198718071
pinza_izquierda,0.3478245139122009,0.8855584263801575,5.859953375875193e-07,0.41005459427833557,0.8731884956359863,-0.02444225735962391,0.4666728675365448,0.8277455568313599,-0.033711425960063934,0.444026917219162,0.7834535837173462,-0.03934447467327118,0.389756977558136,0.7700764536857605,-0.048004619777202606,0.45299598574638367,0.6774130463600159,-0.02338133566081524,0.47995060682296753,0.59272700548172,-0.0329202264547348,0.4961617588996887,0.5410881042480469,-0.04151633754372597,0.5117847919464111,0.48894399404525757,-0.04926581680774689,0.4132332503795624,0.6571844816207886,-0.029435163363814354,0.43671879172325134,0.5544976592063904,-0.03782398998737335,0.44804754853248596,0.488044410943985,-0.051348455250263214,0.4601288437843323,0.4249305725097656,-0.06149986386299133,0.37355878949165344,0.6684712171554565,-0.037177275866270065,0.3814302980899811,0.5760646462440491,-0.06197194755077362,0.38954296708106995,0.5119693279266357,-0.08655481785535812,0.39877647161483765,0.44817009568214417,-0.10265979915857315,0.3335661292076111,0.7071426510810852,-0.04534103721380234,0.3573839068412781,0.6546393632888794,-0.06976427137851715,0.3674738109111786,0.7036537528038025,-0.07133990526199341,0.3736109733581543,0.7565350532531738,-0.0708492174744606
pinza_izquierda,0.34644970297813416,0.888150691986084,5.88674026857916e-07,0.4084309935569763,0.8772786855697632,-0.025950776413083076,0.46308210492134094,0.829625129699707,-0.03511395677924156,0.43720173835754395,0.7865354418754578,-0.0403340607881546,0.38437217473983765,0.7756171822547913,-0.04859248176217079,0.4480406939983368,0.6762426495552063,-0.02469777688384056,0.4720860421657562,0.5919925570487976,-0.0334642119705677,0.48523804545402527,0.5395412445068359,-0.04155775532126427,0.49787113070487976,0.4853094816207886,-0.049208562821149826,0.4080052673816681,0.657814621925354,-0.030094962567090988,0.42973703145980835,0.5560556650161743,-0.03659995272755623,0.4401799440383911,0.491347074508667,-0.04939248412847519,0.45281803607940674,0.42884132266044617,-0.05963798612356186,0.3681724965572357,0.6700271368026733,-0.0373198464512825,0.3754652142524719,0.5791559219360352,-0.06052164360880852,0.3821267783641815,0.5137516856193542,-0.08544335514307022,0.3907102942466736,0.4487128257751465,-0.10260290652513504,0.3277221918106079,0.7085652351379395,-0.04529045522212982,0.3510645031929016,0.6599836945533752,-0.0690808966755867,0.36311814188957214,0.7099196314811707,-0.07159446179866791,0.37176892161369324,0.7637383937835693,-0.07237677276134491
pinza_izquierda,0.6171926856040955,0.8717536926269531,6.304447310867545e-07,0.6703997850418091,0.8665095567703247,-0.01844097673892975,0.7257966995239258,0.8373508453369141,-0.03216185420751572,0.7266444563865662,0.8145020604133606,-0.044513098895549774,0.6879327893257141,0.8177105784416199,-0.06048073619604111,0.7059735059738159,0.6826518774032593,-0.029945535585284233,0.7395448684692383,0.6096117496490479,-0.043671950697898865,0.761324405670166,0.5662844181060791,-0.055518679320812225,0.7777882814407349,0.5198314785957336,-0.06486734002828598,0.6702036261558533,0.6683090329170227,-0.039750583469867706,0.690916895866394,0.5758696794509888,-0.050163187086582184,0.6998260617256165,0.5154981017112732,-0.06648814678192139,0.7046605348587036,0.4572371244430542,-0.07974560558795929,0.6333588361740112,0.6821577548980713,-0.04974965751171112,0.6516820192337036,0.6196025013923645,-0.07166972011327744,0.6677160859107971,0.5634289979934692,-0.09690254926681519,0.6789658069610596,0.5083770155906677,-0.11547652631998062,0.5975468158721924,0.7188816666603088,-0.05995834618806839,0.6392067670822144,0.6998281478881836,-0.07896477729082108,0.6601345539093018,0.7442018389701843,-0.08229657262563705,0.6709163188934326,0.7907410264015198,-0.08522329479455948
pinza_izquierda,0.629315972328186,0.8755724430084229,6.464490525104338e-07,0.6835272908210754,0.8694235682487488,-0.019169876351952553,0.7374555468559265,0.8396857976913452,-0.03282896801829338,0.7375084757804871,0.8180246949195862,-0.045495666563510895,0.7012985348701477,0.8236895203590393,-0.06161326915025711,0.720149576663971,0.6829439997673035,-0.0271159540861845,0.7544280290603638,0.6125092506408691,-0.040359240025281906,0.7771267294883728,0.5710639953613281,-0.052763015031814575,0.7945507764816284,0.5261035561561584,-0.06303389370441437,0.6827982664108276,0.6694643497467041,-0.037326931953430176,0.7041770219802856,0.5773916840553284,-0.04715133458375931,0.71484375,0.5168434381484985,-0.0650927796959877,0.7217375040054321,0.45924490690231323,-0.08006899058818817,0.6445716023445129,0.6838684678077698,-0.0480707548558712,0.6661255359649658,0.6235433220863342,-0.07033003866672516,0.6861996650695801,0.5715777277946472,-0.09831110388040543,0.7010226249694824,0.5214916467666626,-0.11915063858032227,0.6080686450004578,0.7194063067436218,-0.05915682017803192,0.6508738994598389,0.7086947560310364,-0.08176494389772415,0.6737480163574219,0.7554837465286255,-0.0892055556178093,0.6866775751113892,0.8024027347564697,-0.09473379701375961
pinza_izquierda,0.6326599717140198,0.8666967749595642,6.820489488745807e-07,0.6835881471633911,0.8644627332687378,-0.020186711102724075,0.7412276864051819,0.8375821113586426,-0.03428444638848305,0.7436096668243408,0.8153403401374817,-0.0467517115175724,0.7049235701560974,0.8143861293792725,-0.06258751451969147,0.7259082198143005,0.6755936145782471,-0.029360834509134293,0.7624019980430603,0.6065608263015747,-0.04316741228103638,0.7867005467414856,0.5664611458778381,-0.055172741413116455,0.8058992028236389,0.5232826471328735,-0.06468964368104935,0.6879667043685913,0.6603997349739075,-0.039225511252880096,0.7101216912269592,0.566489577293396,-0.04993627592921257,0.7216176986694336,0.5064882040023804,-0.06754624098539352,0.7294012904167175,0.4491342604160309,-0.08168146759271622,0.6496164798736572,0.6743727326393127,-0.04960399493575096,0.6721561551094055,0.6148781180381775,-0.07337480038404465,0.6914895176887512,0.5596300959587097,-0.10110028088092804,0.7058064937591553,0.5053242444992065,-0.12120774388313293,0.6119959950447083,0.7108522653579712,-0.060235198587179184,0.6593578457832336,0.7029258608818054,-0.08235463500022888,0.6789398789405823,0.7517902851104736,-0.08818686753511429,0.687433123588562,0.7994497418403625,-0.09259282052516937
pinza_izquierda,0.627397894859314,0.8660273551940918,6.724851573380874e-07,0.6833282113075256,0.8630005121231079,-0.019346101209521294,0.7416273355484009,0.8372176885604858,-0.03311490640044212,0.7456727027893066,0.8144484162330627,-0.04564015194773674,0.7069879770278931,0.8184008002281189,-0.061646461486816406,0.7279461622238159,0.6814837455749512,-0.029088854789733887,0.7652003169059753,0.6120015978813171,-0.043632056564092636,0.7902826070785522,0.5710808038711548,-0.056369636207818985,0.8098124861717224,0.5268532037734985,-0.06657061725854874,0.6907168626785278,0.6639820337295532,-0.04022713005542755,0.7153728008270264,0.5695368051528931,-0.05104288086295128,0.7276040315628052,0.5071511268615723,-0.07034238427877426,0.7349104285240173,0.44750073552131653,-0.08587518334388733,0.6518134474754333,0.6757566928863525,-0.05173005908727646,0.6753506064414978,0.61809903383255,-0.07605661451816559,0.695264995098114,0.5645005702972412,-0.10642965137958527,0.7090197205543518,0.5106755495071411,-0.12855029106140137,0.6138080358505249,0.7099806070327759,-0.06334581226110458,0.6589336395263672,0.7083980441093445,-0.08753007650375366,0.6811543703079224,0.7580263614654541,-0.0962279662489891,0.6918016672134399,0.8052271604537964,-0.10255394130945206
pinza_izquierda,0.6296704411506653,0.8635276556015015,6.6423439193386e-07,0.6849548816680908,0.8616651296615601,-0.021105827763676643,0.7401250600814819,0.8348498940467834,-0.03536733239889145,0.7427533864974976,0.8112550377845764,-0.047787804156541824,0.7052839398384094,0.8078322410583496,-0.06318351626396179,0.7255216836929321,0.6692801713943481,-0.03311465308070183,0.7601836323738098,0.5909838080406189,-0.047686558216810226,0.7820128202438354,0.5446440577507019,-0.058696333318948746,0.7991682291030884,0.49737200140953064,-0.06751211732625961,0.6870346069335938,0.6563058495521545,-0.04281988739967346,0.7071774005889893,0.5595634579658508,-0.05606623366475105,0.7154617309570312,0.49680402874946594,-0.07463764399290085,0.7200345396995544,0.4400176405906677,-0.08911952376365662,0.6483422517776489,0.6711664199829102,-0.0529838502407074,0.6686399579048157,0.6104581952095032,-0.08004815876483917,0.6868497729301453,0.5559073090553284,-0.10989324748516083,0.7000800371170044,0.5031182765960693,-0.13072921335697174,0.6120011806488037,0.707718551158905,-0.06323765963315964,0.659508466720581,0.7022601366043091,-0.0891711637377739,0.6828054189682007,0.750213086605072,-0.09855671972036362,0.694409191608429,0.7974685430526733,-0.1048983782529831
pinza_izquierda,0.6335442066192627,0.8566896915435791,6.772783649466874e-07,0.6857390999794006,0.8526086807250977,-0.022818656638264656,0.7429639101028442,0.8226563930511475,-0.038476936519145966,0.7455307245254517,0.7986882925033569,-0.05219978839159012,0.7078423500061035,0.7967208623886108,-0.06905051320791245,0.7270094752311707,0.6589646339416504,-0.0332072488963604,0.76280277967453,0.5822873115539551,-0.04853038862347603,0.7863777279853821,0.5359377264976501,-0.0615801177918911,0.8035411238670349,0.4877408742904663,-0.07191212475299835,0.6879216432571411,0.6456463932991028,-0.04225502163171768,0.7083830237388611,0.5483658313751221,-0.05498536676168442,0.7174686789512634,0.4846886992454529,-0.074133962392807,0.7215468287467957,0.42518356442451477,-0.08953982591629028,0.648751974105835,0.6596949696540833,-0.051934223622083664,0.6722995042800903,0.5962917804718018,-0.07803044468164444,0.6908936500549316,0.5410338640213013,-0.10705552250146866,0.7032564282417297,0.4870467782020569,-0.12800683081150055,0.6113386154174805,0.6947087049484253,-0.06196722760796547,0.6601310968399048,0.6865249276161194,-0.08713914453983307,0.6817210912704468,0.7361540198326111,-0.09504478424787521,0.6912866234779358,0.7842018604278564,-0.10059400647878647
pinza_izquierda,0.628452479839325,0.8534249067306519,6.97983466579899e-07,0.6813265681266785,0.8478794097900391,-0.022667665034532547,0.7357282042503357,0.8208785057067871,-0.0384555384516716,0.7383328676223755,0.7938187718391418,-0.05202091112732887,0.7017099857330322,0.7826618552207947,-0.06869672983884811,0.7179328799247742,0.6492965221405029,-0.03361496329307556,0.7534551620483398,0.5721587538719177,-0.0462769977748394,0.7753610014915466,0.5259283185005188,-0.05735580623149872,0.7917378544807434,0.4766084849834442,-0.06664954125881195,0.6780936121940613,0.636083722114563,-0.042009517550468445,0.6974477171897888,0.5377645492553711,-0.05319898948073387,0.7053989171981812,0.47351324558258057,-0.07187772542238235,0.7094553709030151,0.41367384791374207,-0.0871458426117897,0.6394461393356323,0.6509304642677307,-0.050685856491327286,0.6567925214767456,0.5846704840660095,-0.07531151920557022,0.6703559756278992,0.5228092670440674,-0.10476427525281906,0.6786460280418396,0.46360182762145996,-0.12631922960281372,0.6024836301803589,0.6881101727485657,-0.05957404524087906,0.6484544277191162,0.6717119216918945,-0.08381367474794388,0.672702431678772,0.7185139060020447,-0.09188881516456604,0.6858296394348145,0.7678009867668152,-0.09762727469205856
pinza_izquierda,0.6736138463020325,0.6825759410858154,6.093197271184181e-07,0.733505368232727,0.6647366881370544,-0.02713114768266678,0.7899525761604309,0.6062328815460205,-0.03921063244342804,0.7951411008834839,0.5495092868804932,-0.04759085550904274,0.7510508298873901,0.5368462204933167,-0.0588521733880043,0.757090151309967,0.44481712579727173,-0.03113843873143196,0.7855391502380371,0.3532569110393524,-0.04355117306113243,0.8010984659194946,0.2963812053203583,-0.05424472317099571,0.8119910359382629,0.24090179800987244,-0.0631021112203598,0.7232109308242798,0.4330763518810272,-0.036427926272153854,0.7499447464942932,0.3192133903503418,-0.05068910866975784,0.7641112208366394,0.2442573457956314,-0.06659499555826187,0.7728092074394226,0.17587590217590332,-0.07785777002573013,0.6877479553222656,0.4482977092266083,-0.043008141219615936,0.7093709707260132,0.34713342785835266,-0.07143362611532211,0.7297497987747192,0.27466970682144165,-0.09653019905090332,0.7438368201255798,0.20790904760360718,-0.11254166066646576,0.6511216163635254,0.48748522996902466,-0.050115931779146194,0.6951283812522888,0.42542141675949097,-0.07623177766799927,0.7174428701400757,0.4704040288925171,-0.07859071344137192,0.7273482084274292,0.5244514346122742,-0.07871528714895248
pinza_izquierda,0.6736614108085632,0.6503430604934692,5.750094942413853e-07,0.7366044521331787,0.6317161917686462,-0.025166543200612068,0.7949877381324768,0.5743434429168701,-0.035866621881723404,0.8063176274299622,0.5139696002006531,-0.043405693024396896,0.7616257667541504,0.4925340712070465,-0.053765978664159775,0.7655504941940308,0.4094172716140747,-0.02748916484415531,0.7946370840072632,0.31328284740448,-0.0383855365216732,0.8090367317199707,0.2547948360443115,-0.048422347754240036,0.8198105096817017,0.19757649302482605,-0.05709865689277649,0.7306535840034485,0.39691799879074097,-0.03360859677195549,0.7527576684951782,0.27976441383361816,-0.04780358076095581,0.7639564871788025,0.20277239382266998,-0.06467845290899277,0.7711278200149536,0.13321825861930847,-0.07663840800523758,0.6946818232536316,0.4124945402145386,-0.0408184714615345,0.7137376666069031,0.3075178265571594,-0.06962039321660995,0.7314360737800598,0.23158074915409088,-0.09488493204116821,0.7432847619056702,0.16123747825622559,-0.11081532388925552,0.6580613851547241,0.4530371427536011,-0.04831473529338837,0.7040873765945435,0.3846997022628784,-0.07435393333435059,0.7258225083351135,0.4290700852870941,-0.07603701949119568,0.7342644929885864,0.4835982620716095,-0.07547236233949661
pinza_izquierda,0.6737335324287415,0.6439725756645203,6.001441192893253e-07,0.7338919639587402,0.6268838047981262,-0.025381501764059067,0.7911685705184937,0.5688599348068237,-0.036317288875579834,0.8030744791030884,0.5081194043159485,-0.044165097177028656,0.7613325119018555,0.4895079433917999,-0.054864488542079926,0.7619662284851074,0.40050750970840454,-0.027412887662649155,0.7921525835990906,0.30465948581695557,-0.03772253170609474,0.8082696199417114,0.24656496942043304,-0.04822817072272301,0.8198716044425964,0.18916481733322144,-0.05749470740556717,0.726616621017456,0.389163076877594,-0.033733174204826355,0.7488301992416382,0.2697519063949585,-0.0455017164349556,0.7613452672958374,0.19355465471744537,-0.06227685883641243,0.7686604261398315,0.1247234046459198,-0.07506627589464188,0.6903349161148071,0.40535369515419006,-0.04112151265144348,0.7106078863143921,0.30063119530677795,-0.06747468560934067,0.7294243574142456,0.22419323027133942,-0.09331022202968597,0.7412818074226379,0.15402406454086304,-0.11067002266645432,0.6531001329421997,0.44508638978004456,-0.049065254628658295,0.6983612179756165,0.37882715463638306,-0.07521523535251617,0.7207996845245361,0.4224354028701782,-0.07852442562580109,0.7291848659515381,0.4763394594192505,-0.07943888753652573
pinza_izquierda,0.6596892476081848,0.6386963129043579,5.93723655128997e-07,0.7213362455368042,0.6199040412902832,-0.027439028024673462,0.7800458669662476,0.5621582865715027,-0.03973168134689331,0.7848402857780457,0.5009911060333252,-0.0484122633934021,0.7403074502944946,0.47825661301612854,-0.06012029945850372,0.7505814433097839,0.39397132396698,-0.030055969953536987,0.7794939875602722,0.29541879892349243,-0.04189080372452736,0.7952741384506226,0.2359592318534851,-0.052895862609148026,0.807669460773468,0.17678964138031006,-0.06231503561139107,0.7146011590957642,0.38190245628356934,-0.03581468388438225,0.7376703023910522,0.2623092532157898,-0.05053133890032768,0.7494927048683167,0.18473197519779205,-0.0685836598277092,0.7569804787635803,0.11443981528282166,-0.08142118155956268,0.6783202886581421,0.39787477254867554,-0.04261230677366257,0.6969411373138428,0.2907136082649231,-0.07139092683792114,0.7149927616119385,0.21432873606681824,-0.09675052762031555,0.7277236580848694,0.14259248971939087,-0.11297980695962906,0.6403089165687561,0.4405019283294678,-0.05000827834010124,0.6804326176643372,0.37059471011161804,-0.07801634073257446,0.7017750144004822,0.4172390401363373,-0.08014209568500519,0.7113288044929504,0.47425326704978943,-0.07938342541456223
pinza_izquierda,0.6578718423843384,0.6353745460510254,6.22250752257969e-07,0.7190422415733337,0.6161675453186035,-0.02736915834248066,0.7760222554206848,0.5563360452651978,-0.03936002030968666,0.7802950739860535,0.4965987503528595,-0.047613732516765594,0.7381706237792969,0.476598858833313,-0.05843556299805641,0.7461187243461609,0.39243438839912415,-0.0313178151845932,0.7788821458816528,0.296395480632782,-0.04392228648066521,0.7990530729293823,0.23877215385437012,-0.05477626621723175,0.8150038123130798,0.18083353340625763,-0.06364179402589798,0.7107418179512024,0.3809445798397064,-0.03665130212903023,0.7344236373901367,0.26062655448913574,-0.05191394314169884,0.7478023767471313,0.18307486176490784,-0.0682746022939682,0.7566791772842407,0.11156904697418213,-0.07973068952560425,0.6747826933860779,0.3972510099411011,-0.04313329607248306,0.6954228281974792,0.2907169461250305,-0.07257948815822601,0.714489758014679,0.21447354555130005,-0.09654109179973602,0.7277165651321411,0.14401686191558838,-0.11117399483919144,0.6376760601997375,0.43876758217811584,-0.05018242076039314,0.6797110438346863,0.36847028136253357,-0.0763348937034607,0.7002328038215637,0.4147684872150421,-0.07651986926794052,0.7077016234397888,0.4721285104751587,-0.07460225373506546
pinza_izquierda,0.6442035436630249,0.6379335522651672,6.364984415085928e-07,0.7067314982414246,0.620917022228241,-0.025888388976454735,0.7654737234115601,0.560131311416626,-0.03675694018602371,0.7703772783279419,0.49738261103630066,-0.043687187135219574,0.7254612445831299,0.4831562638282776,-0.05310066044330597,0.7361909747123718,0.39452990889549255,-0.03067007102072239,0.7723051309585571,0.2984703779220581,-0.041966650635004044,0.7928309440612793,0.24113525450229645,-0.0507759265601635,0.80860835313797,0.18402285873889923,-0.05812183395028114,0.7005389332771301,0.38163432478904724,-0.03613307327032089,0.7285759449005127,0.2607317566871643,-0.05266902595758438,0.7432742714881897,0.18208853900432587,-0.06801581382751465,0.7521064877510071,0.11115345358848572,-0.0776587575674057,0.664044976234436,0.3973883390426636,-0.04246407374739647,0.6849228143692017,0.29021525382995605,-0.07409659028053284,0.7050879001617432,0.2117723673582077,-0.09871521592140198,0.7192899584770203,0.1404981017112732,-0.11267736554145813,0.6269558668136597,0.43929523229599,-0.04883228987455368,0.671055018901825,0.36918559670448303,-0.07470369338989258,0.6901108622550964,0.41754984855651855,-0.0740576758980751,0.6963019371032715,0.4766547977924347,-0.07144474983215332
pinza_izquierda,0.6465297341346741,0.6410630345344543,6.644953032264311e-07,0.709107518196106,0.6253606677055359,-0.027729550376534462,0.7681122422218323,0.5681874752044678,-0.04033180698752403,0.7756487727165222,0.5082142353057861,-0.04900513216853142,0.7316471338272095,0.4875751733779907,-0.060359757393598557,0.7420778274536133,0.4010505676269531,-0.03383995220065117,0.7810639142990112,0.3077276349067688,-0.047010499984025955,0.8035098910331726,0.25135135650634766,-0.05751660466194153,0.8216556310653687,0.19558890163898468,-0.06604263931512833,0.7062528729438782,0.38701003789901733,-0.039221230894327164,0.7369450330734253,0.26846975088119507,-0.05650169774889946,0.7547775506973267,0.1908053457736969,-0.07363148778676987,0.7673218250274658,0.12055262923240662,-0.08512259274721146,0.6689867973327637,0.40105801820755005,-0.04563356563448906,0.6921376585960388,0.29514962434768677,-0.07777544856071472,0.7139166593551636,0.21753492951393127,-0.10415734350681305,0.7295514345169067,0.14675861597061157,-0.12009155750274658,0.6305662393569946,0.44062909483909607,-0.05229344591498375,0.6756910085678101,0.37623295187950134,-0.08040997385978699,0.6960722804069519,0.42460358142852783,-0.08229869604110718,0.703026294708252,0.48309916257858276,-0.08155615627765656
pinza_izquierda,0.6461361050605774,0.6522756814956665,5.993605327603291e-07,0.7107104659080505,0.6353493332862854,-0.02417401596903801,0.7726665139198303,0.5779991745948792,-0.03545667231082916,0.7800063490867615,0.5197613835334778,-0.04362001642584801,0.7365016937255859,0.5016387701034546,-0.05495660752058029,0.748415470123291,0.4142647385597229,-0.029780322685837746,0.7877114415168762,0.32165074348449707,-0.041471607983112335,0.8104000687599182,0.26497185230255127,-0.05152188986539841,0.8277393579483032,0.20775333046913147,-0.060141671448946,0.7130290269851685,0.3998016119003296,-0.03689884394407272,0.7448144555091858,0.28411728143692017,-0.05229289457201958,0.7607713341712952,0.20669148862361908,-0.06904283910989761,0.7705960273742676,0.13359692692756653,-0.08072546869516373,0.6749716401100159,0.4132954180240631,-0.04468051716685295,0.7017908096313477,0.3096924424171448,-0.07470179349184036,0.7247776389122009,0.23365138471126556,-0.10001475363969803,0.7409882545471191,0.1626976728439331,-0.11590129882097244,0.6349402070045471,0.4528535008430481,-0.0525083988904953,0.6809999346733093,0.38861334323883057,-0.07879307121038437,0.7035083770751953,0.43722081184387207,-0.07921561598777771,0.7127737998962402,0.49650347232818604,-0.07780518382787704
pinza_izquierda,0.4617711007595062,0.6768105030059814,6.396811045306094e-07,0.523457944393158,0.6586511731147766,-0.03231623396277428,0.5771788954734802,0.5950180292129517,-0.04593310132622719,0.5510828495025635,0.5366153717041016,-0.05482395738363266,0.50370192527771,0.5081186890602112,-0.06671170145273209,0.5587592720985413,0.42887070775032043,-0.034140367060899734,0.5933801531791687,0.3292262554168701,-0.04794919863343239,0.6144337058067322,0.26677584648132324,-0.060366563498973846,0.6294816732406616,0.2061060070991516,-0.0702427327632904,0.5159044861793518,0.409909725189209,-0.03720516338944435,0.539808988571167,0.28330570459365845,-0.047989197075366974,0.5512669086456299,0.20405186712741852,-0.06401987373828888,0.5591650009155273,0.13233456015586853,-0.07628688961267471,0.4745643734931946,0.42192542552948,-0.04218299686908722,0.4839363396167755,0.3075704574584961,-0.06786781549453735,0.49679625034332275,0.2299022525548935,-0.09420730918645859,0.5058459639549255,0.15967917442321777,-0.11252041906118393,0.43163102865219116,0.458957701921463,-0.048244353383779526,0.45786741375923157,0.39103636145591736,-0.07570163160562515,0.4762226939201355,0.43904054164886475,-0.07881523668766022,0.4858659505844116,0.4958203434944153,-0.07918176800012589
pinza_izquierda,0.4485079348087311,0.6611983776092529,6.935632086424448e-07,0.5104270577430725,0.6419978141784668,-0.034831102937459946,0.5633370876312256,0.5758742094039917,-0.04707847908139229,0.536077618598938,0.5155267715454102,-0.05382811650633812,0.48711976408958435,0.4859829545021057,-0.06284956634044647,0.5468434691429138,0.4148622155189514,-0.035898372530937195,0.5801030397415161,0.31338244676589966,-0.04997757449746132,0.6010903120040894,0.2479473203420639,-0.062373291701078415,0.6168120503425598,0.18495520949363708,-0.07200652360916138,0.5033227801322937,0.3949909806251526,-0.03759967163205147,0.5224413871765137,0.26770591735839844,-0.04766137897968292,0.5325067639350891,0.1870063841342926,-0.06331606954336166,0.5396047830581665,0.11488255858421326,-0.07536560297012329,0.4623306393623352,0.4081078767776489,-0.04140624403953552,0.467871755361557,0.2985743284225464,-0.06603357940912247,0.4780409038066864,0.21937969326972961,-0.09166043251752853,0.48481670022010803,0.14717108011245728,-0.10929175466299057,0.4204745888710022,0.44742876291275024,-0.04687472805380821,0.44434282183647156,0.381284236907959,-0.07330959290266037,0.46143782138824463,0.4251752197742462,-0.07626188546419144,0.4698139727115631,0.4792434275150299,-0.07628826051950455
pinza_izquierda,0.44317904114723206,0.6517326831817627,6.784732704545604e-07,0.5066770911216736,0.6337385773658752,-0.034591853618621826,0.5572962164878845,0.5705810189247131,-0.048629265278577805,0.5266498923301697,0.5130409598350525,-0.05744900926947594,0.4786902666091919,0.4834263324737549,-0.06901703774929047,0.5396355390548706,0.4078591465950012,-0.03610163927078247,0.5750418901443481,0.30742451548576355,-0.05030623823404312,0.5961000919342041,0.24289485812187195,-0.0623890645802021,0.610882580280304,0.18153826892375946,-0.07194026559591293,0.49629607796669006,0.3872661590576172,-0.03794890269637108,0.5186006426811218,0.25789061188697815,-0.05027465894818306,0.5286548137664795,0.1756705641746521,-0.06720401346683502,0.53512042760849,0.1031484603881836,-0.07951134443283081,0.4552108645439148,0.3981728255748749,-0.041819944977760315,0.46310955286026,0.2835288643836975,-0.06881215423345566,0.47356027364730835,0.20256155729293823,-0.09663720428943634,0.4797869622707367,0.1306760609149933,-0.1155429556965828,0.4130426049232483,0.43493127822875977,-0.04692010581493378,0.439150333404541,0.37158340215682983,-0.07598569244146347,0.4556068778038025,0.41967877745628357,-0.08082825690507889,0.4632025361061096,0.4766750633716583,-0.08196587860584259
pinza_izquierda,0.43853694200515747,0.6541010141372681,6.482592880274751e-07,0.5016631484031677,0.6349940896034241,-0.03348357602953911,0.5531690716743469,0.571277379989624,-0.046975087374448776,0.5208417773246765,0.5137596130371094,-0.05558621138334274,0.4716009497642517,0.48362699151039124,-0.0674571767449379,0.5356354117393494,0.4102906882762909,-0.03516770154237747,0.5711806416511536,0.30985671281814575,-0.049701303243637085,0.5934461951255798,0.2448706477880478,-0.06246459111571312,0.6089835166931152,0.1831781566143036,-0.07257643342018127,0.4932536482810974,0.38996395468711853,-0.03780185058712959,0.5154406428337097,0.2615352272987366,-0.05000041052699089,0.5245987176895142,0.17992761731147766,-0.0674462765455246,0.5303238034248352,0.10647562146186829,-0.08043661713600159,0.45286640524864197,0.4016302824020386,-0.042363569140434265,0.46176132559776306,0.28887224197387695,-0.0695037767291069,0.4720202684402466,0.20886240899562836,-0.0970211997628212,0.47864386439323425,0.13593047857284546,-0.1159546822309494,0.4102247655391693,0.4392620325088501,-0.0480349063873291,0.43398067355155945,0.3733561635017395,-0.07745388895273209,0.4518793225288391,0.4208802580833435,-0.0815708339214325,0.46185871958732605,0.4774007499217987,-0.08226501196622849
pinza_izquierda,0.43041694164276123,0.656743049621582,6.639314733547508e-07,0.49219536781311035,0.6370423436164856,-0.034099746495485306,0.5436210036277771,0.5734622478485107,-0.04751469939947128,0.5103674530982971,0.5157729387283325,-0.05601612478494644,0.4601954519748688,0.48438239097595215,-0.06737180799245834,0.5268030762672424,0.4090364873409271,-0.035418957471847534,0.5606613159179688,0.3080194592475891,-0.050854068249464035,0.5824105143547058,0.24228011071681976,-0.06437309086322784,0.598655641078949,0.17928025126457214,-0.0747748389840126,0.48368513584136963,0.3899221420288086,-0.03779148310422897,0.5028637051582336,0.26174747943878174,-0.050946079194545746,0.5114286541938782,0.17985109984874725,-0.06794658303260803,0.5182064771652222,0.10618454217910767,-0.0801263153553009,0.443494975566864,0.4026048481464386,-0.042268671095371246,0.44947168231010437,0.2890385091304779,-0.06947151571512222,0.4589681625366211,0.21090160310268402,-0.09513881802558899,0.46683385968208313,0.13916879892349243,-0.11209692806005478,0.4021398425102234,0.44147735834121704,-0.04815391078591347,0.42316704988479614,0.37532874941825867,-0.07613063603639603,0.43701305985450745,0.4229911267757416,-0.07836216688156128,0.44516077637672424,0.47980523109436035,-0.0773170217871666
pinza_izquierda,0.4301898777484894,0.6575376987457275,6.652183515143406e-07,0.4941593110561371,0.6392899751663208,-0.03452831879258156,0.546414315700531,0.5749046206474304,-0.04843811318278313,0.5153951048851013,0.51649010181427,-0.05713051185011864,0.4654533565044403,0.48716074228286743,-0.0688706785440445,0.5261649489402771,0.4092922806739807,-0.03663279488682747,0.5612716674804688,0.31084319949150085,-0.051070909947156906,0.582760214805603,0.24659712612628937,-0.06365960836410522,0.5981537699699402,0.18491770327091217,-0.0738506093621254,0.4837471842765808,0.38968855142593384,-0.039159566164016724,0.5048284530639648,0.2609608471393585,-0.052366953343153,0.5136165022850037,0.17853526771068573,-0.07007096707820892,0.5196590423583984,0.10449951887130737,-0.08313572406768799,0.44339698553085327,0.40256619453430176,-0.043600235134363174,0.4509699046611786,0.28709250688552856,-0.07192409783601761,0.46099135279655457,0.20627126097679138,-0.09985066205263138,0.4677530825138092,0.132879376411438,-0.11879698187112808,0.40075886249542236,0.44227123260498047,-0.04914817214012146,0.42554551362991333,0.3731592297554016,-0.07889630645513535,0.44281455874443054,0.42105832695961,-0.08304442465305328,0.45214399695396423,0.47885555028915405,-0.08381964266300201
pinza_izquierda,0.4183753728866577,0.6629228591918945,6.263572913667304e-07,0.4821684658527374,0.6452589631080627,-0.03556135296821594,0.5366700887680054,0.5829715132713318,-0.04928496107459068,0.5040203332901001,0.5259810090065002,-0.057549282908439636,0.4507752060890198,0.49680325388908386,-0.06916619092226028,0.5175107717514038,0.41848814487457275,-0.03814110532402992,0.5540370941162109,0.320483922958374,-0.05333928018808365,0.5754804611206055,0.25539472699165344,-0.06690892577171326,0.5913214087486267,0.1914677768945694,-0.07804061472415924,0.47432881593704224,0.39887815713882446,-0.04059818759560585,0.4941571056842804,0.27142757177352905,-0.054852623492479324,0.5020325779914856,0.19076260924339294,-0.07303078472614288,0.5088315010070801,0.11538603901863098,-0.08635237067937851,0.4341219663619995,0.4118134081363678,-0.04495561867952347,0.442609578371048,0.2985982894897461,-0.0740090161561966,0.451396107673645,0.22113044559955597,-0.10044082999229431,0.4593803584575653,0.14640265703201294,-0.11816520988941193,0.3925507664680481,0.4519919753074646,-0.0506717786192894,0.41398417949676514,0.38457033038139343,-0.08076150715351105,0.4293689429759979,0.4343213438987732,-0.08317086100578308,0.44011780619621277,0.4926733672618866,-0.08233065903186798
pinza_izquierda,0.4148489534854889,0.6553113460540771,6.921620183675259e-07,0.47911596298217773,0.6336958408355713,-0.03432200103998184,0.5303837060928345,0.568792462348938,-0.04478665813803673,0.4955121576786041,0.5132173895835876,-0.04916319623589516,0.4444522559642792,0.49136844277381897,-0.055890247225761414,0.509641706943512,0.403745174407959,-0.03503621742129326,0.5444949865341187,0.30482158064842224,-0.04835803434252739,0.5657559633255005,0.24031002819538116,-0.06001265347003937,0.5825854539871216,0.1767987608909607,-0.06914636492729187,0.46559157967567444,0.38678860664367676,-0.03711022436618805,0.4821321964263916,0.2599824070930481,-0.04807093366980553,0.49001264572143555,0.17808875441551208,-0.06334143877029419,0.4975343942642212,0.10409665107727051,-0.07449271529912949,0.42455220222473145,0.40193843841552734,-0.041446149349212646,0.4295198917388916,0.2922045886516571,-0.06832065433263779,0.43931567668914795,0.21270063519477844,-0.09465225040912628,0.4482385516166687,0.13699951767921448,-0.11162925511598587,0.38364341855049133,0.4458799362182617,-0.04720337316393852,0.40601927042007446,0.3770807087421417,-0.0734986886382103,0.4209112823009491,0.42509424686431885,-0.07478681951761246,0.42884036898612976,0.4833287000656128,-0.07337602972984314
pinza_izquierda,0.40847092866897583,0.6676598787307739,6.063270916456531e-07,0.4707616865634918,0.6477164030075073,-0.034554608166217804,0.5222629904747009,0.5819688439369202,-0.047358203679323196,0.48732027411460876,0.5262728929519653,-0.05482786148786545,0.4346202313899994,0.5011154413223267,-0.0655461847782135,0.5045811533927917,0.42172399163246155,-0.03573352098464966,0.5372114181518555,0.32230645418167114,-0.05031467229127884,0.5580267906188965,0.25850969552993774,-0.06371045112609863,0.5742948651313782,0.1954006850719452,-0.07475831359624863,0.4602614641189575,0.40261146426200867,-0.038553398102521896,0.47667625546455383,0.2752212882041931,-0.05252370983362198,0.48270949721336365,0.19428351521492004,-0.07097752392292023,0.48862582445144653,0.11827462911605835,-0.08450634777545929,0.41985416412353516,0.41617023944854736,-0.043332744389772415,0.425689697265625,0.3035668134689331,-0.0723394900560379,0.43306922912597656,0.22564135491847992,-0.0994550958275795,0.44004976749420166,0.15077170729637146,-0.11755076795816422,0.3785984516143799,0.4567463994026184,-0.04940414801239967,0.39954861998558044,0.38813939690589905,-0.07913590222597122,0.4143885374069214,0.43770986795425415,-0.0816909670829773,0.42453834414482117,0.4950850009918213,-0.08112332969903946
pinza_izquierda,0.730237603187561,0.599219799041748,5.743895030718704e-07,0.7931535840034485,0.5742717981338501,-0.019493108615279198,0.8515647649765015,0.5169424414634705,-0.029175885021686554,0.8660281300544739,0.4592321813106537,-0.03699689731001854,0.8222129344940186,0.44409748911857605,-0.04696798324584961,0.816208004951477,0.3621617555618286,-0.02051762491464615,0.8457680344581604,0.2742614150047302,-0.02957041561603546,0.8608556985855103,0.2184358835220337,-0.03744031488895416,0.871438205242157,0.16665062308311462,-0.04480530694127083,0.7806095480918884,0.3514665365219116,-0.02967342734336853,0.8043162226676941,0.24208341538906097,-0.04773562029004097,0.8184378147125244,0.16892658174037933,-0.06343334913253784,0.8277736902236938,0.10424095392227173,-0.07275158166885376,0.746074378490448,0.366906076669693,-0.03970697522163391,0.7750682234764099,0.26898205280303955,-0.07055863738059998,0.7992167472839355,0.19543233513832092,-0.09293658286333084,0.8177388310432434,0.12729567289352417,-0.10560373961925507,0.7130489945411682,0.4082348346710205,-0.04963550344109535,0.7681348919868469,0.3467656075954437,-0.07492261379957199,0.7898224592208862,0.3883122503757477,-0.07482189685106277,0.8001174926757812,0.44094547629356384,-0.07261251658201218
pinza_izquierda,0.7175079584121704,0.60286945104599,6.227197673069895e-07,0.7792442440986633,0.5799570679664612,-0.018680904060602188,0.8385907411575317,0.5205826163291931,-0.02752910740673542,0.8546193838119507,0.4635738134384155,-0.035001736134290695,0.8104317784309387,0.44983530044555664,-0.044430576264858246,0.8051474690437317,0.36739736795425415,-0.01745104417204857,0.8444713354110718,0.28238481283187866,-0.026647208258509636,0.8665841817855835,0.22799402475357056,-0.03505776822566986,0.8829066753387451,0.17691950500011444,-0.042421434074640274,0.7693656086921692,0.35348907113075256,-0.0267668217420578,0.7962733507156372,0.24503988027572632,-0.043714094907045364,0.8123428821563721,0.17049258947372437,-0.05939917266368866,0.8227270245552063,0.10612156987190247,-0.06868905574083328,0.7349446415901184,0.366226464509964,-0.03722909092903137,0.7653173804283142,0.26827508211135864,-0.06763839721679688,0.7890986204147339,0.19337645173072815,-0.09162479639053345,0.8063927888870239,0.12661653757095337,-0.10541146993637085,0.7023204565048218,0.404880553483963,-0.047554679214954376,0.7592946887016296,0.34670761227607727,-0.07190343737602234,0.7819321155548096,0.38985675573349,-0.07234250754117966,0.7921832203865051,0.44518136978149414,-0.07069076597690582
pinza_izquierda,0.7123328447341919,0.5982998013496399,6.259331826186099e-07,0.7715476155281067,0.5759100914001465,-0.021136809140443802,0.828627347946167,0.521101176738739,-0.03278704360127449,0.841643214225769,0.4657905101776123,-0.0426117368042469,0.8020413517951965,0.4446219503879547,-0.05435958132147789,0.7956978678703308,0.36263468861579895,-0.02465367689728737,0.8291874527931213,0.2766394317150116,-0.03644896298646927,0.8502085208892822,0.2239137887954712,-0.046624813228845596,0.8669812083244324,0.17392666637897491,-0.05511195585131645,0.759636640548706,0.3510267734527588,-0.033062901347875595,0.7818419337272644,0.24040833115577698,-0.049069661647081375,0.7961831092834473,0.16882826387882233,-0.06465063244104385,0.8068671822547913,0.10675543546676636,-0.07544504106044769,0.7244920134544373,0.3673625886440277,-0.042543694376945496,0.7489814758300781,0.271330863237381,-0.07076074928045273,0.7716931104660034,0.19987517595291138,-0.09326561540365219,0.7891969680786133,0.13616815209388733,-0.10748869925737381,0.6905745267868042,0.4085983335971832,-0.052337486296892166,0.7409178018569946,0.34910571575164795,-0.07719150185585022,0.7659267783164978,0.3868669271469116,-0.07874766737222672,0.7783178091049194,0.43671703338623047,-0.07831035554409027
pinza_izquierda,0.7035131454467773,0.6015657186508179,6.063159503355564e-07,0.7664079666137695,0.5809695720672607,-0.019675742834806442,0.8262754082679749,0.5235324501991272,-0.029005657881498337,0.8398050665855408,0.467784583568573,-0.036513231694698334,0.795906126499176,0.4507533609867096,-0.046175118535757065,0.7925364375114441,0.3670114278793335,-0.020135223865509033,0.8294965028762817,0.2824425995349884,-0.029670577496290207,0.8492075204849243,0.22893421351909637,-0.037839390337467194,0.8642974495887756,0.1785513311624527,-0.04502464830875397,0.7555637955665588,0.3540921211242676,-0.02871343307197094,0.7823219895362854,0.24761167168617249,-0.04611494764685631,0.7983012795448303,0.17454148828983307,-0.06169271096587181,0.8099265694618225,0.11185944080352783,-0.07102350890636444,0.7202928066253662,0.3677615523338318,-0.03845897689461708,0.750973641872406,0.2712423503398895,-0.0701952651143074,0.7748807668685913,0.19870631396770477,-0.09490075707435608,0.7930334210395813,0.13359317183494568,-0.10910467803478241,0.6873301267623901,0.4069754183292389,-0.0479474775493145,0.7451552748680115,0.3520261347293854,-0.07399045675992966,0.767918586730957,0.39685559272766113,-0.0757758840918541,0.7789696455001831,0.4525185823440552,-0.07501042634248734
pinza_izquierda,0.6979004740715027,0.6109619140625,6.186591008372488e-07,0.7604289054870605,0.5902631878852844,-0.022891733795404434,0.821297287940979,0.5304250121116638,-0.03271884471178055,0.835313081741333,0.47164538502693176,-0.040113113820552826,0.7896393537521362,0.4577721357345581,-0.04958976432681084,0.7873425483703613,0.3730018436908722,-0.02160314843058586,0.8220468759536743,0.2860485315322876,-0.030873268842697144,0.8414614200592041,0.23119600117206573,-0.039602749049663544,0.8571097254753113,0.17908695340156555,-0.04766800254583359,0.7511212825775146,0.3598678708076477,-0.029236553236842155,0.7743704319000244,0.25067222118377686,-0.046026233583688736,0.7897050380706787,0.17570503056049347,-0.06248023733496666,0.801908552646637,0.11086362600326538,-0.07297597080469131,0.715991199016571,0.3744089603424072,-0.0381963811814785,0.7441371083259583,0.27445197105407715,-0.06951296329498291,0.7674545049667358,0.20051519572734833,-0.09469051659107208,0.7863221168518066,0.13475003838539124,-0.10966711491346359,0.6829624176025391,0.4149366319179535,-0.04727066680788994,0.7369816303253174,0.3562350273132324,-0.07506781071424484,0.7584801912307739,0.400473028421402,-0.07795124500989914,0.7692540884017944,0.4556233286857605,-0.0778508186340332
pinza_izquierda,0.6913751363754272,0.6123942732810974,6.131016334620654e-07,0.7544159293174744,0.5906168818473816,-0.020720267668366432,0.813047468662262,0.534405529499054,-0.030641470104455948,0.8244920969009399,0.4778805673122406,-0.03847850486636162,0.7821283936500549,0.45906031131744385,-0.04867159202694893,0.7815038561820984,0.3761628568172455,-0.023112855851650238,0.8155105113983154,0.2868024706840515,-0.03323327749967575,0.8345286846160889,0.23058268427848816,-0.041951484978199005,0.8496110439300537,0.17742808163166046,-0.0497487373650074,0.7449832558631897,0.3641507625579834,-0.03213939070701599,0.7679647207260132,0.2495414763689041,-0.049547288566827774,0.7827464938163757,0.17419299483299255,-0.06579219549894333,0.794935405254364,0.10937342047691345,-0.07586784660816193,0.7090003490447998,0.3801565170288086,-0.04205513373017311,0.7363840341567993,0.27599036693573,-0.07350962609052658,0.7601293325424194,0.20075291395187378,-0.09789007902145386,0.7790809273719788,0.13359099626541138,-0.11200380325317383,0.6747481822967529,0.4231361746788025,-0.05181335285305977,0.7256317734718323,0.36077797412872314,-0.07921330630779266,0.7478037476539612,0.40399640798568726,-0.08081068098545074,0.7588068246841431,0.4593792259693146,-0.07944969087839127
pinza_izquierda,0.687494158744812,0.6078312397003174,5.985356779092399e-07,0.7502144575119019,0.5914372205734253,-0.024274129420518875,0.8106353878974915,0.5330289006233215,-0.03471870347857475,0.8237327933311462,0.4732908010482788,-0.04234359413385391,0.7785086035728455,0.45743897557258606,-0.05233834683895111,0.7797793745994568,0.37396562099456787,-0.024738719686865807,0.8134750723838806,0.28480181097984314,-0.03498983755707741,0.8324485421180725,0.2289002537727356,-0.04406970739364624,0.8475238084793091,0.17584964632987976,-0.05209341272711754,0.7435286641120911,0.3608659505844116,-0.031440675258636475,0.7666186690330505,0.2489350140094757,-0.04785234481096268,0.7815499901771545,0.17399962246418,-0.06363311409950256,0.793402373790741,0.10682952404022217,-0.07374577224254608,0.7079190611839294,0.37467432022094727,-0.03949941322207451,0.7361500263214111,0.27359020709991455,-0.07065098732709885,0.7588290572166443,0.19990725815296173,-0.09563588351011276,0.7764551043510437,0.13220703601837158,-0.1104709655046463,0.6739466190338135,0.4132215678691864,-0.0477648600935936,0.7254990935325623,0.3553635776042938,-0.0751301646232605,0.7429779171943665,0.4010698199272156,-0.07766859978437424,0.7501171231269836,0.4560258090496063,-0.07741042971611023
pinza_izquierda,0.6885871291160583,0.6216188073158264,5.968122422927991e-07,0.7524221539497375,0.600814938545227,-0.021798597648739815,0.8142096400260925,0.5430964231491089,-0.03146403282880783,0.825568437576294,0.483864963054657,-0.03861194849014282,0.7766035795211792,0.47088828682899475,-0.048424385488033295,0.7833149433135986,0.3842475712299347,-0.024059711024165154,0.8188425302505493,0.2963732182979584,-0.03400322422385216,0.8383991122245789,0.23887449502944946,-0.04239817336201668,0.8533229827880859,0.18449120223522186,-0.0500192865729332,0.7473562359809875,0.37051162123680115,-0.032447997480630875,0.7731773853302002,0.2585318684577942,-0.04992562532424927,0.788295567035675,0.18148264288902283,-0.06635230034589767,0.799547553062439,0.1140504777431488,-0.07647654414176941,0.7117047309875488,0.3858287036418915,-0.041611917316913605,0.7390506267547607,0.28211018443107605,-0.07476326823234558,0.7626208066940308,0.2056390941143036,-0.10072586685419083,0.781609058380127,0.13733452558517456,-0.11561619490385056,0.6767627596855164,0.42904072999954224,-0.05039967969059944,0.7285479307174683,0.3651970624923706,-0.07850658893585205,0.7502313852310181,0.4111792743206024,-0.08027149736881256,0.7614597082138062,0.4696715772151947,-0.07926153391599655
pinza_izquierda,0.690416693687439,0.6149812340736389,5.989031137687562e-07,0.7541784048080444,0.5948212146759033,-0.02175254002213478,0.8149031400680542,0.5395193099975586,-0.03250373899936676,0.8292004466056824,0.4833782911300659,-0.040901608765125275,0.7841607332229614,0.46852535009384155,-0.05175404995679855,0.7845295071601868,0.3825244605541229,-0.02626362256705761,0.8197514414787292,0.2943950593471527,-0.036944545805454254,0.8391861319541931,0.23890337347984314,-0.045592378824949265,0.8546849489212036,0.1861276924610138,-0.053246598690748215,0.7475736737251282,0.36982035636901855,-0.0346539281308651,0.7720491886138916,0.2573491334915161,-0.05285070091485977,0.7875993251800537,0.18247167766094208,-0.0684281438589096,0.7994834780693054,0.1160513162612915,-0.07811407744884491,0.7116053700447083,0.3844260275363922,-0.04393044859170914,0.7401145696640015,0.2843097448348999,-0.07634491473436356,0.7641654014587402,0.2100805789232254,-0.1003912165760994,0.7828604578971863,0.1419711709022522,-0.11420002579689026,0.6777783632278442,0.4251748025417328,-0.053094666451215744,0.7326174974441528,0.3631450831890106,-0.07947979122400284,0.7521255612373352,0.40812429785728455,-0.08003982156515121,0.759958803653717,0.4649185538291931,-0.07850967347621918
pinza_izquierda,0.6470840573310852,0.8336215615272522,6.128641416580649e-07,0.7083352208137512,0.8256529569625854,-0.012963803485035896,0.764020562171936,0.7999249696731567,-0.024598410353064537,0.7934025526046753,0.771686851978302,-0.03635680302977562,0.7653588056564331,0.7555556893348694,-0.049328871071338654,0.7543706297874451,0.6556409597396851,-0.022029070183634758,0.8005162477493286,0.5936152935028076,-0.03617919608950615,0.829248309135437,0.5528640747070312,-0.04585527628660202,0.8504530787467957,0.5135287046432495,-0.0531550757586956,0.7232160568237305,0.6406610012054443,-0.0345575176179409,0.7683634757995605,0.5560035109519958,-0.058244045823812485,0.7953482866287231,0.49787551164627075,-0.07322399318218231,0.8129958510398865,0.4441293776035309,-0.08058327436447144,0.6915947794914246,0.6469944715499878,-0.04740923270583153,0.7403841018676758,0.5844427943229675,-0.07841850817203522,0.7730448246002197,0.5348105430603027,-0.09425250440835953,0.7986734509468079,0.4833909273147583,-0.10106605291366577,0.6615999341011047,0.6791653633117676,-0.06016000732779503,0.7261242270469666,0.6483819484710693,-0.08013630658388138,0.7409394979476929,0.6900920271873474,-0.07570310682058334,0.7424585223197937,0.7375242114067078,-0.07031627744436264
pinza_izquierda,0.6539297103881836,0.8272167444229126,5.952085189164791e-07,0.7133430242538452,0.8229739665985107,-0.014511765912175179,0.766468346118927,0.8008707165718079,-0.027805425226688385,0.7966212630271912,0.7769693732261658,-0.041305530816316605,0.772311806678772,0.7589260339736938,-0.055916670709848404,0.7618971467018127,0.6577458381652832,-0.025438103824853897,0.8087162971496582,0.5999152064323425,-0.04138890281319618,0.8383560180664062,0.56122887134552,-0.05280522257089615,0.860506534576416,0.5236203670501709,-0.061537958681583405,0.7330395579338074,0.643308162689209,-0.037764132022857666,0.7796744108200073,0.5633888840675354,-0.062176916748285294,0.8074321150779724,0.5086871385574341,-0.07815693318843842,0.825625479221344,0.4574967622756958,-0.08698828518390656,0.7024641633033752,0.6494673490524292,-0.05043337866663933,0.7531856894493103,0.5928969979286194,-0.07971914857625961,0.7867389917373657,0.5495445728302002,-0.09380870312452316,0.8126814365386963,0.5036751627922058,-0.10038981586694717,0.6718513369560242,0.6813045740127563,-0.06351754069328308,0.7329815626144409,0.6535260081291199,-0.08261710405349731,0.7482243776321411,0.6918902397155762,-0.0782097727060318,0.7506692409515381,0.7362181544303894,-0.07326161861419678
pinza_izquierda,0.6565308570861816,0.8249441385269165,6.055428798390494e-07,0.7129437923431396,0.8248120546340942,-0.015603143721818924,0.7671148777008057,0.8068128228187561,-0.029467176645994186,0.7949162125587463,0.7843453884124756,-0.04317447543144226,0.7701399922370911,0.7634414434432983,-0.05874425917863846,0.7684856653213501,0.6618839502334595,-0.026211973279714584,0.8153855204582214,0.6021759510040283,-0.04151187092065811,0.8446007966995239,0.5643075704574585,-0.05292035639286041,0.8668171167373657,0.5268452167510986,-0.061608050018548965,0.7385860085487366,0.6462199091911316,-0.03787169232964516,0.783179759979248,0.5639930963516235,-0.06040588766336441,0.8094339370727539,0.5080115795135498,-0.07737961411476135,0.8274464011192322,0.45607608556747437,-0.08737712353467941,0.7063716053962708,0.6514424085617065,-0.049925900995731354,0.7538966536521912,0.5902140140533447,-0.08007840812206268,0.7867646217346191,0.5419561266899109,-0.09839914739131927,0.8130347728729248,0.49285292625427246,-0.10826118290424347,0.6735919713973999,0.6809017062187195,-0.06198007985949516,0.7333244681358337,0.6549926400184631,-0.08346281200647354,0.7475651502609253,0.6965764164924622,-0.08169877529144287,0.7491719126701355,0.7425565719604492,-0.07872879505157471
pinza_izquierda,0.6546121835708618,0.7889205813407898,5.758346901529876e-07,0.702513575553894,0.7920618057250977,-0.01815253682434559,0.7550516128540039,0.7744247317314148,-0.0314599983394146,0.7714928388595581,0.7469379901885986,-0.043202485889196396,0.7434583306312561,0.7252646684646606,-0.05772491544485092,0.7622305750846863,0.6275402903556824,-0.02801586501300335,0.8046859502792358,0.5670170783996582,-0.0397963784635067,0.829766035079956,0.5305985808372498,-0.049540042877197266,0.8504694104194641,0.4912596344947815,-0.05771074444055557,0.7310947179794312,0.611717939376831,-0.036656271666288376,0.7658147811889648,0.5277116298675537,-0.05262026563286781,0.7844645380973816,0.4709797501564026,-0.06926020234823227,0.7992963790893555,0.4177125096321106,-0.08099678158760071,0.6969922184944153,0.6186253428459167,-0.045482929795980453,0.7310152649879456,0.5508239269256592,-0.0738377571105957,0.7562994360923767,0.4938077926635742,-0.09702892601490021,0.7785354852676392,0.4387931525707245,-0.11178366839885712,0.6611856818199158,0.6453208327293396,-0.05387488007545471,0.7115413546562195,0.6198680400848389,-0.0769263505935669,0.7239465713500977,0.664753794670105,-0.07888707518577576,0.726537823677063,0.7131226062774658,-0.0794970765709877
pinza_izquierda,0.6540928483009338,0.7901578545570374,5.529515760827053e-07,0.7007757425308228,0.7959223389625549,-0.019953826442360878,0.7543419003486633,0.7814393639564514,-0.03475743532180786,0.7684385180473328,0.7558867931365967,-0.047900207340717316,0.7418549656867981,0.7305583953857422,-0.06373639404773712,0.7639322876930237,0.6368348002433777,-0.030955707654356956,0.8076615929603577,0.5791351199150085,-0.043460313230752945,0.8338490128517151,0.543441891670227,-0.05361232906579971,0.8546135425567627,0.5041704177856445,-0.06200765445828438,0.7322942018508911,0.6194155216217041,-0.03857520967721939,0.7662206292152405,0.5393052101135254,-0.05478759855031967,0.7842729687690735,0.4835381805896759,-0.07146760076284409,0.7987728118896484,0.42851558327674866,-0.08363299071788788,0.6982268691062927,0.6240630149841309,-0.046496305614709854,0.7346384525299072,0.5646622180938721,-0.07368430495262146,0.7605965733528137,0.5120170712471008,-0.0967249795794487,0.7821459174156189,0.46034717559814453,-0.11227551102638245,0.6630730032920837,0.6470252275466919,-0.05440681427717209,0.7145900130271912,0.632847785949707,-0.076743945479393,0.7259174585342407,0.6774933338165283,-0.0798887312412262,0.7273135185241699,0.7237555384635925,-0.081866055727005
pinza_izquierda,0.6614928245544434,0.7946674227714539,5.631802650896134e-07,0.7083660960197449,0.8008049726486206,-0.017701424658298492,0.7615336775779724,0.7862430810928345,-0.03083915077149868,0.7741501331329346,0.759937047958374,-0.04252025857567787,0.746252715587616,0.7364317774772644,-0.057027604430913925,0.7697978615760803,0.6396636366844177,-0.027765531092882156,0.811536431312561,0.5835549831390381,-0.03931093215942383,0.8374263048171997,0.5496408939361572,-0.0492515005171299,0.8580366969108582,0.5112771987915039,-0.05772439390420914,0.7383981347084045,0.6217578053474426,-0.03632991760969162,0.7714160084724426,0.5424171686172485,-0.05035262927412987,0.7886077761650085,0.48778000473976135,-0.06719032675027847,0.8022392988204956,0.43441206216812134,-0.07992354780435562,0.7038742303848267,0.6267380714416504,-0.04505477473139763,0.7378822565078735,0.5676143765449524,-0.07161115109920502,0.7645167112350464,0.513602614402771,-0.09659695625305176,0.7864925861358643,0.46085864305496216,-0.11376426368951797,0.6674607992172241,0.6500377655029297,-0.05338933318853378,0.7176499962806702,0.6365906000137329,-0.07618936151266098,0.7313600182533264,0.6821983456611633,-0.0806795209646225,0.734307587146759,0.7290782332420349,-0.0837467834353447
pinza_izquierda,0.6622052788734436,0.7904068231582642,5.87065414947574e-07,0.7081006169319153,0.7964057326316833,-0.01847696676850319,0.7606655955314636,0.7840628027915955,-0.03303464502096176,0.7751395106315613,0.7610524892807007,-0.04599723219871521,0.7496414184570312,0.737376868724823,-0.06163155660033226,0.7713979482650757,0.6398053169250488,-0.030822699889540672,0.8149877786636353,0.5836500525474548,-0.04405054450035095,0.841459333896637,0.5497257709503174,-0.05461239442229271,0.8623228669166565,0.5119878053665161,-0.06292309612035751,0.7406824231147766,0.6220667958259583,-0.038952942937612534,0.7761064171791077,0.5407423377037048,-0.05484172701835632,0.7941411137580872,0.48578187823295593,-0.07125414162874222,0.8079953193664551,0.4332753121852875,-0.08289924263954163,0.7066016793251038,0.626630961894989,-0.04719088226556778,0.741121232509613,0.569078266620636,-0.07473641633987427,0.7680147886276245,0.5183539390563965,-0.09789999574422836,0.7902789115905762,0.46934300661087036,-0.11289168149232864,0.6707883477210999,0.6497483253479004,-0.055104441940784454,0.7211776375770569,0.6353410482406616,-0.07740739732980728,0.7342045903205872,0.6804880499839783,-0.08000385761260986,0.7364549040794373,0.7278497815132141,-0.08116979897022247
pinza_izquierda,0.6484985947608948,0.7851459980010986,5.509078846444027e-07,0.6927171945571899,0.7945292592048645,-0.021199340000748634,0.7441480159759521,0.7848776578903198,-0.0366140678524971,0.7613925933837891,0.7654855251312256,-0.05034836754202843,0.7383601665496826,0.7407875657081604,-0.06648415327072144,0.7616931796073914,0.6456828713417053,-0.030131982639431953,0.8030933141708374,0.5895614624023438,-0.044029634445905685,0.8290413618087769,0.5555857419967651,-0.05574126914143562,0.8500082492828369,0.518714427947998,-0.06495670229196548,0.7306137681007385,0.6255441904067993,-0.037280142307281494,0.7646155953407288,0.5465441942214966,-0.052580464631319046,0.7828019261360168,0.492684930562973,-0.06973175704479218,0.7964521646499634,0.44155120849609375,-0.08251697570085526,0.6964126229286194,0.6273263096809387,-0.04516385495662689,0.7294907569885254,0.5725231766700745,-0.07059545069932938,0.7557612657546997,0.5255975723266602,-0.09371020644903183,0.7770400047302246,0.4806405305862427,-0.1095907911658287,0.6613861918449402,0.6464963555335999,-0.053452085703611374,0.7091255187988281,0.640099048614502,-0.07626849412918091,0.7193180918693542,0.6832126975059509,-0.08125729113817215,0.7197859883308411,0.7245206832885742,-0.08429672569036484
pinza_izquierda,0.6337553262710571,0.7949786186218262,5.062881882622605e-07,0.6769447326660156,0.8032390475273132,-0.02087445557117462,0.7250864505767822,0.7928445339202881,-0.035296715795993805,0.7377500534057617,0.7718997001647949,-0.048254966735839844,0.7187404632568359,0.7449886202812195,-0.06398379057645798,0.7446860671043396,0.6500545144081116,-0.027963902801275253,0.783466637134552,0.5943275690078735,-0.04140757769346237,0.8083657026290894,0.5614435076713562,-0.0534023717045784,0.8276538848876953,0.5262465476989746,-0.06295169144868851,0.71426922082901,0.6300686597824097,-0.035719238221645355,0.7465402483940125,0.5515220165252686,-0.04887878894805908,0.7629536390304565,0.4992738664150238,-0.06698653846979141,0.7757635116577148,0.4486229121685028,-0.08111415803432465,0.6799061894416809,0.6323917508125305,-0.04438024014234543,0.7117220759391785,0.5780041813850403,-0.06913619488477707,0.7376703023910522,0.5311824083328247,-0.0953679084777832,0.7587462067604065,0.4860481023788452,-0.11423012614250183,0.6428195834159851,0.651519775390625,-0.053357597440481186,0.6857870221138,0.6494520306587219,-0.0789719745516777,0.6987109780311584,0.6929338574409485,-0.08800440281629562,0.7027985453605652,0.7349514365196228,-0.09391056001186371
pinza_izquierda,0.1406809389591217,0.5282155871391296,3.747702805867448e-07,0.1760607659816742,0.5076757669448853,-0.029684262350201607,0.19238042831420898,0.4542365074157715,-0.0399959571659565,0.15641658008098602,0.4100300669670105,-0.04553673043847084,0.12033200263977051,0.38258233666419983,-0.05155258998274803,0.19299718737602234,0.3545643091201782,-0.021258611232042313,0.19912974536418915,0.281949520111084,-0.030329028144478798,0.20071403682231903,0.23541772365570068,-0.03867756947875023,0.20129910111427307,0.19167780876159668,-0.04580586776137352,0.16072435677051544,0.34129729866981506,-0.018481416627764702,0.1597297489643097,0.25530630350112915,-0.029546672478318214,0.156728133559227,0.20222869515419006,-0.04058772325515747,0.15584973990917206,0.15304690599441528,-0.046977441757917404,0.13202130794525146,0.3460674285888672,-0.018310928717255592,0.12601345777511597,0.2667873799800873,-0.039015065878629684,0.12341661006212234,0.2158823311328888,-0.05482678487896919,0.12264170497655869,0.16653183102607727,-0.06383450329303741,0.1047404408454895,0.3670670986175537,-0.01980411633849144,0.1068509966135025,0.32227376103401184,-0.041696514934301376,0.11121753603219986,0.3570168614387512,-0.04398144409060478,0.11625725030899048,0.3940540552139282,-0.04261017590761185
pinza_izquierda,0.14169448614120483,0.5220780968666077,3.8779364786023507e-07,0.1760978102684021,0.49950119853019714,-0.030793558806180954,0.189351424574852,0.44702789187431335,-0.04228898882865906,0.1536790281534195,0.40542328357696533,-0.04892086982727051,0.11880475282669067,0.3778536319732666,-0.056115083396434784,0.1941986083984375,0.3485504388809204,-0.023785971105098724,0.1992502063512802,0.2773436903953552,-0.03385032340884209,0.20060044527053833,0.23133547604084015,-0.042950067669153214,0.20125968754291534,0.18738409876823425,-0.050582122057676315,0.16262660920619965,0.3362352252006531,-0.02042449079453945,0.16091597080230713,0.2521589398384094,-0.032947100698947906,0.1571013331413269,0.19881530106067657,-0.0446123331785202,0.1556020975112915,0.14913924038410187,-0.05136881023645401,0.13402600586414337,0.3413400948047638,-0.01962141878902912,0.1271343231201172,0.26291775703430176,-0.040799304842948914,0.12281312793493271,0.21312659978866577,-0.05597840994596481,0.12171218544244766,0.16459736227989197,-0.06448691338300705,0.10702694952487946,0.3620358109474182,-0.020641066133975983,0.10719352960586548,0.31799453496932983,-0.04235709831118584,0.1095132976770401,0.3528311848640442,-0.044238075613975525,0.11414651572704315,0.3900136947631836,-0.04264841228723526
pinza_izquierda,0.14731179177761078,0.5104075074195862,3.623897839588608e-07,0.18164391815662384,0.48939383029937744,-0.028247378766536713,0.19764721393585205,0.43755385279655457,-0.03872603178024292,0.16355891525745392,0.395394504070282,-0.04496912658214569,0.12917764484882355,0.3673434257507324,-0.05192018300294876,0.199995219707489,0.34229710698127747,-0.021306585520505905,0.2078455686569214,0.271843284368515,-0.03100511059165001,0.20996779203414917,0.22678212821483612,-0.040116749703884125,0.21072763204574585,0.18429076671600342,-0.047787878662347794,0.16871678829193115,0.32953038811683655,-0.019130956381559372,0.16924753785133362,0.24745073914527893,-0.029920199885964394,0.16659021377563477,0.19539247453212738,-0.041616566479206085,0.16558024287223816,0.14689332246780396,-0.04897096008062363,0.14079701900482178,0.33414679765701294,-0.019389400258660316,0.1356687694787979,0.25719526410102844,-0.038500528782606125,0.13276264071464539,0.2075756937265396,-0.05408811196684837,0.1316666454076767,0.15964797139167786,-0.06364221125841141,0.1144641637802124,0.3535826504230499,-0.02131728269159794,0.11608710139989853,0.31124523282051086,-0.04215286299586296,0.1200668066740036,0.34187206625938416,-0.045092057436704636,0.1248110681772232,0.37455636262893677,-0.04457010701298714
pinza_izquierda,0.16534575819969177,0.5090784430503845,3.1304054459724284e-07,0.20067471265792847,0.4858892858028412,-0.022361619397997856,0.21673479676246643,0.43459251523017883,-0.029878688976168633,0.1837860345840454,0.3954632878303528,-0.03451274335384369,0.15230488777160645,0.3727814555168152,-0.0401180237531662,0.21806611120700836,0.3440292179584503,-0.014293699525296688,0.22489869594573975,0.2768101096153259,-0.021306408569216728,0.22678032517433167,0.2338750809431076,-0.028545765206217766,0.22791889309883118,0.1934601068496704,-0.03515882417559624,0.1880999207496643,0.3332180380821228,-0.014495022594928741,0.188254252076149,0.252781480550766,-0.02205377072095871,0.18592241406440735,0.20252156257629395,-0.03180401772260666,0.1850586086511612,0.1548125147819519,-0.038495611399412155,0.16065263748168945,0.33975446224212646,-0.016856493428349495,0.1558530181646347,0.26221132278442383,-0.03365771472454071,0.15404190123081207,0.21478314697742462,-0.04830292984843254,0.15353745222091675,0.1685560643672943,-0.05772002413868904,0.13417799770832062,0.3598852753639221,-0.020460741594433784,0.13616061210632324,0.3160402178764343,-0.03909805789589882,0.14164045453071594,0.34604164958000183,-0.041129954159259796,0.14661984145641327,0.37928345799446106,-0.040633853524923325
pinza_izquierda,0.16628524661064148,0.5020425319671631,3.522923464061023e-07,0.2000548094511032,0.4805644452571869,-0.02845466509461403,0.21583296358585358,0.4291625916957855,-0.03872087970376015,0.18366575241088867,0.3882027268409729,-0.04474754258990288,0.15147194266319275,0.3617022931575775,-0.0512377955019474,0.2196284830570221,0.34142249822616577,-0.020369350910186768,0.2267037332057953,0.27516570687294006,-0.03020889312028885,0.2288915514945984,0.23174552619457245,-0.039435338228940964,0.23015789687633514,0.19093289971351624,-0.04722755402326584,0.19005829095840454,0.3296393156051636,-0.017746828496456146,0.19048573076725006,0.25179174542427063,-0.02868724800646305,0.1886419653892517,0.20227915048599243,-0.0401080958545208,0.1886926144361496,0.15573854744434357,-0.047451965510845184,0.1630968302488327,0.33356213569641113,-0.017809364944696426,0.15935118496418,0.2601027488708496,-0.036956049501895905,0.1580336093902588,0.21257717907428741,-0.05225634574890137,0.1584334522485733,0.16666878759860992,-0.061658941209316254,0.13749250769615173,0.3506651520729065,-0.01962869241833687,0.13990256190299988,0.31126868724823,-0.040350329130887985,0.1438748985528946,0.3394332528114319,-0.043897420167922974,0.1479676067829132,0.3686922788619995,-0.044053029268980026
pinza_izquierda,0.16801555454730988,0.5295841097831726,3.552192140432453e-07,0.19924938678741455,0.507576048374176,-0.030413588508963585,0.20917844772338867,0.4580666124820709,-0.041353870183229446,0.17228323221206665,0.42176729440689087,-0.047496311366558075,0.13764627277851105,0.39897748827934265,-0.05401957407593727,0.21227771043777466,0.36651313304901123,-0.02321239560842514,0.21610526740550995,0.2989090085029602,-0.0337359718978405,0.21608996391296387,0.2556327283382416,-0.04306977242231369,0.2152033895254135,0.2146502286195755,-0.05079837888479233,0.18204918503761292,0.3562033176422119,-0.019767997786402702,0.17829647660255432,0.27676498889923096,-0.032383907586336136,0.17329905927181244,0.22616900503635406,-0.04438849166035652,0.1702655553817749,0.1793612688779831,-0.05154682323336601,0.15530788898468018,0.36251184344291687,-0.01900443807244301,0.14728623628616333,0.2889792323112488,-0.039633747190237045,0.1416846066713333,0.24204370379447937,-0.055193476378917694,0.13854172825813293,0.19657805562019348,-0.06408900022506714,0.13088445365428925,0.3837462067604065,-0.02008974924683571,0.12903812527656555,0.3441166579723358,-0.04145579785108566,0.13225525617599487,0.3739197254180908,-0.04477924481034279,0.13711757957935333,0.4056476652622223,-0.044402286410331726
pinza_izquierda,0.14405298233032227,0.8343648910522461,4.1774325154619874e-07,0.16986505687236786,0.8406038880348206,-0.03742387518286705,0.1811479926109314,0.8166163563728333,-0.05551169440150261,0.14127224683761597,0.7989940643310547,-0.06672024726867676,0.10385451465845108,0.7844235897064209,-0.07919857650995255,0.17653866112232208,0.716140866279602,-0.045003559440374374,0.17950542271137238,0.6579844355583191,-0.06137129291892052,0.1790306270122528,0.6228585839271545,-0.07312951982021332,0.1793420910835266,0.5868945717811584,-0.08155004680156708,0.14856871962547302,0.6992925405502319,-0.03886491432785988,0.14522169530391693,0.6304337978363037,-0.05370485410094261,0.14017917215824127,0.5870407223701477,-0.0656094178557396,0.13834016025066376,0.5444191098213196,-0.07261527329683304,0.1257101148366928,0.7044590711593628,-0.034711576998233795,0.11027424037456512,0.6445410251617432,-0.055978331714868546,0.10113765299320221,0.6080477833747864,-0.06947292387485504,0.0988585501909256,0.5701417922973633,-0.07717064768075943,0.10435235500335693,0.7271722555160522,-0.03258439153432846,0.09452937543392181,0.7074837684631348,-0.05505344271659851,0.09501851350069046,0.7399556040763855,-0.057662054896354675,0.10208437591791153,0.7700125575065613,-0.05648360773921013
pinza_izquierda,0.1384458690881729,0.830772340297699,4.3000028426831705e-07,0.1628425121307373,0.8319070339202881,-0.031457409262657166,0.17550654709339142,0.8044960498809814,-0.04617318883538246,0.1374261975288391,0.7842175364494324,-0.055155206471681595,0.10039354860782623,0.7717918753623962,-0.06561513990163803,0.17568783462047577,0.7044504284858704,-0.035952646285295486,0.18049342930316925,0.6440922021865845,-0.04891433194279671,0.1806592494249344,0.6091284155845642,-0.05874300375580788,0.1804468035697937,0.5743399858474731,-0.06579140573740005,0.1472121775150299,0.6876370906829834,-0.03171011060476303,0.14485406875610352,0.6162822246551514,-0.04334662854671478,0.1395685225725174,0.5708234906196594,-0.054324764758348465,0.1374511867761612,0.5289008021354675,-0.060503192245960236,0.12345676124095917,0.6921871900558472,-0.029123008251190186,0.10900411009788513,0.6305317878723145,-0.04819348827004433,0.10086219012737274,0.592415452003479,-0.06230244040489197,0.09910285472869873,0.5547580718994141,-0.07025270909070969,0.10136678814888,0.7143329381942749,-0.028045427054166794,0.09340733289718628,0.6934316754341125,-0.04832558333873749,0.09364345669746399,0.7274784445762634,-0.05008792504668236,0.09944736957550049,0.7610481977462769,-0.04822926968336105
pinza_izquierda,0.13266076147556305,0.8216155767440796,4.412486021010409e-07,0.15852169692516327,0.8188052177429199,-0.03243812918663025,0.16963981091976166,0.7855435609817505,-0.046701956540346146,0.12855198979377747,0.7655351161956787,-0.05514182150363922,0.09000252187252045,0.7524265646934509,-0.06500734388828278,0.1730930060148239,0.686080813407898,-0.03364107385277748,0.1769370436668396,0.6269326210021973,-0.04666964337229729,0.17630767822265625,0.5893902778625488,-0.05725247040390968,0.17539867758750916,0.5518506169319153,-0.06530340015888214,0.14409959316253662,0.6694175004959106,-0.030014518648386,0.1404154896736145,0.5955324172973633,-0.042027637362480164,0.13378722965717316,0.5500970482826233,-0.053837329149246216,0.13117745518684387,0.5076868534088135,-0.06074906140565872,0.11889635771512985,0.6736800074577332,-0.028483256697654724,0.10547010600566864,0.6085267066955566,-0.04934591054916382,0.0962931290268898,0.5696950554847717,-0.06435665488243103,0.09371708333492279,0.5295823812484741,-0.0726776123046875,0.09464434534311295,0.696116030216217,-0.02851736731827259,0.0855054259300232,0.6697797179222107,-0.05085191875696182,0.08492016792297363,0.7049959301948547,-0.05271918699145317,0.09047819674015045,0.7391265630722046,-0.050731536000967026
pinza_izquierda,0.12439057230949402,0.8130135536193848,4.088656737621932e-07,0.1506756842136383,0.8032276034355164,-0.03518892079591751,0.1614576280117035,0.7617098093032837,-0.049256131052970886,0.11996651440858841,0.7371208667755127,-0.05713113769888878,0.0794762521982193,0.7214469313621521,-0.06624671816825867,0.16943664848804474,0.6601897478103638,-0.0324733629822731,0.17223115265369415,0.5964426398277283,-0.04477553069591522,0.17104527354240417,0.5571581721305847,-0.05580856278538704,0.17053979635238647,0.5164194107055664,-0.0647699162364006,0.13921165466308594,0.6449490785598755,-0.027339981868863106,0.13477760553359985,0.5666033029556274,-0.03913264349102974,0.1281699687242508,0.5180919170379639,-0.051723238080739975,0.1258040815591812,0.4718129634857178,-0.059395842254161835,0.11312241852283478,0.6499690413475037,-0.024741284549236298,0.09918834269046783,0.5773531198501587,-0.045897211879491806,0.09122312813997269,0.53515625,-0.06216441094875336,0.08949354290962219,0.4915793240070343,-0.07143006473779678,0.08905062079429626,0.6728062033653259,-0.024083534255623817,0.08085571974515915,0.6399009823799133,-0.04758387804031372,0.0817047581076622,0.6765643954277039,-0.050526030361652374,0.0876767560839653,0.7129599452018738,-0.049268439412117004
pinza_izquierda,0.12275390326976776,0.7605598568916321,4.221838878493145e-07,0.15048527717590332,0.7553203105926514,-0.0369035042822361,0.16514956951141357,0.7192939519882202,-0.05370129644870758,0.12154462188482285,0.6938252449035645,-0.06360501796007156,0.07939302921295166,0.6743541359901428,-0.07480005919933319,0.16547752916812897,0.6122983694076538,-0.041899293661117554,0.17262957990169525,0.5455072522163391,-0.05464565381407738,0.17269232869148254,0.5047711133956909,-0.06365364789962769,0.17281131446361542,0.4636117219924927,-0.0709446519613266,0.13469932973384857,0.5990673899650574,-0.03623831272125244,0.13220278918743134,0.5182220935821533,-0.05111735314130783,0.127878800034523,0.46827757358551025,-0.06280165165662766,0.1270103007555008,0.4213038682937622,-0.0692097544670105,0.10875190794467926,0.6063230633735657,-0.03237910568714142,0.09479127079248428,0.5338976383209229,-0.056015390902757645,0.08802391588687897,0.4869670867919922,-0.07062224298715591,0.08854922652244568,0.43953263759613037,-0.07853997498750687,0.08453453332185745,0.631226122379303,-0.03029324859380722,0.07678739726543427,0.600914478302002,-0.05386577174067497,0.07662539184093475,0.6413657069206238,-0.05477672070264816,0.08277057111263275,0.6820982098579407,-0.05229075625538826
pinza_izquierda,0.12098365277051926,0.7308965921401978,4.2061077465405106e-07,0.15111073851585388,0.7194822430610657,-0.03316875174641609,0.1681748628616333,0.6767106056213379,-0.04691245034337044,0.12837758660316467,0.6445268392562866,-0.054843924939632416,0.08733135461807251,0.6239497065544128,-0.06414114683866501,0.16925311088562012,0.5678892731666565,-0.033326826989650726,0.17714476585388184,0.4977074861526489,-0.04495110735297203,0.1784456968307495,0.45394837856292725,-0.05483302101492882,0.17912104725837708,0.4107821583747864,-0.06275451928377151,0.13731534779071808,0.5563065409660339,-0.029676565900444984,0.13650117814540863,0.4714924693107605,-0.04178280010819435,0.13285548985004425,0.4184134602546692,-0.054133977741003036,0.1320418417453766,0.3702704906463623,-0.06156257912516594,0.11030495911836624,0.5643739700317383,-0.028026193380355835,0.10076533257961273,0.4875909090042114,-0.049390461295843124,0.09549890458583832,0.43803149461746216,-0.06549591571092606,0.0949428379535675,0.38957729935646057,-0.0748303234577179,0.08432267606258392,0.5903741717338562,-0.028122831135988235,0.08195807039737701,0.5511006712913513,-0.050617896020412445,0.08238209784030914,0.5881602168083191,-0.05210168659687042,0.08593953400850296,0.627281665802002,-0.0500963069498539
pinza_izquierda,0.12425002455711365,0.6667094826698303,4.000771411938331e-07,0.15848439931869507,0.6438908576965332,-0.031971000134944916,0.17417125403881073,0.588720977306366,-0.04332060366868973,0.1355270892381668,0.5475772023200989,-0.04947887733578682,0.09693025797605515,0.520150899887085,-0.05635939538478851,0.18226942420005798,0.48418471217155457,-0.023880725726485252,0.19168901443481445,0.4091370105743408,-0.033460840582847595,0.19385509192943573,0.36153584718704224,-0.042631469666957855,0.19483378529548645,0.3157590627670288,-0.0506625734269619,0.14856816828250885,0.47059643268585205,-0.020505733788013458,0.14936235547065735,0.38367727398872375,-0.03254515305161476,0.1464766263961792,0.3282129168510437,-0.04484444856643677,0.14594855904579163,0.2760375142097473,-0.05220721289515495,0.11837343871593475,0.47566983103752136,-0.019836347550153732,0.11401306092739105,0.39410218596458435,-0.041937727481126785,0.11177356541156769,0.3424423336982727,-0.05861135572195053,0.11250978708267212,0.29054057598114014,-0.06815438717603683,0.0902978926897049,0.497164785861969,-0.020954910665750504,0.09101267158985138,0.4542005658149719,-0.044851504266262054,0.09249743819236755,0.4924647808074951,-0.04750173166394234,0.09644907712936401,0.531349778175354,-0.046117208898067474
pinza_izquierda,0.10281174629926682,0.5873413681983948,4.206798109862575e-07,0.13972318172454834,0.5661606788635254,-0.03288207948207855,0.15760774910449982,0.509361207485199,-0.04525471478700638,0.1219804435968399,0.46044179797172546,-0.05264977365732193,0.0853532999753952,0.42687129974365234,-0.060638830065727234,0.17080026865005493,0.40304842591285706,-0.025475937873125076,0.18089412152767181,0.3245287239551544,-0.036804698407649994,0.18551591038703918,0.2744172215461731,-0.04719192162156105,0.1886330395936966,0.22737370431423187,-0.05565501004457474,0.1365959346294403,0.38716018199920654,-0.022139782086014748,0.14142611622810364,0.2952628433704376,-0.03488566726446152,0.14132572710514069,0.23708491027355194,-0.04767114669084549,0.14286477863788605,0.18380498886108398,-0.05532296374440193,0.10469286143779755,0.39014896750450134,-0.02160675637423992,0.10370194911956787,0.3039858341217041,-0.0435379296541214,0.10410739481449127,0.24973571300506592,-0.060849640518426895,0.1065392717719078,0.19813372194766998,-0.07093143463134766,0.07355090975761414,0.4090802073478699,-0.023055212572216988,0.077242910861969,0.36353299021720886,-0.04670659080147743,0.07962539047002792,0.3986991345882416,-0.0501561239361763,0.08322057873010635,0.4368800222873688,-0.049366120249032974
pinza_izquierda,0.0959785133600235,0.5297012329101562,4.00155187207929e-07,0.1356501281261444,0.5094641447067261,-0.03319272771477699,0.15759922564029694,0.4484865069389343,-0.044889867305755615,0.12345944344997406,0.3915727734565735,-0.051670320332050323,0.08769547939300537,0.3539772629737854,-0.05872391164302826,0.17325837910175323,0.34499067068099976,-0.021777663379907608,0.18592235445976257,0.2657664120197296,-0.03281501680612564,0.191279798746109,0.2156771421432495,-0.04355994239449501,0.19496884942054749,0.16895681619644165,-0.052609048783779144,0.1384335607290268,0.32736650109291077,-0.01850813999772072,0.14538085460662842,0.2361733317375183,-0.029864123091101646,0.14647459983825684,0.179254949092865,-0.04297107458114624,0.1491658091545105,0.12624618411064148,-0.051542773842811584,0.10548681020736694,0.3294317424297333,-0.018528515473008156,0.1073838621377945,0.24252131581306458,-0.039214637130498886,0.1096668392419815,0.1881563812494278,-0.05670887976884842,0.11349742859601974,0.13522574305534363,-0.06770898401737213,0.07285142689943314,0.3469480872154236,-0.020718589425086975,0.07915861159563065,0.2995457649230957,-0.044152505695819855,0.08137694746255875,0.33076295256614685,-0.04854116216301918,0.08342787623405457,0.3624729812145233,-0.0489075593650341
pinza_izquierda,0.1337393820285797,0.4965553283691406,3.8650455280730966e-07,0.17262840270996094,0.4738141894340515,-0.035102978348731995,0.18928538262844086,0.4114329218864441,-0.048611029982566833,0.15827210247516632,0.3537488579750061,-0.05709531903266907,0.12318646162748337,0.3137366771697998,-0.06577043980360031,0.20283831655979156,0.30900827050209045,-0.02612508460879326,0.21235927939414978,0.2263769954442978,-0.03905600309371948,0.21641439199447632,0.17434334754943848,-0.05148850381374359,0.2190476953983307,0.12716418504714966,-0.06165498122572899,0.1682668775320053,0.29337528347969055,-0.02219117432832718,0.17174413800239563,0.19875222444534302,-0.034874703735113144,0.1719224601984024,0.1414959579706192,-0.04960836470127106,0.17337441444396973,0.08980056643486023,-0.05982860177755356,0.13529211282730103,0.29728126525878906,-0.02149057388305664,0.13426442444324493,0.20570743083953857,-0.04305541142821312,0.13518595695495605,0.14955444633960724,-0.06230030581355095,0.13622033596038818,0.09916378557682037,-0.07466085255146027,0.10337626934051514,0.31615859270095825,-0.023004746064543724,0.1089378148317337,0.2633371353149414,-0.04659145325422287,0.11547545343637466,0.28785011172294617,-0.05260824039578438,0.11977657675743103,0.3186052739620209,-0.05451713502407074
pinza_izquierda,0.14972195029258728,0.5612999200820923,2.190169539062481e-07,0.1859024167060852,0.532864511013031,-0.031023820862174034,0.19983921945095062,0.4678952097892761,-0.041742172092199326,0.16140493750572205,0.4176482558250427,-0.0480353944003582,0.12265953421592712,0.3908449709415436,-0.05506505072116852,0.20255540311336517,0.3629390597343445,-0.02404407411813736,0.2039920687675476,0.2787417471408844,-0.035381171852350235,0.20203514397144318,0.22657613456249237,-0.04603290185332298,0.2006313055753708,0.18024277687072754,-0.05524769425392151,0.16783514618873596,0.3527038097381592,-0.022592952474951744,0.16057464480400085,0.25360870361328125,-0.033818960189819336,0.15326133370399475,0.19564774632453918,-0.04746443033218384,0.14918646216392517,0.14498552680015564,-0.056971870362758636,0.13690610229969025,0.36365753412246704,-0.023919222876429558,0.1256401538848877,0.2714992165565491,-0.045232757925987244,0.11982350051403046,0.21662990748882294,-0.06388480961322784,0.11632585525512695,0.16523794829845428,-0.07567866891622543,0.10819336026906967,0.3919614851474762,-0.02706429921090603,0.10551992058753967,0.33563315868377686,-0.050402428954839706,0.11149825155735016,0.36254432797431946,-0.054790087044239044,0.11730785667896271,0.3961382806301117,-0.05548499524593353
pinza_izquierda,0.13829417526721954,0.6001471281051636,2.687040989712841e-07,0.17088599503040314,0.5725357532501221,-0.0333106592297554,0.18361219763755798,0.5145975351333618,-0.04620493948459625,0.14693894982337952,0.46336084604263306,-0.054504163563251495,0.10818172246217728,0.43285319209098816,-0.06310229003429413,0.1888035237789154,0.40051984786987305,-0.02462100423872471,0.18987782299518585,0.31740158796310425,-0.038025565445423126,0.1878564953804016,0.26750481128692627,-0.0507354661822319,0.18545980751514435,0.22390952706336975,-0.06083487719297409,0.15418949723243713,0.3896174430847168,-0.021616904065012932,0.14817753434181213,0.2977134883403778,-0.03424248844385147,0.14201603829860687,0.24153141677379608,-0.04849471151828766,0.13837683200836182,0.19047008454799652,-0.058421846479177475,0.12367480248212814,0.39975589513778687,-0.02199387364089489,0.11298905313014984,0.31257927417755127,-0.04238055273890495,0.10798438638448715,0.25888749957084656,-0.06042878329753876,0.10493694990873337,0.2088167369365692,-0.07217874377965927,0.0942496657371521,0.4272591769695282,-0.024601390585303307,0.0895388200879097,0.376430481672287,-0.04618199169635773,0.09618565440177917,0.3942754864692688,-0.05135480314493179,0.10314793884754181,0.416995108127594,-0.05298943817615509
pinza_izquierda,0.13185209035873413,0.6372513175010681,2.685753486275644e-07,0.16534638404846191,0.6075642108917236,-0.03211328387260437,0.177695631980896,0.5491392612457275,-0.04361574724316597,0.13893254101276398,0.5061406493186951,-0.05053887516260147,0.10064569860696793,0.48012325167655945,-0.05816217511892319,0.1794442981481552,0.4400040805339813,-0.024367867037653923,0.18132932484149933,0.357732892036438,-0.03599395230412483,0.17897722125053406,0.3074364960193634,-0.047126490622758865,0.176667720079422,0.2623424530029297,-0.05643605813384056,0.14396074414253235,0.43029117584228516,-0.021892176941037178,0.13646680116653442,0.3392372131347656,-0.03401658311486244,0.1285628378391266,0.2825092673301697,-0.04810592159628868,0.1243334412574768,0.2307373285293579,-0.05774591863155365,0.11360988765954971,0.440412700176239,-0.022425765171647072,0.10185571014881134,0.3542090952396393,-0.04338058829307556,0.09522830694913864,0.3006976842880249,-0.062081366777420044,0.09157727658748627,0.2500775456428528,-0.07408855110406876,0.08630968630313873,0.46805107593536377,-0.02494434081017971,0.0813729390501976,0.419878751039505,-0.04810312017798424,0.08691559731960297,0.4452904164791107,-0.053105056285858154,0.09322693198919296,0.4752110242843628,-0.05418729782104492
pinza_izquierda,0.1416982263326645,0.6879400610923767,2.4321818159478426e-07,0.17278195917606354,0.6573529243469238,-0.03227117657661438,0.18292465806007385,0.59727543592453,-0.0442536324262619,0.13937075436115265,0.564102828502655,-0.0512719601392746,0.09700033813714981,0.5477323532104492,-0.059239745140075684,0.1783665120601654,0.4922053813934326,-0.02718791924417019,0.17871002852916718,0.4136488437652588,-0.03867620229721069,0.17541475594043732,0.366427481174469,-0.049906279891729355,0.17120924592018127,0.32176288962364197,-0.059669267386198044,0.14434251189231873,0.4855022728443146,-0.025415364652872086,0.134116068482399,0.3942212462425232,-0.03711884468793869,0.12402279675006866,0.33933883905410767,-0.05137157067656517,0.11640800535678864,0.28775888681411743,-0.061563640832901,0.11625806242227554,0.4988044798374176,-0.02637001872062683,0.10148157924413681,0.4181208610534668,-0.04737459868192673,0.09321027249097824,0.3653475344181061,-0.06604760885238647,0.08751977980136871,0.3126375079154968,-0.07841585576534271,0.09203381091356277,0.5285297632217407,-0.029297074303030968,0.08495371043682098,0.48165929317474365,-0.052153345197439194,0.09117333590984344,0.5106489062309265,-0.055955611169338226,0.09965041279792786,0.5429884791374207,-0.05670619383454323
pinza_izquierda,0.13995347917079926,0.7394112944602966,2.239995495756375e-07,0.1667206585407257,0.7157657146453857,-0.032905463129282,0.16903777420520782,0.6644576787948608,-0.04635798558592796,0.12245767563581467,0.6399834752082825,-0.054364483803510666,0.08000898361206055,0.6213026642799377,-0.06284862011671066,0.16199900209903717,0.557626485824585,-0.03478451445698738,0.1545695811510086,0.4802106022834778,-0.04734134301543236,0.14482329785823822,0.43480101227760315,-0.056467603892087936,0.13601261377334595,0.39256614446640015,-0.06403286010026932,0.12944570183753967,0.5525853633880615,-0.03254566714167595,0.11035528779029846,0.4610426723957062,-0.04683540388941765,0.09552115201950073,0.4088800847530365,-0.05828642100095749,0.08510296791791916,0.36140453815460205,-0.06543412804603577,0.10242906212806702,0.567138135433197,-0.032715000212192535,0.07875793427228928,0.48906409740448,-0.055991508066654205,0.06334232538938522,0.4409860372543335,-0.07238903641700745,0.052772097289562225,0.3925507366657257,-0.08193124830722809,0.08040162920951843,0.5995604395866394,-0.03465010225772858,0.06586752086877823,0.5596094131469727,-0.05761890485882759,0.069050632417202,0.589897871017456,-0.06035659834742546,0.0775008574128151,0.6238551139831543,-0.059838488698005676
pinza_izquierda,0.14330792427062988,0.7743756771087646,2.8779840022252756e-07,0.16442126035690308,0.7576009035110474,-0.036425862461328506,0.16655349731445312,0.7135170102119446,-0.05288056284189224,0.1219494640827179,0.696541965007782,-0.06324183940887451,0.08111562579870224,0.6832543611526489,-0.07477236539125443,0.1577601432800293,0.6010770797729492,-0.03910748288035393,0.15293994545936584,0.530561625957489,-0.05240967869758606,0.14541110396385193,0.48655545711517334,-0.06288030743598938,0.13813847303390503,0.44370806217193604,-0.07152590900659561,0.1247427836060524,0.5974335074424744,-0.035101018846035004,0.10612606257200241,0.5128212571144104,-0.0522344596683979,0.09152866899967194,0.4634118378162384,-0.06515751034021378,0.08029517531394958,0.41507771611213684,-0.07242098450660706,0.09946855157613754,0.6113779544830322,-0.033205535262823105,0.07564658671617508,0.5373095870018005,-0.05788915231823921,0.06114301085472107,0.49198079109191895,-0.07206103205680847,0.05279213935136795,0.4424205720424652,-0.07961945235729218,0.07947176694869995,0.6421823501586914,-0.03336222842335701,0.06499101221561432,0.6059030890464783,-0.056174200028181076,0.06929132342338562,0.6449803113937378,-0.05566401034593582,0.08113411068916321,0.6840242147445679,-0.05244268849492073
pinza_izquierda,0.15955308079719543,0.8270180225372314,4.198165868274373e-07,0.17955362796783447,0.8196107745170593,-0.042793095111846924,0.17546962201595306,0.7836229205131531,-0.06115510314702988,0.12922078371047974,0.7741369605064392,-0.07200710475444794,0.08930385857820511,0.7676591277122498,-0.08372858166694641,0.1640101671218872,0.6803033947944641,-0.046267878264188766,0.15839649736881256,0.6195061206817627,-0.06509357690811157,0.15070371329784393,0.5797888040542603,-0.07997751981019974,0.1436665952205658,0.5404667854309082,-0.09105953574180603,0.13196587562561035,0.6745293736457825,-0.039333827793598175,0.1108238622546196,0.6012133359909058,-0.05649276077747345,0.09362317621707916,0.555668294429779,-0.070963554084301,0.08174357563257217,0.5101926922798157,-0.07966304570436478,0.10869364440441132,0.6901943683624268,-0.035196248441934586,0.0794721394777298,0.626032292842865,-0.0598573237657547,0.06243281438946724,0.5885258913040161,-0.07621069252490997,0.0529966875910759,0.54860919713974,-0.08533602952957153,0.09183066338300705,0.7233121395111084,-0.03361285850405693,0.0733473002910614,0.7083170413970947,-0.06039593368768692,0.07790927588939667,0.7374621033668518,-0.06551423668861389,0.08957923948764801,0.7624768018722534,-0.06544086337089539
pinza_izquierda,0.33624276518821716,0.8622218370437622,3.708236704369483e-07,0.37111249566078186,0.8565711975097656,-0.022364415228366852,0.4017592668533325,0.8251993060112,-0.031507834792137146,0.3727026879787445,0.8003261089324951,-0.037508510053157806,0.33273956179618835,0.7905020117759705,-0.045519351959228516,0.39277002215385437,0.7136245965957642,-0.018400168046355247,0.4023514986038208,0.6554054617881775,-0.023838592693209648,0.4059530794620514,0.6194020509719849,-0.03027936816215515,0.40831485390663147,0.5815709829330444,-0.03648628294467926,0.3637377619743347,0.700427770614624,-0.018211184069514275,0.3648079037666321,0.6293409466743469,-0.023466018959879875,0.36074936389923096,0.5852561593055725,-0.03361035883426666,0.3581269085407257,0.5410617589950562,-0.041020337492227554,0.33913809061050415,0.7091203927993774,-0.019095338881015778,0.33370381593704224,0.6489079594612122,-0.0339626669883728,0.3279690742492676,0.6088025569915771,-0.04816881939768791,0.3251223564147949,0.5679759979248047,-0.05739951506257057,0.31454986333847046,0.7351472973823547,-0.020949875935912132,0.3163188695907593,0.7085181474685669,-0.036984510719776154,0.3178122043609619,0.7447593212127686,-0.0372033528983593,0.32222673296928406,0.7817221879959106,-0.03561311215162277
pinza_izquierda,0.33884528279304504,0.8375744223594666,3.760240758765576e-07,0.3752719461917877,0.8303504586219788,-0.023469146341085434,0.40588802099227905,0.7965170741081238,-0.03264183551073074,0.37704458832740784,0.7703553438186646,-0.03825199231505394,0.3378046452999115,0.7616162896156311,-0.04576047137379646,0.3965616524219513,0.6863090395927429,-0.01952148601412773,0.4085930287837982,0.6256978511810303,-0.025280136615037918,0.4139989912509918,0.5885290503501892,-0.03214468061923981,0.4183562994003296,0.5497763752937317,-0.03870029002428055,0.3673938810825348,0.6724368929862976,-0.019688690081238747,0.36928480863571167,0.6008524894714355,-0.024034352973103523,0.36669161915779114,0.5550852417945862,-0.034438084810972214,0.36559322476387024,0.5100330114364624,-0.04246298968791962,0.3423275947570801,0.6798173189163208,-0.02126220427453518,0.33775925636291504,0.6188634634017944,-0.036316387355327606,0.333996444940567,0.5751464366912842,-0.05290912836790085,0.3318805396556854,0.5314000844955444,-0.06441444158554077,0.3180495500564575,0.7056492567062378,-0.023959636688232422,0.32115110754966736,0.6786303520202637,-0.041667841374874115,0.3261808454990387,0.7152897119522095,-0.0439007394015789,0.3320222795009613,0.7538926005363464,-0.04387221112847328
pinza_izquierda,0.3370629549026489,0.8082401156425476,4.1638358538875764e-07,0.3748502731323242,0.8002690076828003,-0.02144104614853859,0.4066230356693268,0.7646056413650513,-0.029082240536808968,0.3759271204471588,0.7365831732749939,-0.03347669914364815,0.3348056375980377,0.7257895469665527,-0.03994191065430641,0.39470815658569336,0.6515492796897888,-0.01772516965866089,0.4091057777404785,0.5902585983276367,-0.02257864736020565,0.4168829917907715,0.551965594291687,-0.027993876487016678,0.42334625124931335,0.5125449895858765,-0.033548712730407715,0.36417248845100403,0.6379222869873047,-0.018598221242427826,0.3653642237186432,0.5625470876693726,-0.023980913683772087,0.36124563217163086,0.5150188207626343,-0.03428656980395317,0.3596753776073456,0.46821102499961853,-0.04166066274046898,0.3385608494281769,0.6478720903396606,-0.020578036084771156,0.3329695165157318,0.5856468081474304,-0.03695334121584892,0.3279605805873871,0.5389050841331482,-0.053502731025218964,0.3258679509162903,0.4917299747467041,-0.06433040648698807,0.3137766420841217,0.6764211654663086,-0.023358575999736786,0.31880927085876465,0.6502286791801453,-0.04093771427869797,0.3238113522529602,0.6883038282394409,-0.04257332533597946,0.3300960958003998,0.7274961471557617,-0.042031917721033096
pinza_izquierda,0.33191829919815063,0.7733970880508423,5.120784862810979e-07,0.37277767062187195,0.7640150189399719,-0.021782537922263145,0.4052107632160187,0.7218687534332275,-0.02861364372074604,0.37274837493896484,0.6893150210380554,-0.03195817396044731,0.33372795581817627,0.6753222942352295,-0.03740357235074043,0.394631952047348,0.612621545791626,-0.017625680193305016,0.4104415476322174,0.5462713837623596,-0.024535097181797028,0.4188655912876129,0.5058252811431885,-0.031512923538684845,0.42753398418426514,0.4660109281539917,-0.037443459033966064,0.36230888962745667,0.5986838936805725,-0.018912281841039658,0.36433061957359314,0.5151833891868591,-0.02540028654038906,0.3608810603618622,0.4629356265068054,-0.03671405464410782,0.3614489734172821,0.4149746000766754,-0.044191643595695496,0.33491119742393494,0.6077709197998047,-0.021608760580420494,0.3324930667877197,0.5366922616958618,-0.04069631174206734,0.32875576615333557,0.4895273447036743,-0.058233849704265594,0.32836246490478516,0.44270071387290955,-0.068597212433815,0.3090578019618988,0.6377120614051819,-0.02482696622610092,0.3165421783924103,0.596625804901123,-0.04469733685255051,0.32178032398223877,0.6326170563697815,-0.04555961862206459,0.3281291425228119,0.6717809438705444,-0.043556999415159225
pinza_izquierda,0.3209308087825775,0.7674566507339478,4.1306867615276133e-07,0.3677416145801544,0.7527514696121216,-0.022006673738360405,0.40473440289497375,0.7071734666824341,-0.026845941320061684,0.37258416414260864,0.6737948656082153,-0.02815660834312439,0.3306954801082611,0.6620212197303772,-0.031209930777549744,0.3892047107219696,0.5871335864067078,-0.011054083704948425,0.40537890791893005,0.5195048451423645,-0.014295347034931183,0.4140787124633789,0.4765942096710205,-0.019508713856339455,0.42127320170402527,0.43393367528915405,-0.025012509897351265,0.35583966970443726,0.5739619135856628,-0.012202995829284191,0.356563925743103,0.4893414378166199,-0.01618947461247444,0.35308313369750977,0.43718940019607544,-0.026203524321317673,0.3524251878261566,0.3882923424243927,-0.03319409862160683,0.32730230689048767,0.5849931836128235,-0.015324468724429607,0.3241628408432007,0.5108504891395569,-0.03381989151239395,0.32207420468330383,0.4597136378288269,-0.05250343680381775,0.3214764893054962,0.4079872965812683,-0.06382209062576294,0.30012473464012146,0.6170864701271057,-0.019179821014404297,0.3105526864528656,0.5727589130401611,-0.039251163601875305,0.3157021999359131,0.6133098602294922,-0.04079097509384155,0.3198838531970978,0.6571915149688721,-0.03943045064806938
pinza_izquierda,0.33720141649246216,0.7339073419570923,4.2621357465577603e-07,0.3816215693950653,0.7151291370391846,-0.021753739565610886,0.4161161780357361,0.665063738822937,-0.02803071215748787,0.38627371191978455,0.6286255121231079,-0.03137495368719101,0.34543102979660034,0.617561936378479,-0.036824166774749756,0.3996746242046356,0.5427183508872986,-0.014148548245429993,0.4161472022533417,0.47141313552856445,-0.01902545988559723,0.42551878094673157,0.42647355794906616,-0.02580633945763111,0.43279561400413513,0.38187623023986816,-0.03256722167134285,0.36500877141952515,0.5316075086593628,-0.016991011798381805,0.3647346496582031,0.442261666059494,-0.02106589823961258,0.36043208837509155,0.3875298798084259,-0.03213132917881012,0.35883185267448425,0.33510729670524597,-0.04087820649147034,0.33564069867134094,0.5448423027992249,-0.021539879962801933,0.331265926361084,0.46535545587539673,-0.03938309848308563,0.32861170172691345,0.41094303131103516,-0.05849520489573479,0.3266279995441437,0.3565590977668762,-0.07138361781835556,0.3073166310787201,0.5795000195503235,-0.026914166286587715,0.3173443377017975,0.528025209903717,-0.04740791767835617,0.3275845944881439,0.5670685172080994,-0.04923813417553902,0.33580589294433594,0.6101765036582947,-0.04868212342262268
pinza_izquierda,0.3259865641593933,0.6988984942436218,4.852917641073873e-07,0.36984869837760925,0.6783208847045898,-0.02080737240612507,0.40434232354164124,0.6262384653091431,-0.02696770615875721,0.37226036190986633,0.5862376689910889,-0.030202746391296387,0.33407190442085266,0.5685965418815613,-0.035824671387672424,0.38826805353164673,0.5055689811706543,-0.015825174748897552,0.40648895502090454,0.4284970760345459,-0.022361012175679207,0.4142495095729828,0.38224977254867554,-0.02911071479320526,0.4212786555290222,0.3377280831336975,-0.0352356843650341,0.3532366156578064,0.49454379081726074,-0.018850460648536682,0.3552338480949402,0.4012071490287781,-0.026931989938020706,0.34972822666168213,0.3442237377166748,-0.038627248257398605,0.34855663776397705,0.291252076625824,-0.04620303958654404,0.3244345784187317,0.5078443288803101,-0.023301510140299797,0.3219837546348572,0.4236178994178772,-0.04398281127214432,0.31738635897636414,0.37030643224716187,-0.060852836817502975,0.3167114555835724,0.3163636326789856,-0.07068746536970139,0.29692527651786804,0.544201672077179,-0.028255442157387733,0.30375048518180847,0.48734188079833984,-0.04869677126407623,0.3133121430873871,0.524402379989624,-0.04752285033464432,0.3253924250602722,0.5674451589584351,-0.043896328657865524
pinza_izquierda,0.3165331184864044,0.6638197302818298,4.3972016783300205e-07,0.36127015948295593,0.640156626701355,-0.022086193785071373,0.39086171984672546,0.5799755454063416,-0.026662031188607216,0.35681670904159546,0.5347715020179749,-0.02766183391213417,0.31790369749069214,0.5144484639167786,-0.029910117387771606,0.3749789297580719,0.4587618112564087,-0.014892048202455044,0.39589619636535645,0.3786356747150421,-0.020184433087706566,0.4071907103061676,0.328766405582428,-0.026010150089859962,0.4150022864341736,0.28123822808265686,-0.031508009880781174,0.33872172236442566,0.4473079741001129,-0.01672164723277092,0.34246307611465454,0.34921571612358093,-0.023442227393388748,0.3413153290748596,0.2886938154697418,-0.033654894679784775,0.34104496240615845,0.2331094890832901,-0.04047466069459915,0.3085213303565979,0.45987364649772644,-0.02033621072769165,0.30499979853630066,0.3723474144935608,-0.03971518948674202,0.30489039421081543,0.3125162720680237,-0.05709501728415489,0.30421018600463867,0.25485777854919434,-0.06753578037023544,0.28013017773628235,0.4945186972618103,-0.024800237268209457,0.29138097167015076,0.4343697726726532,-0.04363429173827171,0.3021286129951477,0.470700740814209,-0.042888883501291275,0.30942073464393616,0.5149633884429932,-0.040068261325359344
pinza_izquierda,0.30667904019355774,0.625920832157135,4.285023180727876e-07,0.3523885905742645,0.6034599542617798,-0.024481257423758507,0.3821641206741333,0.540352463722229,-0.03027845174074173,0.34728631377220154,0.49159276485443115,-0.03222440928220749,0.3086400330066681,0.46306174993515015,-0.035405341535806656,0.37084710597991943,0.417872816324234,-0.01685662567615509,0.39099183678627014,0.3348098397254944,-0.023430518805980682,0.4006817936897278,0.2833617627620697,-0.03008281998336315,0.4071281850337982,0.23491400480270386,-0.03612614795565605,0.33245953917503357,0.40543505549430847,-0.01800435595214367,0.33544954657554626,0.30506807565689087,-0.02594831772148609,0.333474338054657,0.24331583082675934,-0.037043094635009766,0.33269229531288147,0.1864573061466217,-0.044151466339826584,0.3004286289215088,0.41751930117607117,-0.021156132221221924,0.2978302538394928,0.32668745517730713,-0.04203907400369644,0.2977014482021332,0.2659602165222168,-0.05998477712273598,0.2972211241722107,0.2066565752029419,-0.0706898421049118,0.2708801031112671,0.45125842094421387,-0.025260575115680695,0.28355538845062256,0.39295947551727295,-0.046642329543828964,0.2933291494846344,0.43122598528862,-0.04683214798569679,0.299809992313385,0.4751577079296112,-0.04417717829346657
pinza_izquierda,0.32600149512290955,0.5748218297958374,3.9914812077768147e-07,0.3706669807434082,0.5494860410690308,-0.021670902147889137,0.4005160331726074,0.4844610095024109,-0.025748349726200104,0.369194895029068,0.43542441725730896,-0.02669144980609417,0.3328916132450104,0.41082483530044556,-0.028876187279820442,0.38633498549461365,0.36943817138671875,-0.01226305216550827,0.40723180770874023,0.2915472090244293,-0.01723380759358406,0.4184997081756592,0.24220652878284454,-0.02337220124900341,0.4255771040916443,0.195208340883255,-0.02961643598973751,0.35046321153640747,0.3562731444835663,-0.01416757982224226,0.35374346375465393,0.2619999051094055,-0.019107991829514503,0.3524850308895111,0.20432449877262115,-0.029024962335824966,0.35090166330337524,0.1497921496629715,-0.03655596077442169,0.3196117877960205,0.36750200390815735,-0.01809697598218918,0.318315714597702,0.28118133544921875,-0.03562791272997856,0.32108569145202637,0.22218821942806244,-0.053411297500133514,0.32176434993743896,0.16456566751003265,-0.06542756408452988,0.29026249051094055,0.3986870050430298,-0.02296966128051281,0.30087754130363464,0.3441624343395233,-0.043098267167806625,0.3148937523365021,0.3766309320926666,-0.04505453631281853,0.32443901896476746,0.4152134358882904,-0.044545624405145645
pinza_izquierda,0.34720051288604736,0.5154396891593933,3.804867958479008e-07,0.3894473612308502,0.49121522903442383,-0.02284463308751583,0.4175504148006439,0.4276183247566223,-0.028190847486257553,0.38667047023773193,0.3772561252117157,-0.029866520315408707,0.34989356994628906,0.3531780242919922,-0.032618530094623566,0.4032008647918701,0.3265461027622223,-0.015401553362607956,0.4210856258869171,0.2534984052181244,-0.021031271666288376,0.4298686981201172,0.207551509141922,-0.027160411700606346,0.4344401955604553,0.16346649825572968,-0.03324645012617111,0.37053990364074707,0.31540435552597046,-0.016318190842866898,0.37492185831069946,0.22648659348487854,-0.02149091847240925,0.37438344955444336,0.17257221043109894,-0.03076726570725441,0.3722721040248871,0.12167264521121979,-0.0379926823079586,0.3417030870914459,0.3259517252445221,-0.01925109513103962,0.3411307632923126,0.24458155035972595,-0.03683048486709595,0.3442308008670807,0.1896776705980301,-0.05391236022114754,0.34390518069267273,0.1365654617547989,-0.06556378304958344,0.3134312927722931,0.35399001836776733,-0.02312111295759678,0.32517796754837036,0.30145707726478577,-0.04377729445695877,0.3401569128036499,0.33243581652641296,-0.04631267488002777,0.34878402948379517,0.36945557594299316,-0.04632914811372757
pinza_izquierda,0.35185301303863525,0.515295147895813,3.6294539995651576e-07,0.39223340153694153,0.49508529901504517,-0.02298363484442234,0.41878440976142883,0.4355379343032837,-0.029477497562766075,0.3880420923233032,0.3869333565235138,-0.032409533858299255,0.3530997037887573,0.36447805166244507,-0.03667468577623367,0.4051178991794586,0.33697399497032166,-0.017428778111934662,0.4224367141723633,0.2656300663948059,-0.02396373078227043,0.43067052960395813,0.22124965488910675,-0.03074493445456028,0.43481752276420593,0.17915476858615875,-0.037006162106990814,0.3722896873950958,0.32699549198150635,-0.017718486487865448,0.3759204149246216,0.24017320573329926,-0.02421141415834427,0.3754071891307831,0.1886621117591858,-0.03406617045402527,0.37357401847839355,0.140724316239357,-0.041360318660736084,0.3438758850097656,0.33728858828544617,-0.019765663892030716,0.34410709142684937,0.25783345103263855,-0.03756839036941528,0.34746256470680237,0.204886332154274,-0.054230306297540665,0.347972571849823,0.15567371249198914,-0.06541278958320618,0.31640109419822693,0.3631404638290405,-0.022675007581710815,0.3293290138244629,0.31362175941467285,-0.04303749278187752,0.3440828025341034,0.34344732761383057,-0.04560340195894241,0.3528188169002533,0.3792898952960968,-0.045590147376060486
pinza_izquierda,0.5086700320243835,0.8893402218818665,4.3629469814732147e-07,0.5478174090385437,0.8882700204849243,-0.01769179292023182,0.5868372917175293,0.8641873598098755,-0.026310143992304802,0.5756412744522095,0.8471407890319824,-0.032762471586465836,0.5414013266563416,0.8484169840812683,-0.042084354907274246,0.5695341229438782,0.7459608912467957,-0.02120782993733883,0.5880542993545532,0.6916293501853943,-0.027846084907650948,0.5999209880828857,0.658335268497467,-0.03545108810067177,0.6086727976799011,0.6217851042747498,-0.04247192293405533,0.5401744246482849,0.7347311973571777,-0.02529795840382576,0.5454249978065491,0.6677935123443604,-0.02785933017730713,0.544721245765686,0.624588668346405,-0.04013768211007118,0.5438278317451477,0.5802335739135742,-0.05150914564728737,0.5120325088500977,0.7458150386810303,-0.029804831370711327,0.5163140296936035,0.6982122659683228,-0.04265357181429863,0.521478533744812,0.6557724475860596,-0.06361991167068481,0.5233995914459229,0.6118435263633728,-0.08013676851987839,0.4832451343536377,0.7731962203979492,-0.034810621291399,0.5022391676902771,0.7617000937461853,-0.04914543405175209,0.5177817344665527,0.7948676347732544,-0.05462661758065224,0.5273301601409912,0.8284221887588501,-0.05931440740823746
pinza_izquierda,0.5074353814125061,0.8638612031936646,4.744146337998245e-07,0.5469563603401184,0.8621925711631775,-0.021063460037112236,0.5881556868553162,0.8341118693351746,-0.031295377761125565,0.5772569179534912,0.8122152090072632,-0.038575731217861176,0.5418729782104492,0.8065924644470215,-0.04880264773964882,0.5685632228851318,0.711940348148346,-0.025610271841287613,0.5886980295181274,0.6540390253067017,-0.03344873711466789,0.6023339629173279,0.6184908151626587,-0.04146123677492142,0.612144410610199,0.5794322490692139,-0.04846705496311188,0.5381137728691101,0.6993368268013,-0.028089193627238274,0.5447737574577332,0.6282426714897156,-0.031610649079084396,0.5437079668045044,0.5833814144134521,-0.044219352304935455,0.5419589877128601,0.5369651317596436,-0.05563480406999588,0.509545624256134,0.7087265253067017,-0.03104889579117298,0.515856921672821,0.6612399220466614,-0.04463393613696098,0.518844723701477,0.6136343479156494,-0.066278375685215,0.5188765525817871,0.5657045841217041,-0.08371478319168091,0.4798763394355774,0.7341060638427734,-0.03482772409915924,0.504692792892456,0.726343035697937,-0.05014869198203087,0.5215656757354736,0.7628121972084045,-0.056241538375616074,0.5319591164588928,0.7991679310798645,-0.061452969908714294
pinza_izquierda,0.5063700675964355,0.8180351257324219,4.856419764109887e-07,0.552305281162262,0.8138381242752075,-0.024010753259062767,0.5964704155921936,0.7796452641487122,-0.03506089001893997,0.5823266506195068,0.7483607530593872,-0.04264940321445465,0.5440969467163086,0.7385993599891663,-0.05327233672142029,0.5782248973846436,0.6504608988761902,-0.027859536930918694,0.5960033535957336,0.5842917561531067,-0.03775445744395256,0.6070237755775452,0.5419937372207642,-0.04747069627046585,0.6152505874633789,0.49828076362609863,-0.055618975311517715,0.5484941601753235,0.6385444402694702,-0.031091956421732903,0.5634477138519287,0.5578333139419556,-0.03693065792322159,0.569216251373291,0.5033039450645447,-0.05080929771065712,0.5733667612075806,0.45003920793533325,-0.06282039731740952,0.5180710554122925,0.648640513420105,-0.03536442294716835,0.5273333787918091,0.5848159790039062,-0.05231023579835892,0.5356030464172363,0.5327904224395752,-0.07502545416355133,0.541549563407898,0.482346773147583,-0.0925990641117096,0.4853745996952057,0.6763710379600525,-0.040591124445199966,0.5104194283485413,0.6509973406791687,-0.05987194925546646,0.5269279479980469,0.6883425116539001,-0.06559525430202484,0.5372290015220642,0.7284218072891235,-0.06986762583255768
pinza_izquierda,0.5074394345283508,0.8085324764251709,5.201964086154476e-07,0.5537628531455994,0.802634596824646,-0.023368345573544502,0.5993252992630005,0.7666515707969666,-0.03427744656801224,0.5871044397354126,0.7331534028053284,-0.04180843383073807,0.547732412815094,0.7244025468826294,-0.05215449258685112,0.5800727009773254,0.6366565227508545,-0.02665547840297222,0.5980923175811768,0.5686163306236267,-0.03620550036430359,0.6081852912902832,0.52536541223526,-0.04507901519536972,0.6152275204658508,0.48079782724380493,-0.05247561261057854,0.5500331521034241,0.6250365972518921,-0.030022768303751945,0.5698238611221313,0.5448560118675232,-0.036144912242889404,0.5793625116348267,0.4895972013473511,-0.04894573614001274,0.5861119031906128,0.43624332547187805,-0.059795718640089035,0.5191885828971863,0.6351061463356018,-0.03449619561433792,0.5291453003883362,0.5699800252914429,-0.05174744129180908,0.538608193397522,0.5176466703414917,-0.07324380427598953,0.5458006858825684,0.4685738682746887,-0.08945847302675247,0.48675018548965454,0.6625493764877319,-0.039876099675893784,0.5155643820762634,0.634033739566803,-0.05877479910850525,0.5307356715202332,0.6725455522537231,-0.06320533901453018,0.5395464301109314,0.7137258052825928,-0.06632643193006516
pinza_izquierda,0.5185897946357727,0.7747628688812256,5.190902925278351e-07,0.5657484531402588,0.7693294286727905,-0.02524276077747345,0.6104744076728821,0.7323421239852905,-0.037423714995384216,0.5965780019760132,0.6968567371368408,-0.04576168954372406,0.5576009750366211,0.6836169362068176,-0.05680427700281143,0.5898237824440002,0.5989702939987183,-0.02842698246240616,0.606803297996521,0.5303928256034851,-0.038553424179553986,0.6148492097854614,0.4862632751464844,-0.047818344086408615,0.6204816102981567,0.44071727991104126,-0.0555904321372509,0.5597269535064697,0.5880846977233887,-0.031091175973415375,0.5774729251861572,0.5061326026916504,-0.03793965280056,0.5857160687446594,0.4506450295448303,-0.051132507622241974,0.5924889445304871,0.3977386951446533,-0.06217719614505768,0.5288816094398499,0.5991619825363159,-0.03501492738723755,0.5376704931259155,0.5283873081207275,-0.05390674248337746,0.545250654220581,0.4737533926963806,-0.07628168165683746,0.5514585375785828,0.42260807752609253,-0.09296614676713943,0.4969010353088379,0.628239095211029,-0.03980521857738495,0.5251103639602661,0.5960291028022766,-0.06103470176458359,0.5403664112091064,0.6354855895042419,-0.06652899086475372,0.5498817563056946,0.6775802969932556,-0.07007046788930893
pinza_izquierda,0.52561354637146,0.7275682687759399,4.7033321948219964e-07,0.5722332000732422,0.7139236330986023,-0.0223457682877779,0.6149118542671204,0.6686773896217346,-0.032280925661325455,0.5995780229568481,0.6281330585479736,-0.03905589133501053,0.5611975789070129,0.6171415448188782,-0.04855744168162346,0.5928122401237488,0.538546085357666,-0.0242571160197258,0.6107785701751709,0.46604710817337036,-0.03324945643544197,0.6194047331809998,0.42047765851020813,-0.04207853600382805,0.6242808699607849,0.3739861249923706,-0.049663107842206955,0.5627098083496094,0.5292124152183533,-0.027991244569420815,0.5804399251937866,0.4421519935131073,-0.03435619920492172,0.5880486369132996,0.38481229543685913,-0.04658667743206024,0.5929312109947205,0.33002766966819763,-0.0570443794131279,0.5319483280181885,0.5417195558547974,-0.03294428810477257,0.5418144464492798,0.4640541970729828,-0.05111127719283104,0.550707221031189,0.4087701439857483,-0.07159841805696487,0.5568588972091675,0.356149822473526,-0.08671698719263077,0.49971804022789,0.5724601745605469,-0.03858970105648041,0.5251405239105225,0.5253430008888245,-0.05814925208687782,0.5412470698356628,0.5623748898506165,-0.061060741543769836,0.5507795214653015,0.6050999164581299,-0.062741219997406
pinza_izquierda,0.5359389781951904,0.6437538266181946,4.774494755110936e-07,0.5824217200279236,0.6253576278686523,-0.024357860907912254,0.6231188774108887,0.5712687373161316,-0.03350171446800232,0.6064780950546265,0.5273741483688354,-0.03884394094347954,0.5698570013046265,0.5148780345916748,-0.04624338075518608,0.5975168347358704,0.4413938522338867,-0.023693816736340523,0.6114182472229004,0.36030319333076477,-0.032223060727119446,0.618023693561554,0.31150537729263306,-0.04048159345984459,0.6200118064880371,0.2626239061355591,-0.04764493554830551,0.5643725991249084,0.4326297640800476,-0.02716386877000332,0.5718281865119934,0.326762318611145,-0.03694585710763931,0.5750598907470703,0.2600225508213043,-0.05020632967352867,0.575803816318512,0.19713586568832397,-0.05964145064353943,0.533028781414032,0.4473051130771637,-0.031874045729637146,0.5426111221313477,0.3580072224140167,-0.05386700853705406,0.5539364218711853,0.29463401436805725,-0.07498788833618164,0.5612613558769226,0.2353813797235489,-0.08857467770576477,0.5030239224433899,0.48252707719802856,-0.0371740460395813,0.5300126075744629,0.42669805884361267,-0.059138957411050797,0.5459384322166443,0.4633191227912903,-0.0604788176715374,0.5541582703590393,0.5070595741271973,-0.05958476662635803
pinza_izquierda,0.5406560897827148,0.6035888195037842,5.402261535891739e-07,0.5900650024414062,0.5816047191619873,-0.02393093705177307,0.6299002766609192,0.5208696126937866,-0.03222571313381195,0.6137232780456543,0.47185248136520386,-0.03709849342703819,0.5758371949195862,0.4567587673664093,-0.04444277659058571,0.606228768825531,0.39591550827026367,-0.020928818732500076,0.622204601764679,0.3138485550880432,-0.030319243669509888,0.6300767660140991,0.26335713267326355,-0.03974941372871399,0.6351649165153503,0.215767040848732,-0.04744595289230347,0.573887825012207,0.3857046663761139,-0.023862650617957115,0.5890839695930481,0.2857011556625366,-0.03051065094769001,0.5961241126060486,0.22453874349594116,-0.04259743541479111,0.6008396148681641,0.16985559463500977,-0.051975034177303314,0.5424312353134155,0.3982751667499542,-0.028751038014888763,0.551520824432373,0.30627357959747314,-0.0481807217001915,0.5606043934822083,0.2458878457546234,-0.068570576608181,0.5667194128036499,0.19098657369613647,-0.08267737179994583,0.510550320148468,0.4290989339351654,-0.034423310309648514,0.5356403589248657,0.37144604325294495,-0.05632435902953148,0.5517418384552002,0.4062560200691223,-0.05920097604393959,0.5603517293930054,0.4455505311489105,-0.05975966155529022
pinza_izquierda,0.5538455843925476,0.5270788669586182,4.4463621406976017e-07,0.6070902347564697,0.500961184501648,-0.023650389164686203,0.6460515856742859,0.4337276518344879,-0.030850106850266457,0.6317310929298401,0.3789917230606079,-0.03482586517930031,0.5948445796966553,0.36020925641059875,-0.040615588426589966,0.6250580549240112,0.3111036419868469,-0.019478239119052887,0.6444923281669617,0.2254798412322998,-0.02797812968492508,0.6520193219184875,0.1727578341960907,-0.03686663135886192,0.6545884609222412,0.12461842596530914,-0.04446689039468765,0.5926235318183899,0.2981732487678528,-0.022437188774347305,0.6098719239234924,0.196293905377388,-0.027986837550997734,0.616910457611084,0.13296359777450562,-0.039764631539583206,0.6194349527359009,0.07501313090324402,-0.049262359738349915,0.560031533241272,0.3092268407344818,-0.027295324951410294,0.5709675550460815,0.21314993500709534,-0.044291894882917404,0.5828012228012085,0.1541760414838791,-0.0640311986207962,0.5882452130317688,0.09919969737529755,-0.07837127149105072,0.5257754325866699,0.33976197242736816,-0.03318960592150688,0.5507032871246338,0.2837834358215332,-0.05444110557436943,0.5703017115592957,0.3160688579082489,-0.05772560462355614,0.579647421836853,0.3557056486606598,-0.058476660400629044
pinza_izquierda,0.6806431412696838,0.5196260809898376,4.2512436948527466e-07,0.7320076823234558,0.498063325881958,-0.020027032122015953,0.7754356861114502,0.4398452043533325,-0.026957226917147636,0.7742441892623901,0.3851187825202942,-0.031217198818922043,0.7387173175811768,0.36577174067497253,-0.037481192499399185,0.7496117949485779,0.3155871331691742,-0.0199250690639019,0.7694316506385803,0.2325616329908371,-0.02803855761885643,0.7788728475570679,0.18302702903747559,-0.03526277467608452,0.7853696942329407,0.135707288980484,-0.04161648452281952,0.7211758494377136,0.3047385513782501,-0.024436576291918755,0.7404495477676392,0.20495828986167908,-0.03488660231232643,0.7493794560432434,0.14171864092350006,-0.046620845794677734,0.7545608282089233,0.08327782154083252,-0.05446495860815048,0.691561222076416,0.3154953718185425,-0.030107129365205765,0.7072443962097168,0.22009557485580444,-0.05183028429746628,0.7213144302368164,0.15865583717823029,-0.07008323073387146,0.7297332286834717,0.10093890130519867,-0.08121725916862488,0.6597900390625,0.34602686762809753,-0.03613603487610817,0.6903024315834045,0.28093940019607544,-0.05666491761803627,0.7081766128540039,0.313985139131546,-0.056730084121227264,0.7160864472389221,0.3567027449607849,-0.05476369708776474
pinza_izquierda,0.6938487887382507,0.5473471879959106,4.391374375245505e-07,0.7447414994239807,0.5248239040374756,-0.022048240527510643,0.7874865531921387,0.46539703011512756,-0.030111165717244148,0.785021185874939,0.41279318928718567,-0.03512028232216835,0.749021053314209,0.39298951625823975,-0.04190552979707718,0.7575117945671082,0.3356301486492157,-0.020065629854798317,0.7736140489578247,0.2533848285675049,-0.02895004115998745,0.7819119691848755,0.20337145030498505,-0.03710686042904854,0.7869099378585815,0.15447106957435608,-0.044210635125637054,0.728276789188385,0.327225923538208,-0.02405031956732273,0.7430193424224854,0.2280004322528839,-0.03523016348481178,0.7505837678909302,0.16452054679393768,-0.04794466495513916,0.7543318867683411,0.10498616099357605,-0.056693874299526215,0.698775053024292,0.3410091996192932,-0.02952243760228157,0.7108700275421143,0.24908140301704407,-0.05276845395565033,0.72307288646698,0.18773069977760315,-0.07235852628946304,0.7297000288963318,0.13070113956928253,-0.08447660505771637,0.6684573292732239,0.3749258518218994,-0.03553931787610054,0.6981257796287537,0.31523779034614563,-0.058126673102378845,0.7152814269065857,0.3524494767189026,-0.05951731652021408,0.7224885821342468,0.3981075584888458,-0.05853401497006416
pinza_izquierda,0.683800995349884,0.6209263205528259,4.487853573209577e-07,0.7351853251457214,0.5993353128433228,-0.021761547774076462,0.7792677879333496,0.5455144643783569,-0.030839646235108376,0.772926926612854,0.49738290905952454,-0.03667857497930527,0.7367017269134521,0.48298799991607666,-0.043970782309770584,0.752577006816864,0.4177307188510895,-0.021611858159303665,0.7719698548316956,0.3379147946834564,-0.030707737430930138,0.7806534171104431,0.2896077334880829,-0.03821319714188576,0.7851192355155945,0.24234768748283386,-0.04457024484872818,0.7231721878051758,0.40903350710868835,-0.025754297152161598,0.7435135841369629,0.31226760149002075,-0.03897462040185928,0.7540907859802246,0.2517244517803192,-0.05098695307970047,0.7595800161361694,0.19570942223072052,-0.05835633724927902,0.6936293840408325,0.42115023732185364,-0.03116394579410553,0.710250735282898,0.3334231376647949,-0.05480612441897392,0.7241805195808411,0.27527880668640137,-0.0717119500041008,0.7323950529098511,0.2205333262681961,-0.08121044933795929,0.6639421582221985,0.4538952112197876,-0.03706960380077362,0.6977347135543823,0.3951091170310974,-0.056421294808387756,0.7120932340621948,0.4330747127532959,-0.05402717366814613,0.7160031199455261,0.4790278673171997,-0.050416499376297
pinza_izquierda,0.6676883101463318,0.6991177797317505,4.5263976744536194e-07,0.7140627503395081,0.6873201727867126,-0.021668365225195885,0.759457528591156,0.6455013155937195,-0.03273358568549156,0.7606024742126465,0.6049143671989441,-0.04082001745700836,0.7293780446052551,0.5888124108314514,-0.051001597195863724,0.7396250367164612,0.5127085447311401,-0.02635171450674534,0.7644338011741638,0.43972790241241455,-0.03650812804698944,0.7761867046356201,0.39371275901794434,-0.044854387640953064,0.7831626534461975,0.34718549251556396,-0.051745884120464325,0.7112788558006287,0.504267692565918,-0.03097296692430973,0.735604465007782,0.4124981164932251,-0.04359062388539314,0.7470597624778748,0.353619784116745,-0.05571736395359039,0.7539809346199036,0.297369122505188,-0.06404077261686325,0.6815218329429626,0.5146188139915466,-0.03649482876062393,0.7046163082122803,0.4344560503959656,-0.05898977071046829,0.7200702428817749,0.3776036500930786,-0.07613730430603027,0.7311359643936157,0.3240807056427002,-0.08688746392726898,0.6503005623817444,0.5436997413635254,-0.04258519038558006,0.6864609122276306,0.4963686764240265,-0.0611894465982914,0.6991361379623413,0.5352586507797241,-0.059668295085430145,0.703722357749939,0.5812493562698364,-0.05745326355099678
pinza_izquierda,0.6433510780334473,0.757899820804596,4.946718377141224e-07,0.6893590688705444,0.7567875385284424,-0.025959700345993042,0.7375299334526062,0.731310248374939,-0.04274105653166771,0.7409589290618896,0.6998372673988342,-0.05635219067335129,0.7095991969108582,0.679617166519165,-0.07212375849485397,0.7266716361045837,0.5941937565803528,-0.034776195883750916,0.7518672943115234,0.5247151851654053,-0.049704957753419876,0.7640552520751953,0.48101842403411865,-0.06174014136195183,0.77141273021698,0.4361603260040283,-0.07114503532648087,0.6971776485443115,0.5814164876937866,-0.03945532068610191,0.7256377339363098,0.49624958634376526,-0.054908350110054016,0.7390229105949402,0.44126972556114197,-0.07034597545862198,0.7474051117897034,0.38710880279541016,-0.08171944320201874,0.6655160784721375,0.5871186256408691,-0.045215900987386703,0.6949759721755981,0.5202104449272156,-0.06855584681034088,0.7134804129600525,0.47032952308654785,-0.08734527230262756,0.726941704750061,0.42106056213378906,-0.1006411463022232,0.6319305300712585,0.6111345887184143,-0.052152495831251144,0.6729345321655273,0.5841349959373474,-0.07371990382671356,0.6865279674530029,0.6237615942955017,-0.0757531002163887,0.6919741034507751,0.6655042171478271,-0.07648807018995285
pinza_izquierda,0.6214564442634583,0.8156125545501709,4.929174224344024e-07,0.6632264256477356,0.8164632320404053,-0.02341386303305626,0.7092607617378235,0.7912309169769287,-0.03731274977326393,0.7023714780807495,0.7584976553916931,-0.048127565532922745,0.67084801197052,0.7367367148399353,-0.06128288060426712,0.7039152383804321,0.6580443978309631,-0.0291418619453907,0.7302449941635132,0.5959984064102173,-0.040943682193756104,0.7439382672309875,0.5561434030532837,-0.051330648362636566,0.7535717487335205,0.5137612819671631,-0.059457916766405106,0.6747831106185913,0.6427846550941467,-0.03273981809616089,0.7048646807670593,0.5674273371696472,-0.042432453483343124,0.7195842862129211,0.5173035264015198,-0.05539333447813988,0.7300387620925903,0.46631622314453125,-0.06559228152036667,0.6428756713867188,0.6459519863128662,-0.03740229457616806,0.6683338284492493,0.5880253911018372,-0.05622779577970505,0.6869150996208191,0.5417418479919434,-0.07508568465709686,0.6999413371086121,0.4957479238510132,-0.08892305195331573,0.6072130799293518,0.6652892231941223,-0.04304983466863632,0.6450310349464417,0.64625483751297,-0.06177115812897682,0.6574236154556274,0.6874352097511292,-0.06418189406394958,0.6612473130226135,0.7284364700317383,-0.06534429639577866
pinza_izquierda,0.62013840675354,0.8412148356437683,4.326844305069244e-07,0.6632890701293945,0.842391848564148,-0.01905287802219391,0.7110016345977783,0.8227711915969849,-0.030924029648303986,0.7051619291305542,0.7999179363250732,-0.04065708816051483,0.6720948219299316,0.7879884243011475,-0.053441427648067474,0.7066501975059509,0.6938006281852722,-0.02548745460808277,0.7307127714157104,0.6346487998962402,-0.035719674080610275,0.7444367408752441,0.597748875617981,-0.04587137699127197,0.7540339231491089,0.556766927242279,-0.054097119718790054,0.6777476072311401,0.6789819598197937,-0.031168363988399506,0.7072083950042725,0.6087930798530579,-0.03793482109904289,0.7220647931098938,0.5621353983879089,-0.05098757520318031,0.7321917414665222,0.5133068561553955,-0.062056928873062134,0.6456802487373352,0.6821787357330322,-0.03743699565529823,0.6717537045478821,0.6326959133148193,-0.05293523147702217,0.6917282938957214,0.5889191627502441,-0.07239178568124771,0.7056003212928772,0.5436835289001465,-0.0875551775097847,0.6101930141448975,0.7014739513397217,-0.04444272443652153,0.6465407013893127,0.6895570158958435,-0.05903158709406853,0.6579974889755249,0.7306129336357117,-0.06038476526737213,0.6599400043487549,0.7721713781356812,-0.061810072511434555
pinza_izquierda,0.6825758218765259,0.8514890074729919,6.135274475127517e-07,0.7423825860023499,0.8522533774375916,-0.004515133798122406,0.7916483283042908,0.834079384803772,-0.014810014516115189,0.8259280323982239,0.82423335313797,-0.027455991134047508,0.8163427114486694,0.8134053349494934,-0.04256279394030571,0.7861596345901489,0.7015600800514221,-0.017538513988256454,0.8328633308410645,0.6558921933174133,-0.03383806720376015,0.8627809286117554,0.620490312576294,-0.047029804438352585,0.8833262324333191,0.586399257183075,-0.056766051799058914,0.7605319023132324,0.6876500248908997,-0.03368625417351723,0.8141868114471436,0.6292822957038879,-0.05136743560433388,0.8489425778388977,0.5834322571754456,-0.06765385717153549,0.8723022937774658,0.5406060814857483,-0.07904843240976334,0.731741726398468,0.6937805414199829,-0.04974798113107681,0.7873233556747437,0.648730456829071,-0.07545067369937897,0.8284681439399719,0.6162996292114258,-0.09509672224521637,0.8580787181854248,0.5825302004814148,-0.10746194422245026,0.7061734795570374,0.7212594151496887,-0.06498684734106064,0.7666916847229004,0.7142305374145508,-0.08592986315488815,0.7869008779525757,0.751445472240448,-0.0883711501955986,0.7928650975227356,0.7889211773872375,-0.08894814550876617
pinza_izquierda,0.6787843704223633,0.8224722146987915,5.769906010755221e-07,0.7482004761695862,0.8179585337638855,-9.309466986451298e-05,0.7995980978012085,0.7920205593109131,-0.007753377314656973,0.8345205783843994,0.778040885925293,-0.018893426284193993,0.8257755041122437,0.7756385803222656,-0.03165396302938461,0.7874488234519958,0.6569656729698181,-0.0113389752805233,0.8381186723709106,0.6046951413154602,-0.025384703651070595,0.8699334263801575,0.5655062794685364,-0.03653881326317787,0.8898696899414062,0.5275675654411316,-0.04574253037571907,0.7609841823577881,0.6465631127357483,-0.03087558224797249,0.8206124305725098,0.5792741775512695,-0.052330225706100464,0.8575202822685242,0.5280205607414246,-0.06816670298576355,0.8793011903762817,0.47932296991348267,-0.07771202176809311,0.7341089248657227,0.6546120643615723,-0.050052858889102936,0.7977584004402161,0.6024328470230103,-0.07565087080001831,0.8402946591377258,0.5683990120887756,-0.08890670537948608,0.8693690896034241,0.5300401449203491,-0.0956643596291542,0.7113975286483765,0.687532365322113,-0.06870589405298233,0.7796081304550171,0.6645400524139404,-0.08617141097784042,0.8009892702102661,0.6990657448768616,-0.08254620432853699,0.8063688278198242,0.7376493215560913,-0.07837609946727753
pinza_izquierda,0.6795749068260193,0.7304081320762634,6.359557005453098e-07,0.7481769323348999,0.7212626934051514,-0.008290974423289299,0.806886613368988,0.6901497840881348,-0.01972784660756588,0.8449420928955078,0.6619848012924194,-0.0338498130440712,0.8232533931732178,0.6463528275489807,-0.04909969121217728,0.789709746837616,0.5443640947341919,-0.016043081879615784,0.8379449248313904,0.4836713969707489,-0.03148629143834114,0.8679021000862122,0.4392440915107727,-0.04428709298372269,0.8878482580184937,0.3977339267730713,-0.05476680397987366,0.7611883282661438,0.5312426090240479,-0.03305470570921898,0.8182912468910217,0.4545455574989319,-0.055432047694921494,0.8524878025054932,0.3960685729980469,-0.07240492105484009,0.8733356595039368,0.3414701521396637,-0.08325091749429703,0.7318045496940613,0.5371018648147583,-0.05048471689224243,0.7976740598678589,0.4813063442707062,-0.076116181910038,0.8379836678504944,0.44698235392570496,-0.08827527612447739,0.8657209873199463,0.407501757144928,-0.09501003473997116,0.7066078186035156,0.5680260062217712,-0.06859024614095688,0.7772122025489807,0.5396896600723267,-0.08723725378513336,0.7993990778923035,0.5765509605407715,-0.08371156454086304,0.8062958121299744,0.617617130279541,-0.07975635677576065
pinza_izquierda,0.6832201480865479,0.6753852367401123,6.652341539847839e-07,0.7526707053184509,0.660591721534729,-0.00983523577451706,0.8147674202919006,0.6245922446250916,-0.021518830209970474,0.8537068367004395,0.5886895656585693,-0.036012064665555954,0.8273816704750061,0.5711538791656494,-0.05119675025343895,0.7937053442001343,0.4769536852836609,-0.012732794508337975,0.8424585461616516,0.4094231426715851,-0.027084605768322945,0.8712948560714722,0.36146193742752075,-0.03976667672395706,0.8900923728942871,0.31833982467651367,-0.05016929656267166,0.7642196416854858,0.4614540934562683,-0.029303086921572685,0.8199803829193115,0.37436288595199585,-0.051125042140483856,0.8543407320976257,0.31176939606666565,-0.06879416853189468,0.875844419002533,0.2558814585208893,-0.0799529179930687,0.733293890953064,0.4658706784248352,-0.04656820371747017,0.799882173538208,0.4036652147769928,-0.07097043842077255,0.8400938510894775,0.36956673860549927,-0.08222253620624542,0.8670312762260437,0.32966184616088867,-0.08827381581068039,0.7078023552894592,0.49644726514816284,-0.06488511711359024,0.7811750769615173,0.45861148834228516,-0.08218511193990707,0.8045749664306641,0.4971814751625061,-0.07701601088047028,0.810846209526062,0.54073166847229,-0.0716896504163742
pinza_izquierda,0.662548303604126,0.6173297166824341,6.258792950575298e-07,0.7302888035774231,0.6034661531448364,-0.013255491852760315,0.7922543883323669,0.5617754459381104,-0.023909149691462517,0.8304245471954346,0.5198048949241638,-0.035760294646024704,0.8037834763526917,0.49554136395454407,-0.04887234792113304,0.7714377045631409,0.4174421429634094,-0.015429319813847542,0.8182977437973022,0.34300369024276733,-0.028686242178082466,0.8452931642532349,0.29287683963775635,-0.039714425802230835,0.8627985715866089,0.24735581874847412,-0.04858998954296112,0.7431475520133972,0.3993801176548004,-0.02945302240550518,0.7940973043441772,0.3042399287223816,-0.05005265772342682,0.8259904980659485,0.23861292004585266,-0.06699046492576599,0.8456527590751648,0.17926806211471558,-0.07730699330568314,0.7117010354995728,0.4005093574523926,-0.04458232969045639,0.7720471620559692,0.3265330195426941,-0.07255735993385315,0.8123146295547485,0.2754133343696594,-0.09089319407939911,0.8396182060241699,0.22221259772777557,-0.10166643559932709,0.682363748550415,0.4253045320510864,-0.06014460697770119,0.7552329301834106,0.38961905241012573,-0.08234848082065582,0.7779702544212341,0.43223273754119873,-0.08173578977584839,0.7832038402557373,0.47931864857673645,-0.07962492108345032
pinza_izquierda,0.6117001175880432,0.6185986995697021,6.107711101321911e-07,0.680745005607605,0.612019956111908,-0.0167839378118515,0.747063398361206,0.5694237947463989,-0.030949249863624573,0.7841492295265198,0.519899845123291,-0.048077382147312164,0.7534952163696289,0.4966278672218323,-0.06489064544439316,0.7289659380912781,0.4214881956577301,-0.023000817745923996,0.7767703533172607,0.34293586015701294,-0.042126115411520004,0.8023173213005066,0.2942887544631958,-0.056434765458106995,0.8215080499649048,0.24736391007900238,-0.06812650710344315,0.7008579969406128,0.4010757803916931,-0.03692179173231125,0.7480738759040833,0.30195772647857666,-0.06369968503713608,0.7832330465316772,0.23634196817874908,-0.08448091149330139,0.8093514442443848,0.17660799622535706,-0.09899462759494781,0.6667508482933044,0.4040171504020691,-0.05178787186741829,0.7278339862823486,0.35297316312789917,-0.08513324707746506,0.7488064169883728,0.37989190220832825,-0.09347104281187057,0.7549386024475098,0.3913918137550354,-0.09393426030874252,0.638241171836853,0.4277474880218506,-0.06829822063446045,0.7002274990081787,0.38895148038864136,-0.09406977146863937,0.7244172692298889,0.4345753490924835,-0.09286992251873016,0.7306635975837708,0.4818274974822998,-0.08851882070302963
pinza_izquierda,0.5475897789001465,0.6203984618186951,5.346341822587419e-07,0.6136528253555298,0.6143229603767395,-0.021640684455633163,0.6808198094367981,0.5708938837051392,-0.031695254147052765,0.7081952691078186,0.5164142847061157,-0.040014319121837616,0.6703470349311829,0.4928566813468933,-0.050495605915784836,0.6702633500099182,0.4123910069465637,-0.02194286696612835,0.7122147083282471,0.3302205801010132,-0.03304160386323929,0.7357409000396729,0.27879321575164795,-0.04310023784637451,0.753926157951355,0.23054401576519012,-0.05217448249459267,0.6405884027481079,0.3930727243423462,-0.031241221353411674,0.6885475516319275,0.28963732719421387,-0.048614002764225006,0.7185172438621521,0.22251296043395996,-0.0658380389213562,0.7407811880111694,0.16170290112495422,-0.07756131142377853,0.6056153774261475,0.3965284526348114,-0.04183667525649071,0.6535868644714355,0.30573660135269165,-0.07058437913656235,0.6904976963996887,0.2471579611301422,-0.09310305118560791,0.7196518182754517,0.19052532315254211,-0.10739578306674957,0.5656652450561523,0.42301419377326965,-0.052936118096113205,0.624894380569458,0.3727870583534241,-0.07893794029951096,0.6432108283042908,0.419538289308548,-0.08054933696985245,0.647619366645813,0.4732597768306732,-0.08018210530281067
pinza_izquierda,0.513113796710968,0.6122866868972778,5.892026706533215e-07,0.5767615437507629,0.6069555878639221,-0.02673628367483616,0.6444282531738281,0.5621711015701294,-0.040006205439567566,0.6678526997566223,0.5088635683059692,-0.050797365605831146,0.6315323114395142,0.4786737561225891,-0.06439922749996185,0.6344913244247437,0.3981350064277649,-0.027552764862775803,0.6738266944885254,0.3130321800708771,-0.040637366473674774,0.6963658928871155,0.2594085931777954,-0.05359916761517525,0.7144373059272766,0.20864763855934143,-0.0646478682756424,0.603327214717865,0.38127419352531433,-0.034448862075805664,0.6467218399047852,0.27598893642425537,-0.049230821430683136,0.6755238771438599,0.20675688982009888,-0.06810557097196579,0.6982986330986023,0.14397117495536804,-0.08258730918169022,0.5666543841362,0.3870745301246643,-0.04299791529774666,0.6117933988571167,0.2897799015045166,-0.07026246190071106,0.6489799618721008,0.22704064846038818,-0.09609817713499069,0.6785507202148438,0.16986922919750214,-0.1142665296792984,0.5250239372253418,0.41344332695007324,-0.05239227041602135,0.5803748369216919,0.3645954132080078,-0.08078496158123016,0.6012584567070007,0.4097471237182617,-0.08623266965150833,0.6086569428443909,0.46146324276924133,-0.08894522488117218
pinza_izquierda,0.45542263984680176,0.6253144145011902,5.470324140333105e-07,0.5163620114326477,0.618888258934021,-0.029243769124150276,0.5806127190589905,0.5729840993881226,-0.04260488972067833,0.5937901735305786,0.51726895570755,-0.05232797935605049,0.555899977684021,0.48528972268104553,-0.06445915251970291,0.5738969445228577,0.40495339035987854,-0.027784015983343124,0.6101837158203125,0.3212882876396179,-0.03926965594291687,0.6287227272987366,0.2680971920490265,-0.05152909830212593,0.6423959136009216,0.21412962675094604,-0.06227682903409004,0.5384034514427185,0.38792699575424194,-0.0323108546435833,0.5758994221687317,0.28108400106430054,-0.04429612681269646,0.5990902781486511,0.21348069608211517,-0.06027594953775406,0.6170778870582581,0.14873403310775757,-0.07279155403375626,0.4988415241241455,0.3955037593841553,-0.03874935582280159,0.5362060070037842,0.30114269256591797,-0.06383506208658218,0.5683769583702087,0.23810552060604095,-0.08692003041505814,0.5938276052474976,0.1786120980978012,-0.10285619646310806,0.4566757082939148,0.4250975251197815,-0.04637999087572098,0.5052035450935364,0.3715123236179352,-0.07172852754592896,0.5228273868560791,0.41614317893981934,-0.07391910254955292,0.5281432867050171,0.46891137957572937,-0.07420617341995239
pinza_izquierda,0.387798011302948,0.6213353276252747,5.523052664102579e-07,0.4499622881412506,0.603813886642456,-0.029801372438669205,0.5130991339683533,0.550152063369751,-0.04177273437380791,0.5109395980834961,0.4888986647129059,-0.04965634644031525,0.46481743454933167,0.46747028827667236,-0.06052115932106972,0.49835360050201416,0.39042186737060547,-0.027369510382413864,0.5293791890144348,0.29624900221824646,-0.03859396278858185,0.546122670173645,0.23581816256046295,-0.049859464168548584,0.5573291778564453,0.1767253428697586,-0.059856802225112915,0.463312566280365,0.37326738238334656,-0.03254004567861557,0.4972452223300934,0.26256412267684937,-0.04341413825750351,0.5174241065979004,0.1905803382396698,-0.05994900315999985,0.5313026905059814,0.1238308846950531,-0.07276524603366852,0.4249792993068695,0.38123437762260437,-0.03961025923490524,0.4538547992706299,0.2778986990451813,-0.0644998848438263,0.4796403646469116,0.20676568150520325,-0.08990078419446945,0.5000895261764526,0.1398121416568756,-0.10800054669380188,0.3813500702381134,0.41206860542297363,-0.04782446473836899,0.4233182370662689,0.35309159755706787,-0.07521326839923859,0.4378160238265991,0.4004325866699219,-0.07872729748487473,0.44142740964889526,0.4538898766040802,-0.0798695981502533
pinza_izquierda,0.3487088978290558,0.6146184206008911,5.527935513782722e-07,0.4076126217842102,0.5996935963630676,-0.03169695660471916,0.4656776785850525,0.5414287447929382,-0.046005334705114365,0.4540010392665863,0.47987574338912964,-0.05557854846119881,0.409023255109787,0.45424148440361023,-0.06782874464988708,0.45143863558769226,0.3780706822872162,-0.03254731744527817,0.47850704193115234,0.2797315716743469,-0.046263933181762695,0.4930151104927063,0.22112572193145752,-0.05894220992922783,0.503248929977417,0.16211821138858795,-0.06918537616729736,0.4145089387893677,0.36201590299606323,-0.03614729270339012,0.445382297039032,0.24742302298545837,-0.04810253530740738,0.46137091517448425,0.17286571860313416,-0.06410349160432816,0.47297191619873047,0.10051083564758301,-0.07641957700252533,0.3745637834072113,0.37129446864128113,-0.04183132201433182,0.4020206332206726,0.26743465662002563,-0.06827004253864288,0.4237826466560364,0.1973235011100769,-0.09287058562040329,0.4405328333377838,0.12952619791030884,-0.10957901179790497,0.33104559779167175,0.40228933095932007,-0.048566821962594986,0.37172117829322815,0.3386378288269043,-0.07473213970661163,0.38670575618743896,0.38607993721961975,-0.07623099535703659,0.39120733737945557,0.43879181146621704,-0.07588693499565125
pinza_izquierda,0.2697221040725708,0.6372489929199219,4.3324470766492595e-07,0.3285847306251526,0.6158095598220825,-0.028300801292061806,0.3851417005062103,0.5526718497276306,-0.03730326518416405,0.3602805435657501,0.4985305666923523,-0.042363569140434265,0.3098565936088562,0.47720229625701904,-0.05063018947839737,0.37051987648010254,0.39527174830436707,-0.020933283492922783,0.3902510404586792,0.3030613362789154,-0.029989292845129967,0.4000893235206604,0.2450713962316513,-0.04085112363100052,0.405608594417572,0.1856435239315033,-0.050913553684949875,0.3308752477169037,0.3788486421108246,-0.02550644241273403,0.3538829982280731,0.26656872034072876,-0.03620191290974617,0.36631810665130615,0.19613893330097198,-0.051233697682619095,0.3768328130245209,0.1257815957069397,-0.06207529082894325,0.29108527302742004,0.3901732861995697,-0.0323822945356369,0.31052350997924805,0.2842325270175934,-0.05808994546532631,0.32784807682037354,0.21975961327552795,-0.08027852326631546,0.3428449034690857,0.15391293168067932,-0.09449208527803421,0.24830402433872223,0.42453792691230774,-0.04034894332289696,0.2796882092952728,0.3589909076690674,-0.0672396570444107,0.28999555110931396,0.4088909327983856,-0.06708887964487076,0.2942752242088318,0.4636848568916321,-0.0645609050989151
pinza_izquierda,0.21669748425483704,0.6542198657989502,4.989807393940282e-07,0.27510780096054077,0.6312890648841858,-0.030084483325481415,0.32434433698654175,0.5670015215873718,-0.04119965806603432,0.2856680452823639,0.5186119079589844,-0.0480513870716095,0.23428070545196533,0.4981909394264221,-0.058393366634845734,0.3124001622200012,0.41600385308265686,-0.025641702115535736,0.32909131050109863,0.318894624710083,-0.035902418196201324,0.33483725786209106,0.25825363397598267,-0.046992022544145584,0.33810150623321533,0.19810284674167633,-0.05670536682009697,0.27107128500938416,0.39995065331459045,-0.02868727594614029,0.29280146956443787,0.28487104177474976,-0.03907402232289314,0.3005169928073883,0.21114270389080048,-0.0545780211687088,0.3092833161354065,0.1385607123374939,-0.0656772330403328,0.23017007112503052,0.4089582562446594,-0.03383857011795044,0.2462824583053589,0.2989601194858551,-0.058662205934524536,0.25728651881217957,0.23226410150527954,-0.08111689239740372,0.26905131340026855,0.1651419699192047,-0.09575723856687546,0.18576312065124512,0.4412682354450226,-0.04016152024269104,0.20625250041484833,0.37234920263290405,-0.06631146371364594,0.21621441841125488,0.4254610240459442,-0.06570037454366684,0.2250904142856598,0.4846067428588867,-0.06273166835308075
pinza_izquierda,0.1508435606956482,0.7075013518333435,3.9681202679275884e-07,0.19301405549049377,0.6823087334632874,-0.042227085679769516,0.21144765615463257,0.6145976781845093,-0.05904451012611389,0.1578114777803421,0.5705990791320801,-0.06856751441955566,0.10783088207244873,0.541568398475647,-0.07938378304243088,0.21707817912101746,0.47549742460250854,-0.039094388484954834,0.21623969078063965,0.3733767569065094,-0.0556887686252594,0.21062137186527252,0.3115549087524414,-0.0699901357293129,0.20601102709770203,0.25255119800567627,-0.08127917349338531,0.17641809582710266,0.45996612310409546,-0.0352691113948822,0.1756947785615921,0.34296029806137085,-0.05333096161484718,0.17211124300956726,0.2704412341117859,-0.06908006966114044,0.17304973304271698,0.1995728313922882,-0.07855002582073212,0.13985586166381836,0.4675315022468567,-0.034869782626628876,0.13437232375144958,0.3597411811351776,-0.06467227637767792,0.13191986083984375,0.29506880044937134,-0.0844508558511734,0.13419994711875916,0.22847199440002441,-0.09553465992212296,0.1036742627620697,0.49787020683288574,-0.03688123822212219,0.10083670169115067,0.43662306666374207,-0.06691689044237137,0.10231056809425354,0.48698264360427856,-0.06757262349128723,0.10780729353427887,0.5377459526062012,-0.06427653133869171
pinza_izquierda,0.17617367208003998,0.8751603960990906,2.89965498723177e-07,0.22052384912967682,0.8579360246658325,-0.036653291434049606,0.24954628944396973,0.8020929098129272,-0.05259419232606888,0.20026569068431854,0.7686364054679871,-0.06274013966321945,0.1466301530599594,0.7513476014137268,-0.07546697556972504,0.23951464891433716,0.6713074445724487,-0.03734287992119789,0.230423703789711,0.5794559717178345,-0.05192559212446213,0.21763016283512115,0.525200366973877,-0.06527113914489746,0.20810683071613312,0.47252482175827026,-0.07617418467998505,0.19941766560077667,0.6587144732475281,-0.03579704463481903,0.19039291143417358,0.5578794479370117,-0.05068754404783249,0.17861518263816833,0.4942362308502197,-0.06727419793605804,0.17290130257606506,0.42946940660476685,-0.07847677916288376,0.16586796939373016,0.6705124378204346,-0.036379508674144745,0.15372441709041595,0.5781041383743286,-0.06177234649658203,0.1428837776184082,0.5223829746246338,-0.07999301701784134,0.13866817951202393,0.4623839855194092,-0.09136158972978592,0.13410809636116028,0.7039593458175659,-0.03890184685587883,0.12773045897483826,0.6547538042068481,-0.06381901353597641,0.12873804569244385,0.7036279439926147,-0.06229214370250702,0.1365106701850891,0.7534731030464172,-0.05860364809632301
pinza_izquierda,0.22849878668785095,0.9400357007980347,3.219527116016252e-07,0.2698206305503845,0.9299466013908386,-0.035633958876132965,0.29200559854507446,0.888202965259552,-0.05155239999294281,0.24252907931804657,0.8697812557220459,-0.0616166926920414,0.19515055418014526,0.8615740537643433,-0.07362579554319382,0.27882224321365356,0.7652263641357422,-0.03640385717153549,0.2710355222225189,0.6927821040153503,-0.050888486206531525,0.2574017345905304,0.6494134664535522,-0.06338755786418915,0.24353010952472687,0.6051363945007324,-0.07343559712171555,0.24121405184268951,0.7555106282234192,-0.03351222723722458,0.22956044971942902,0.6699870824813843,-0.04854675754904747,0.21648353338241577,0.6186683773994446,-0.06372448801994324,0.20579445362091064,0.5653771162033081,-0.07326707988977432,0.21026110649108887,0.7683645486831665,-0.03249562531709671,0.1940716803073883,0.6909318566322327,-0.05703933909535408,0.18429870903491974,0.645816445350647,-0.07269247621297836,0.1779605597257614,0.5950437188148499,-0.08148463070392609,0.1822669506072998,0.8001477122306824,-0.0331743061542511,0.17469878494739532,0.76278156042099,-0.057603511959314346,0.179385706782341,0.8075666427612305,-0.05629415810108185,0.18916180729866028,0.8510777950286865,-0.05207551643252373
pinza_izquierda,0.29850417375564575,0.931699275970459,3.317100549793395e-07,0.34067970514297485,0.9183220863342285,-0.03145751357078552,0.3785732090473175,0.880999743938446,-0.04863346368074417,0.3426840901374817,0.8521072864532471,-0.06279025226831436,0.29176995158195496,0.8441818952560425,-0.07830236852169037,0.36819010972976685,0.7566360831260681,-0.030354304239153862,0.3660838007926941,0.6859031319618225,-0.04927593469619751,0.3572794198989868,0.6393760442733765,-0.06700892001390457,0.3458690643310547,0.594917893409729,-0.08022971451282501,0.32951614260673523,0.7450209856033325,-0.030369484797120094,0.3281310796737671,0.6666724681854248,-0.04470822215080261,0.31962403655052185,0.6122314929962158,-0.06149035692214966,0.31000691652297974,0.5616548657417297,-0.07452858984470367,0.2940332591533661,0.7552404999732971,-0.03302175924181938,0.2909175157546997,0.6812587380409241,-0.04852496460080147,0.28535589575767517,0.6314579248428345,-0.06123054772615433,0.27745574712753296,0.5864183902740479,-0.0701238214969635,0.2558125853538513,0.7819671034812927,-0.03834361210465431,0.24848797917366028,0.7254893779754639,-0.0522107370197773,0.2440749704837799,0.701633632183075,-0.054537344723939896,0.23895755410194397,0.6827824711799622,-0.05538845807313919
pinza_izquierda,0.4355124235153198,0.906251072883606,4.3723349563151714e-07,0.4767502248287201,0.9075902700424194,-0.02852291241288185,0.5133325457572937,0.8791819214820862,-0.04257970675826073,0.4851480722427368,0.8545642495155334,-0.05267884582281113,0.441172331571579,0.8490896821022034,-0.06623455882072449,0.49819791316986084,0.7546606063842773,-0.032149896025657654,0.5044028759002686,0.6879920959472656,-0.04416560009121895,0.5043808817863464,0.6447359323501587,-0.05598897486925125,0.5030968189239502,0.6014388203620911,-0.06541896611452103,0.4679688513278961,0.7426532506942749,-0.03271612524986267,0.47477465867996216,0.6678822040557861,-0.03872354328632355,0.47201594710350037,0.6189597845077515,-0.052512526512145996,0.47072941064834595,0.5700879096984863,-0.06402572244405746,0.4379963278770447,0.7517832517623901,-0.03448553755879402,0.44059574604034424,0.6906061768531799,-0.04887157678604126,0.43984362483024597,0.6471040844917297,-0.06762177497148514,0.4411582946777344,0.60265052318573,-0.0825679674744606,0.40524598956108093,0.7775047421455383,-0.037937212735414505,0.4098481833934784,0.7612686157226562,-0.05625303462147713,0.4182471036911011,0.7996516227722168,-0.06027115881443024,0.42944085597991943,0.8377426862716675,-0.06252504885196686
pinza_izquierda,0.49325305223464966,0.9009169936180115,4.44088641415874e-07,0.5375750660896301,0.9007158279418945,-0.027611274272203445,0.5808475017547607,0.8704579472541809,-0.04110788553953171,0.5644904375076294,0.8422985076904297,-0.05066317692399025,0.5211639404296875,0.8321791887283325,-0.06368878483772278,0.5629109144210815,0.7375130653381348,-0.031238585710525513,0.5709013938903809,0.6699371337890625,-0.04153841361403465,0.5719286203384399,0.6263595223426819,-0.05234570801258087,0.5711673498153687,0.5796456336975098,-0.06166684255003929,0.5312051773071289,0.7255716919898987,-0.03268507495522499,0.540216326713562,0.6502004265785217,-0.038295697420835495,0.5395299792289734,0.5990981459617615,-0.05331824719905853,0.5393610596656799,0.5461289882659912,-0.06636995077133179,0.4993494153022766,0.7353971004486084,-0.035089392215013504,0.5043793320655823,0.6751752495765686,-0.051148299127817154,0.5063469409942627,0.6251702904701233,-0.07344400137662888,0.5081297755241394,0.5739789009094238,-0.09133730828762054,0.46490639448165894,0.7623395323753357,-0.038884565234184265,0.482974648475647,0.7443645596504211,-0.05862266570329666,0.4975700080394745,0.7856114506721497,-0.06459935009479523,0.5101639628410339,0.8273791670799255,-0.06896074116230011
pinza_izquierda,0.5658900141716003,0.8929551839828491,4.555242298920348e-07,0.6103889346122742,0.8931970596313477,-0.02069646678864956,0.661360502243042,0.863610565662384,-0.03120809979736805,0.6565139889717102,0.8354505896568298,-0.03896046802401543,0.6164047718048096,0.8315710425376892,-0.05014675110578537,0.6395730972290039,0.7275048494338989,-0.026105519384145737,0.6548582315444946,0.6618083715438843,-0.0354839563369751,0.663743257522583,0.6208689212799072,-0.04447436332702637,0.6681755781173706,0.5774895548820496,-0.0522642508149147,0.608268141746521,0.7130611538887024,-0.031244734302163124,0.6218981146812439,0.6347597241401672,-0.037469495087862015,0.6263978481292725,0.5824037790298462,-0.05179579183459282,0.6280702948570251,0.5282048583030701,-0.06392399221658707,0.5752068161964417,0.7217532396316528,-0.03685646504163742,0.5909578204154968,0.6685837507247925,-0.054202575236558914,0.6018402576446533,0.6180176138877869,-0.07815583050251007,0.6089435815811157,0.5654309988021851,-0.09671691805124283,0.5396285653114319,0.7486044764518738,-0.043041881173849106,0.5697349905967712,0.739467442035675,-0.06206098198890686,0.5888218879699707,0.7810719013214111,-0.06856910139322281,0.601513147354126,0.8227469325065613,-0.07372748106718063
pinza_izquierda,0.5891666412353516,0.8943582773208618,5.05204127421166e-07,0.637179434299469,0.8933923840522766,-0.02075296640396118,0.6880947947502136,0.8702390193939209,-0.034430261701345444,0.6897500157356262,0.8415021896362305,-0.04620850458741188,0.654495358467102,0.8310289978981018,-0.0612415187060833,0.6736636161804199,0.7291934490203857,-0.02796465903520584,0.6966530680656433,0.6648772954940796,-0.03994600474834442,0.7095949649810791,0.6259803175926208,-0.0512717179954052,0.7188877463340759,0.5837480425834656,-0.06070041283965111,0.6438989043235779,0.7159487009048462,-0.03494695946574211,0.6671400666236877,0.6396813988685608,-0.04382343217730522,0.6760064959526062,0.585507869720459,-0.05970609933137894,0.6814319491386414,0.5305715799331665,-0.07335171848535538,0.6105116009712219,0.7246013879776001,-0.0426337905228138,0.6319050788879395,0.6686415672302246,-0.0625290647149086,0.6468924880027771,0.6209228038787842,-0.08597079664468765,0.6586021780967712,0.5725967288017273,-0.10396353155374527,0.5748099088668823,0.751764178276062,-0.050948482006788254,0.6101792454719543,0.7328464984893799,-0.0724453255534172,0.6307722926139832,0.7741938829421997,-0.07879075407981873,0.6442722678184509,0.818840742111206,-0.08345001190900803
pinza_izquierda,0.5870363712310791,0.8336629867553711,5.6184666163972e-07,0.6368219256401062,0.8288479447364807,-0.02780044823884964,0.691423237323761,0.7891230583190918,-0.04148691147565842,0.6861123442649841,0.747748851776123,-0.05120435729622841,0.6484090685844421,0.7291367650032043,-0.06378349661827087,0.6696667671203613,0.6374126672744751,-0.03168489411473274,0.6930797696113586,0.5614131689071655,-0.042525727301836014,0.7058547139167786,0.5136392712593079,-0.05307469516992569,0.7147129774093628,0.46330726146698,-0.0620245561003685,0.6363441348075867,0.6254284381866455,-0.034946296364068985,0.658678412437439,0.530312180519104,-0.045588403940200806,0.6699236035346985,0.4675196707248688,-0.061023712158203125,0.6783922910690308,0.40615135431289673,-0.07312998175621033,0.6017278432846069,0.6358262896537781,-0.03927326202392578,0.622501015663147,0.5588293075561523,-0.06150238215923309,0.6404977440834045,0.49840009212493896,-0.08383379131555557,0.6555271744728088,0.4401356279850006,-0.09960860013961792,0.5644515156745911,0.6664039492607117,-0.04463374987244606,0.6000591516494751,0.6234861016273499,-0.06674221158027649,0.6194876432418823,0.666201651096344,-0.06928219646215439,0.6319129467010498,0.716094434261322,-0.07018875330686569
pinza_izquierda,0.5511257648468018,0.7652083039283752,5.45124237305572e-07,0.604098916053772,0.7528397440910339,-0.029426362365484238,0.6586344838142395,0.6994523406028748,-0.042081817984580994,0.6535203456878662,0.6437684893608093,-0.05027245357632637,0.611415684223175,0.6244565844535828,-0.061303187161684036,0.636157214641571,0.5424532294273376,-0.030846841633319855,0.6614136695861816,0.454672634601593,-0.04128694161772728,0.6720678806304932,0.3991280794143677,-0.051740217953920364,0.6785621047019958,0.34298327565193176,-0.06076796352863312,0.6018006801605225,0.5291138887405396,-0.0335567407310009,0.6294206380844116,0.42412132024765015,-0.0432918407022953,0.6430065035820007,0.35500380396842957,-0.057770971208810806,0.6523356437683105,0.28942692279815674,-0.06908945739269257,0.5649747252464294,0.5409976840019226,-0.03768076375126839,0.5862721800804138,0.4460351765155792,-0.060644544661045074,0.6060022115707397,0.38008055090904236,-0.0828590840101242,0.6205105781555176,0.31806907057762146,-0.0980878695845604,0.5250349044799805,0.5754580497741699,-0.042867571115493774,0.5611832141876221,0.514885663986206,-0.06572861969470978,0.57896888256073,0.558854877948761,-0.06655675172805786,0.5867879390716553,0.6119662523269653,-0.06587139517068863
pinza_izquierda,0.5265693068504333,0.7236778736114502,5.326091354618256e-07,0.582467794418335,0.7043290734291077,-0.02866213023662567,0.6341436505317688,0.640632152557373,-0.03935038670897484,0.6211227774620056,0.5828154683113098,-0.04572198539972305,0.5785168409347534,0.5584785342216492,-0.05474851280450821,0.6069332957267761,0.4891223907470703,-0.02680267207324505,0.6299561858177185,0.39825862646102905,-0.03670230135321617,0.6400483250617981,0.34227168560028076,-0.046860333532094955,0.6456931829452515,0.28645509481430054,-0.05572989583015442,0.5707542300224304,0.47608280181884766,-0.02992696687579155,0.5935417413711548,0.36476558446884155,-0.038945961743593216,0.6051709055900574,0.294278085231781,-0.05329575017094612,0.6126225590705872,0.2280617356300354,-0.06435486674308777,0.533989667892456,0.489546000957489,-0.03488140553236008,0.5519295334815979,0.38586267828941345,-0.058801084756851196,0.570223331451416,0.31713148951530457,-0.0822681337594986,0.5825526714324951,0.2515978515148163,-0.09817899763584137,0.49490129947662354,0.5261328220367432,-0.040693145245313644,0.5299133062362671,0.45952051877975464,-0.06660192459821701,0.5497544407844543,0.5038461685180664,-0.06892289966344833,0.5583878755569458,0.5559852719306946,-0.06871098279953003
pinza_izquierda,0.4788185656070709,0.684022068977356,4.954193855155609e-07,0.5384735465049744,0.6613961458206177,-0.029125023633241653,0.5905075669288635,0.5880388021469116,-0.037914663553237915,0.5735493898391724,0.5234825015068054,-0.042429905384778976,0.5261080265045166,0.49963927268981934,-0.04984269291162491,0.5604156851768494,0.43630626797676086,-0.024624129757285118,0.5812718868255615,0.3371986150741577,-0.033331748098134995,0.5883833765983582,0.27719444036483765,-0.04264768213033676,0.591825544834137,0.21818573772907257,-0.05122913792729378,0.5216926336288452,0.4225868880748749,-0.027573756873607635,0.5377702713012695,0.30597954988479614,-0.03539223596453667,0.545526921749115,0.23237504065036774,-0.04958134517073631,0.5511164665222168,0.16297870874404907,-0.06068040803074837,0.4836314916610718,0.43677636981010437,-0.03246111795306206,0.496956467628479,0.3240947127342224,-0.057541463524103165,0.5116228461265564,0.2547226548194885,-0.08209101855754852,0.521531343460083,0.1872691810131073,-0.09849557280540466,0.44423770904541016,0.47587478160858154,-0.03806193917989731,0.4726414382457733,0.4025755524635315,-0.0667896643280983,0.494077205657959,0.449307382106781,-0.070132315158844,0.5061702132225037,0.5041844844818115,-0.07002531737089157
pinza_izquierda,0.4264403283596039,0.669573962688446,4.976831746716925e-07,0.4869470000267029,0.6421372294425964,-0.030862122774124146,0.5343286395072937,0.5634952783584595,-0.040332525968551636,0.5012082457542419,0.5005293488502502,-0.045090220868587494,0.44968312978744507,0.4733297526836395,-0.0525255911052227,0.5079334378242493,0.4125761091709137,-0.02495672181248665,0.5217325091362,0.30817997455596924,-0.03397850692272186,0.5245324969291687,0.24345509707927704,-0.04340757429599762,0.523508608341217,0.18037301301956177,-0.05205833166837692,0.4659978151321411,0.39934879541397095,-0.02767304703593254,0.4813360869884491,0.2799707055091858,-0.03517027944326401,0.4863322973251343,0.2032284438610077,-0.049435198307037354,0.4891064763069153,0.1306728720664978,-0.06067342311143875,0.4257947504520416,0.41502049565315247,-0.03277422487735748,0.4373645484447479,0.30099061131477356,-0.05819224193692207,0.44722482562065125,0.22804298996925354,-0.08348320424556732,0.452738881111145,0.15687385201454163,-0.10060098767280579,0.38459154963493347,0.45543837547302246,-0.03877844661474228,0.4110492169857025,0.3785499334335327,-0.06781876087188721,0.43167567253112793,0.42545410990715027,-0.071186363697052,0.4443647265434265,0.4806744456291199,-0.07135338336229324
pinza_izquierda,0.3433588147163391,0.6490546464920044,4.781167035616818e-07,0.4072714149951935,0.621065616607666,-0.03074643760919571,0.4532265365123749,0.5392670631408691,-0.03842645138502121,0.41414669156074524,0.4731711745262146,-0.04125567898154259,0.3625320494174957,0.44547078013420105,-0.04654036462306976,0.43303874135017395,0.3926869332790375,-0.023217089474201202,0.44392773509025574,0.2881041169166565,-0.03221207112073898,0.4461832344532013,0.22234737873077393,-0.04103231057524681,0.4452873468399048,0.16068685054779053,-0.04916628822684288,0.39031699299812317,0.37620508670806885,-0.025293953716754913,0.4022170901298523,0.25354328751564026,-0.03269601985812187,0.4059792757034302,0.17910408973693848,-0.04571765288710594,0.40831419825553894,0.11269021034240723,-0.055301256477832794,0.35011258721351624,0.3898400664329529,-0.029894929379224777,0.3564632534980774,0.276166170835495,-0.05428687855601311,0.36390113830566406,0.20303520560264587,-0.07845678180456161,0.368755578994751,0.13406866788864136,-0.0945129543542862,0.3081405758857727,0.4268060028553009,-0.03562882915139198,0.3276728391647339,0.35727643966674805,-0.06497611105442047,0.3431198000907898,0.40163493156433105,-0.06922153383493423,0.35198545455932617,0.4525477886199951,-0.06937392055988312
pinza_izquierda,0.30164116621017456,0.6462150812149048,4.838930180994794e-07,0.36520007252693176,0.6145648956298828,-0.03041716106235981,0.4106348752975464,0.5366210341453552,-0.038887545466423035,0.3706026077270508,0.4706479609012604,-0.04273794963955879,0.3190496861934662,0.4432905316352844,-0.04891997575759888,0.39084216952323914,0.38534775376319885,-0.020780062302947044,0.40081164240837097,0.28056907653808594,-0.029547041282057762,0.4035591185092926,0.21581795811653137,-0.03868390992283821,0.40403440594673157,0.1542527973651886,-0.047080155462026596,0.34748324751853943,0.3711116909980774,-0.02336585521697998,0.3579082190990448,0.2478705793619156,-0.03220406174659729,0.3611580729484558,0.1722555011510849,-0.04639781266450882,0.3649769127368927,0.10358572006225586,-0.056497521698474884,0.3071165084838867,0.38475242257118225,-0.028648264706134796,0.3111410140991211,0.26746535301208496,-0.0543096698820591,0.3173300623893738,0.193710595369339,-0.07826936990022659,0.3227207362651825,0.12351110577583313,-0.0936398059129715,0.2647870182991028,0.4216906726360321,-0.03503868356347084,0.2819518446922302,0.3456921875476837,-0.06278908252716064,0.29825568199157715,0.39201292395591736,-0.06507805734872818,0.3108632564544678,0.44776421785354614,-0.06401748210191727
pinza_izquierda,0.26065343618392944,0.6434240341186523,4.7501339395239484e-07,0.3168753385543823,0.6062984466552734,-0.0330958366394043,0.34963464736938477,0.5261415839195251,-0.043386343866586685,0.30010464787483215,0.4676220417022705,-0.049001675099134445,0.25071021914482117,0.4360196590423584,-0.05644625425338745,0.3340255618095398,0.381731241941452,-0.02302435226738453,0.34123551845550537,0.27881568670272827,-0.03373875096440315,0.3409578800201416,0.2126302868127823,-0.044472694396972656,0.33868658542633057,0.14969444274902344,-0.05382947251200676,0.2923617660999298,0.3693590760231018,-0.024331046268343925,0.30093178153038025,0.2482513040304184,-0.03590923175215721,0.30282264947891235,0.17017799615859985,-0.0503103993833065,0.3051937520503998,0.09729492664337158,-0.06003255024552345,0.2542257606983185,0.38200101256370544,-0.02882423810660839,0.25598394870758057,0.26431310176849365,-0.05503315478563309,0.25971072912216187,0.19180718064308167,-0.07755789160728455,0.26286277174949646,0.12214872241020203,-0.09163371473550797,0.21485194563865662,0.4177759885787964,-0.03497466817498207,0.2272660732269287,0.34132957458496094,-0.06309890002012253,0.23981302976608276,0.38738691806793213,-0.06490613520145416,0.24991951882839203,0.4414988160133362,-0.06316115707159042
pinza_izquierda,0.14063680171966553,0.6456358432769775,5.007135541745811e-07,0.18320095539093018,0.6174710988998413,-0.05296008661389351,0.20112986862659454,0.5369985699653625,-0.07290161401033401,0.14773665368556976,0.47322630882263184,-0.08440284430980682,0.09351012110710144,0.4319714903831482,-0.09613648056983948,0.2015104442834854,0.38896822929382324,-0.041501112282276154,0.19979046285152435,0.27988943457603455,-0.05939041078090668,0.19231310486793518,0.21209397912025452,-0.07593144476413727,0.18417249619960785,0.14839355647563934,-0.08940640836954117,0.15858837962150574,0.376239150762558,-0.034078724682331085,0.15815147757530212,0.25240761041641235,-0.051682040095329285,0.15595871210098267,0.1743457168340683,-0.0703788548707962,0.1544397920370102,0.09975814819335938,-0.08313862979412079,0.11968164891004562,0.3877553939819336,-0.03162583336234093,0.11333491653203964,0.2701754570007324,-0.06094600260257721,0.11152245104312897,0.19783742725849152,-0.08502785116434097,0.11008476465940475,0.12853112816810608,-0.10023374110460281,0.08172982931137085,0.4181002974510193,-0.03279713913798332,0.07817012071609497,0.34577953815460205,-0.06364797800779343,0.08574167639017105,0.3791278898715973,-0.06964416056871414,0.09338074922561646,0.4193052053451538,-0.071064792573452
pinza_izquierda,0.151539146900177,0.7276344299316406,5.196457664169429e-07,0.21286043524742126,0.6850306391716003,-0.04448074847459793,0.2500535249710083,0.5870035886764526,-0.05791710689663887,0.1877334713935852,0.515490710735321,-0.06433597952127457,0.12435956299304962,0.4788476228713989,-0.07273394614458084,0.23196633160114288,0.42662516236305237,-0.028843004256486893,0.234544575214386,0.3051970601081848,-0.04104886204004288,0.2291376292705536,0.23118379712104797,-0.05402880534529686,0.2230927050113678,0.16073760390281677,-0.06559925526380539,0.1813245713710785,0.4115595817565918,-0.02642938308417797,0.1850096583366394,0.2717316746711731,-0.03992144763469696,0.18200522661209106,0.18456026911735535,-0.05799945443868637,0.18094559013843536,0.10150006413459778,-0.0702136754989624,0.1357470452785492,0.4242776036262512,-0.02804432436823845,0.13416609168052673,0.29229646921157837,-0.058163661509752274,0.13528750836849213,0.2101704478263855,-0.08375696837902069,0.13778936862945557,0.1264265775680542,-0.09988735616207123,0.08939524739980698,0.46258780360221863,-0.032037217170000076,0.09336564689874649,0.3768270015716553,-0.06518293917179108,0.10548721253871918,0.430471271276474,-0.06723923236131668,0.11868979036808014,0.48893487453460693,-0.06511295586824417
pinza_izquierda,0.19276994466781616,0.7248186469078064,5.08001164689631e-07,0.25942564010620117,0.6795048117637634,-0.0397690050303936,0.3024541139602661,0.5842710733413696,-0.05085420235991478,0.24578815698623657,0.5168524384498596,-0.05607737973332405,0.18320824205875397,0.48710688948631287,-0.06368538737297058,0.2788636088371277,0.42522233724594116,-0.02688610553741455,0.2839002311229706,0.3068583905696869,-0.0387604683637619,0.28234609961509705,0.23337285220623016,-0.0502820760011673,0.27874159812927246,0.16078639030456543,-0.0608687587082386,0.22991736233234406,0.4073796570301056,-0.02735966071486473,0.23557020723819733,0.26602405309677124,-0.04242765158414841,0.23523610830307007,0.1797705888748169,-0.05935507267713547,0.23449352383613586,0.09669181704521179,-0.06980051100254059,0.1856401413679123,0.41995400190353394,-0.031115246936678886,0.18605078756809235,0.2872466444969177,-0.06197596341371536,0.18736784160137177,0.20634342730045319,-0.08484814316034317,0.19002142548561096,0.12300565838813782,-0.09806187450885773,0.14028242230415344,0.459751158952713,-0.0368938073515892,0.1443309485912323,0.3706344664096832,-0.0677720457315445,0.15492558479309082,0.4226490557193756,-0.06584159284830093,0.16778147220611572,0.4814475178718567,-0.06061491742730141
pinza_izquierda,0.25491514801979065,0.7386059761047363,4.894436074209807e-07,0.3250896632671356,0.7008975148200989,-0.03581990674138069,0.37656354904174805,0.609507143497467,-0.044530052691698074,0.32709547877311707,0.5389942526817322,-0.04773304983973503,0.266122967004776,0.5109804272651672,-0.05388766899704933,0.3486756384372711,0.44000816345214844,-0.02263743430376053,0.35855644941329956,0.32396966218948364,-0.03166451305150986,0.35659536719322205,0.25185835361480713,-0.04182009398937225,0.3532610535621643,0.18050792813301086,-0.05160597339272499,0.3000235855579376,0.4224037528038025,-0.02468496561050415,0.3117559254169464,0.2886687219142914,-0.03713679686188698,0.31230610609054565,0.20297107100486755,-0.053514525294303894,0.3146141469478607,0.11819705367088318,-0.0638987272977829,0.25569385290145874,0.4368370771408081,-0.029715513810515404,0.2617434859275818,0.3059321641921997,-0.06090964004397392,0.2671327292919159,0.22701194882392883,-0.08550877869129181,0.2737133800983429,0.1435798704624176,-0.09976173937320709,0.21103955805301666,0.48205429315567017,-0.03606923297047615,0.22466792166233063,0.39275118708610535,-0.06900597363710403,0.2392415553331375,0.4513219892978668,-0.06818237155675888,0.2539421021938324,0.5163797736167908,-0.06321584433317184
pinza_izquierda,0.29012325406074524,0.735137939453125,4.697189126545709e-07,0.36192116141319275,0.6988872289657593,-0.03212757408618927,0.4177909195423126,0.613086462020874,-0.040643155574798584,0.37455588579177856,0.5455805063247681,-0.04431995749473572,0.31699439883232117,0.5201002359390259,-0.050839900970458984,0.38746264576911926,0.4417424499988556,-0.02227400243282318,0.3995935916900635,0.32794368267059326,-0.031773850321769714,0.402914822101593,0.2574751377105713,-0.04149323329329491,0.40446290373802185,0.18808495998382568,-0.05067431181669235,0.34035685658454895,0.4264863431453705,-0.026259377598762512,0.35354098677635193,0.2909376323223114,-0.03813779726624489,0.3560629189014435,0.2082250714302063,-0.05304577946662903,0.3579101860523224,0.12632647156715393,-0.06295109540224075,0.29557234048843384,0.4428032338619232,-0.03280836343765259,0.3048476278781891,0.3120029866695404,-0.06233269348740578,0.3115963637828827,0.23375269770622253,-0.08449885249137878,0.3162093758583069,0.15234851837158203,-0.09744977951049805,0.24917009472846985,0.48832523822784424,-0.04040524363517761,0.2671991288661957,0.3910760283470154,-0.0681057721376419,0.28268182277679443,0.44274380803108215,-0.06377952545881271,0.2936026155948639,0.5043149590492249,-0.057617150247097015
pinza_izquierda,0.33822888135910034,0.7543964385986328,5.23781409356161e-07,0.4114558696746826,0.7254559993743896,-0.03600047528743744,0.4682902991771698,0.6413546204566956,-0.04527878388762474,0.42371436953544617,0.5679032206535339,-0.048840537667274475,0.36320725083351135,0.5381013751029968,-0.05610558018088341,0.4399593770503998,0.46944424510002136,-0.027741581201553345,0.4605124592781067,0.35687974095344543,-0.03717003017663956,0.46543070673942566,0.2860398292541504,-0.048142071813344955,0.467914342880249,0.21413370966911316,-0.058709848672151566,0.39362797141075134,0.450912743806839,-0.030071040615439415,0.4120660424232483,0.3190772533416748,-0.039180245250463486,0.4176231622695923,0.23447325825691223,-0.05588173866271973,0.42449280619621277,0.1510552167892456,-0.06834796071052551,0.34985122084617615,0.46567240357398987,-0.034926529973745346,0.3624177575111389,0.3357959985733032,-0.06445760279893875,0.3723946809768677,0.2568707764148712,-0.09140779823064804,0.381812185049057,0.17459771037101746,-0.10869034379720688,0.30424419045448303,0.5119220614433289,-0.04089292883872986,0.32338017225265503,0.41991278529167175,-0.07445470988750458,0.34190094470977783,0.4770662486553192,-0.07554825395345688,0.35743996500968933,0.544035792350769,-0.07266351580619812
pinza_izquierda,0.4131484925746918,0.7380893230438232,5.083472842670744e-07,0.4812222719192505,0.7027446031570435,-0.036127179861068726,0.5324221253395081,0.6170393228530884,-0.044821545481681824,0.48682495951652527,0.5456972122192383,-0.04724282771348953,0.42646586894989014,0.5235846042633057,-0.052452921867370605,0.5009192228317261,0.4475904405117035,-0.028240812942385674,0.5172951221466064,0.33326828479766846,-0.037013888359069824,0.5172577500343323,0.26167556643486023,-0.04688138887286186,0.5139060020446777,0.18829062581062317,-0.05654345080256462,0.45360228419303894,0.43111008405685425,-0.029918525367975235,0.4672449231147766,0.2980334758758545,-0.040803875774145126,0.47008275985717773,0.21276763081550598,-0.05602167919278145,0.4731660783290863,0.12775245308876038,-0.0664641335606575,0.4099099636077881,0.44844546914100647,-0.03395301103591919,0.4193301796913147,0.3206847906112671,-0.06288671493530273,0.4294407367706299,0.24208033084869385,-0.08578279614448547,0.4380022883415222,0.158262699842453,-0.09924698621034622,0.36580997705459595,0.49965202808380127,-0.03934132307767868,0.38337936997413635,0.4044282138347626,-0.06770515441894531,0.40287744998931885,0.45674023032188416,-0.0637422725558281,0.4183748960494995,0.5201161503791809,-0.05741502717137337
pinza_izquierda,0.45872071385383606,0.7397131323814392,5.081514586890989e-07,0.527674674987793,0.7047982215881348,-0.031587015837430954,0.5842003226280212,0.6167604923248291,-0.03924527391791344,0.5445991158485413,0.5454741716384888,-0.04166964069008827,0.48179155588150024,0.5343078970909119,-0.04699474200606346,0.548229455947876,0.44879135489463806,-0.024714406579732895,0.5647626519203186,0.3331718444824219,-0.032985370606184006,0.5701850652694702,0.26117050647735596,-0.04139183089137077,0.572982668876648,0.1901342272758484,-0.04964106157422066,0.5015580058097839,0.4330308139324188,-0.028685713186860085,0.5173074007034302,0.2956330180168152,-0.04075145721435547,0.5235273241996765,0.20974066853523254,-0.05493876710534096,0.5278649926185608,0.12723800539970398,-0.06386634707450867,0.4596443772315979,0.44973716139793396,-0.03451167047023773,0.4707806408405304,0.32274430990219116,-0.06287036836147308,0.48018497228622437,0.2434193342924118,-0.08346905559301376,0.4873351752758026,0.16179996728897095,-0.09496398270130157,0.41693922877311707,0.4988171458244324,-0.04145987331867218,0.4352688491344452,0.39959263801574707,-0.06524339318275452,0.45269349217414856,0.4501658082008362,-0.05763780325651169,0.4669167101383209,0.5134506225585938,-0.04946339875459671
pinza_izquierda,0.5046964287757874,0.7475770711898804,4.849985657529032e-07,0.5772418975830078,0.7233879566192627,-0.036666423082351685,0.6348962783813477,0.6385824680328369,-0.0472707636654377,0.599308431148529,0.5667757391929626,-0.051736362278461456,0.5424085855484009,0.5397462248802185,-0.059260495007038116,0.6011254787445068,0.4648597836494446,-0.03354034200310707,0.6197608113288879,0.348833829164505,-0.04641333594918251,0.6276854276657104,0.2784290313720703,-0.05764224752783775,0.632647693157196,0.20861637592315674,-0.06744690239429474,0.5546205043792725,0.4463558793067932,-0.03589734435081482,0.5686129331588745,0.3066070079803467,-0.048584889620542526,0.5746471285820007,0.22127684950828552,-0.064640574157238,0.5793989896774292,0.1423145830631256,-0.07606411725282669,0.5111619830131531,0.4616250693798065,-0.04070166498422623,0.5235481262207031,0.33276140689849854,-0.07200487703084946,0.5358898043632507,0.25270742177963257,-0.09810139983892441,0.5452556014060974,0.17513591051101685,-0.11454484611749649,0.46643421053886414,0.5079178810119629,-0.04662078246474266,0.4923875629901886,0.42263802886009216,-0.07796567678451538,0.5122449994087219,0.47694864869117737,-0.07789250463247299,0.5244054198265076,0.5402946472167969,-0.0750148594379425
pinza_izquierda,0.5685136318206787,0.7476047277450562,5.640466724798898e-07,0.6374944448471069,0.7208535075187683,-0.03716990724205971,0.6979929208755493,0.6351423263549805,-0.05109913647174835,0.6725372076034546,0.5645500421524048,-0.05893606320023537,0.6151471138000488,0.5439440011978149,-0.07050327211618423,0.6639596819877625,0.4639623761177063,-0.04073835909366608,0.6868090629577637,0.3551098704338074,-0.055101122707128525,0.6988566517829895,0.28783172369003296,-0.06889629364013672,0.7084614038467407,0.21809595823287964,-0.08119114488363266,0.6174607276916504,0.4458261728286743,-0.043936215341091156,0.6342796683311462,0.308307021856308,-0.05723879113793373,0.6453044414520264,0.22277361154556274,-0.07531240582466125,0.6547141075134277,0.1415344774723053,-0.08943194895982742,0.574528694152832,0.46218881011009216,-0.04876498505473137,0.5886482000350952,0.33190494775772095,-0.07967466861009598,0.6043294668197632,0.2492619901895523,-0.1073543056845665,0.6176072359085083,0.1704738438129425,-0.12609311938285828,0.5306452512741089,0.5077634453773499,-0.05474068224430084,0.5593067407608032,0.41965508460998535,-0.08657244592905045,0.5794541835784912,0.47101834416389465,-0.08772295713424683,0.5929152965545654,0.5325631499290466,-0.08657814562320709
pinza_izquierda,0.6241211891174316,0.7360801696777344,7.003925475146389e-07,0.6930979490280151,0.7187047004699707,-0.03990061208605766,0.7586812973022461,0.6436204314231873,-0.054979655891656876,0.7450653314590454,0.5720876455307007,-0.06385460495948792,0.6892836093902588,0.5425034761428833,-0.075736403465271,0.7239525318145752,0.46157822012901306,-0.0399746298789978,0.7564532160758972,0.3554416298866272,-0.05506528541445732,0.7729711532592773,0.28658631443977356,-0.06934913247823715,0.7838306427001953,0.2177540361881256,-0.08121407777070999,0.6797291040420532,0.4419381320476532,-0.04111663997173309,0.7077142000198364,0.30998992919921875,-0.05437019467353821,0.7233942747116089,0.22471019625663757,-0.07294375449419022,0.7339075803756714,0.14298704266548157,-0.0871281549334526,0.6351238489151001,0.4546641707420349,-0.04453060403466225,0.6589604616165161,0.3366268277168274,-0.07398851215839386,0.6840513944625854,0.25532373785972595,-0.10324914008378983,0.7003757953643799,0.17945560812950134,-0.12320030480623245,0.58891761302948,0.49401530623435974,-0.04955242574214935,0.628198504447937,0.42494022846221924,-0.08092764019966125,0.6530866622924805,0.47502124309539795,-0.08528511971235275,0.6645298004150391,0.5353240966796875,-0.08616749942302704
pinza_izquierda,0.6860402226448059,0.7557058334350586,6.954079481147346e-07,0.7553128600120544,0.7386431097984314,-0.03899574279785156,0.8232070803642273,0.6653242111206055,-0.055372148752212524,0.8202891945838928,0.5920290350914001,-0.06579871475696564,0.7641403675079346,0.5683483481407166,-0.07916758209466934,0.7834845185279846,0.4805675446987152,-0.041698064655065536,0.8132345080375671,0.37457963824272156,-0.05655387043952942,0.8293179869651794,0.3093155324459076,-0.07009800523519516,0.8419754505157471,0.2428433895111084,-0.08174970000982285,0.7401129603385925,0.46492069959640503,-0.04398448020219803,0.7679858207702637,0.3325977921485901,-0.060307472944259644,0.786419153213501,0.2477514147758484,-0.07879606634378433,0.8007651567459106,0.16565680503845215,-0.09270017594099045,0.6962385773658752,0.48010268807411194,-0.04834102839231491,0.7220540642738342,0.35997244715690613,-0.08091752231121063,0.7492236495018005,0.2789621353149414,-0.10906040668487549,0.7689580321311951,0.2026294469833374,-0.12764520943164825,0.6515951156616211,0.5216715931892395,-0.054174747318029404,0.6990329027175903,0.4462969899177551,-0.0855991318821907,0.7222024202346802,0.49959978461265564,-0.08850619196891785,0.7315949201583862,0.5634062886238098,-0.08894992619752884
pinza_izquierda,0.7351518869400024,0.750802755355835,6.59056922813761e-07,0.8065704107284546,0.7303686738014221,-0.0340748131275177,0.8771381974220276,0.6567335724830627,-0.047098640352487564,0.8827544450759888,0.5815281867980957,-0.05521981045603752,0.8257384300231934,0.5654805898666382,-0.06661812216043472,0.8352760076522827,0.475062757730484,-0.032531093806028366,0.8670810461044312,0.37095510959625244,-0.043949563056230545,0.883652925491333,0.3067803978919983,-0.05565367639064789,0.8950816988945007,0.24272024631500244,-0.06621706485748291,0.7951955199241638,0.46008333563804626,-0.036529697477817535,0.8260053992271423,0.3333534002304077,-0.05187036469578743,0.8436191082000732,0.24868401885032654,-0.0701153501868248,0.8545507788658142,0.16652721166610718,-0.08320023119449615,0.7533015012741089,0.4756350815296173,-0.04242542386054993,0.7840732932090759,0.36043936014175415,-0.07454290986061096,0.8127020001411438,0.27805984020233154,-0.10288835316896439,0.8324040770530701,0.19781234860420227,-0.12102801352739334,0.7085744738578796,0.5181236267089844,-0.049246713519096375,0.7610098719596863,0.44221675395965576,-0.07944388687610626,0.7850610613822937,0.4950404167175293,-0.08162963390350342,0.7952396273612976,0.5572965741157532,-0.08142506331205368
pinza_izquierda,0.7421444058418274,0.7562516331672668,6.372916345753765e-07,0.8138739466667175,0.7365099787712097,-0.029236527159810066,0.8865505456924438,0.6637500524520874,-0.039859920740127563,0.8968381285667419,0.5890233516693115,-0.046472229063510895,0.8403938412666321,0.5771031379699707,-0.05608940124511719,0.8472897410392761,0.4832437038421631,-0.02688116766512394,0.8796901702880859,0.38154804706573486,-0.03636927157640457,0.8969782590866089,0.3189585208892822,-0.046709559857845306,0.9102280139923096,0.2553342878818512,-0.05679403617978096,0.8071283102035522,0.467471718788147,-0.0329744927585125,0.8382694721221924,0.34210288524627686,-0.04915126413106918,0.8572194576263428,0.25931522250175476,-0.06650829315185547,0.8703712821006775,0.17725494503974915,-0.07830993831157684,0.7653312087059021,0.4830518960952759,-0.04054080694913864,0.7969539165496826,0.37056228518486023,-0.07349716126918793,0.8274140954017639,0.2926977872848511,-0.09887594729661942,0.8501718044281006,0.21483954787254333,-0.11374663561582565,0.7220544815063477,0.5260313153266907,-0.048674244433641434,0.7771807909011841,0.4453045725822449,-0.07686831802129745,0.7993500828742981,0.4977603256702423,-0.07543182373046875,0.8078294992446899,0.5600733757019043,-0.07238171994686127
pinza_izquierda,0.7430553436279297,0.7539220452308655,6.316503231573734e-07,0.815528929233551,0.733944296836853,-0.02835419960319996,0.8863670229911804,0.6595857739448547,-0.03873793035745621,0.8973606824874878,0.5848197340965271,-0.04540387913584709,0.8422607183456421,0.5718442797660828,-0.054976802319288254,0.8474391102790833,0.4777129590511322,-0.02580268308520317,0.8796868920326233,0.3754206895828247,-0.03546905890107155,0.8968522548675537,0.3136237859725952,-0.045825786888599396,0.909953236579895,0.2508900761604309,-0.0558600090444088,0.807280421257019,0.4626920521259308,-0.0324578657746315,0.8385908603668213,0.33681243658065796,-0.04985274001955986,0.8573442697525024,0.2539135813713074,-0.06753145158290863,0.8702093362808228,0.17218685150146484,-0.07917915284633636,0.7655174732208252,0.4793262183666229,-0.04057953506708145,0.7965618968009949,0.36520934104919434,-0.07410760223865509,0.8268268704414368,0.2883821129798889,-0.09853587299585342,0.8500527739524841,0.2107660472393036,-0.11231400817632675,0.7221199870109558,0.524205207824707,-0.04920971766114235,0.775943398475647,0.4389415979385376,-0.07699355483055115,0.7985541224479675,0.4901103973388672,-0.07446645200252533,0.8079646229743958,0.5521900057792664,-0.07047013938426971
pinza_izquierda,0.7378023862838745,0.7552627325057983,6.316860208244179e-07,0.8095149993896484,0.7372248768806458,-0.029679780825972557,0.880603551864624,0.6636146306991577,-0.040603671222925186,0.890122652053833,0.5896783471107483,-0.047589220106601715,0.8368687629699707,0.5699570178985596,-0.05736095458269119,0.8404740691184998,0.4779145121574402,-0.025878405198454857,0.8729112148284912,0.37541764974594116,-0.0362766832113266,0.8918704986572266,0.31381112337112427,-0.047150157392024994,0.9063081741333008,0.25177088379859924,-0.05728664994239807,0.800711452960968,0.4628521203994751,-0.03183431550860405,0.831849992275238,0.3353721499443054,-0.04877584055066109,0.8507131934165955,0.25375959277153015,-0.06674139946699142,0.8638854026794434,0.1731230914592743,-0.07881119102239609,0.7595614194869995,0.4788905680179596,-0.039537157863378525,0.7910417914390564,0.3662266433238983,-0.07257139682769775,0.8214640021324158,0.288443922996521,-0.09794280678033829,0.8441492915153503,0.20999667048454285,-0.1129191666841507,0.7157055735588074,0.5227305889129639,-0.04798047989606857,0.7686931490898132,0.44286400079727173,-0.07698347419500351,0.7924290299415588,0.49620380997657776,-0.07622964680194855,0.8026432394981384,0.5592349171638489,-0.07345669716596603
pinza_izquierda,0.7245453596115112,0.7490254640579224,6.591741907868709e-07,0.7946361303329468,0.7320809960365295,-0.03305988013744354,0.8663731217384338,0.6589465141296387,-0.04563818499445915,0.8720197677612305,0.5835071802139282,-0.053460534662008286,0.8178511261940002,0.560743510723114,-0.06407953798770905,0.8286911845207214,0.47602757811546326,-0.031067809090018272,0.8601530194282532,0.37178167700767517,-0.041276536881923676,0.8771634101867676,0.30817776918411255,-0.051934126764535904,0.8904027342796326,0.2443496286869049,-0.06225328519940376,0.7871090769767761,0.4589196741580963,-0.03557249531149864,0.8162857890129089,0.3297964036464691,-0.05059215798974037,0.8356043100357056,0.24741259217262268,-0.0687120258808136,0.849452018737793,0.167642742395401,-0.0818825215101242,0.744676411151886,0.4733901917934418,-0.04173729568719864,0.773439884185791,0.35620978474617004,-0.07366836816072464,0.8038249015808105,0.27639973163604736,-0.1007586196064949,0.8257489800453186,0.19813773036003113,-0.1181645467877388,0.6996137499809265,0.5146329402923584,-0.048873867839574814,0.7514901161193848,0.4380916357040405,-0.08031490445137024,0.7776561379432678,0.49126362800598145,-0.08269236981868744,0.7884699702262878,0.552945077419281,-0.08229929208755493
pinza_izquierda,0.7040964365005493,0.7334096431732178,6.513656671813806e-07,0.7762290239334106,0.7192747592926025,-0.03925405815243721,0.8484615087509155,0.6479964256286621,-0.05432717129588127,0.8485022783279419,0.5732360482215881,-0.06333845108747482,0.7930075526237488,0.5520625114440918,-0.07548069953918457,0.8116607069969177,0.4644683003425598,-0.03842923790216446,0.8381354212760925,0.3570924997329712,-0.05133936181664467,0.852212131023407,0.28932181000709534,-0.06433229148387909,0.8628387451171875,0.22170919179916382,-0.07613886892795563,0.7695236206054688,0.44853439927101135,-0.04083428904414177,0.7954704165458679,0.3198952376842499,-0.05507493391633034,0.8124433159828186,0.23602044582366943,-0.07477141171693802,0.8240260481834412,0.15566861629486084,-0.09003803879022598,0.7273121476173401,0.4631001353263855,-0.045225732028484344,0.7530907988548279,0.3457103669643402,-0.07599516957998276,0.779033899307251,0.26526427268981934,-0.10404276102781296,0.7984604835510254,0.18569883704185486,-0.12333819270133972,0.6822318434715271,0.5040266513824463,-0.051296744495630264,0.7295819520950317,0.4300396144390106,-0.0838315337896347,0.752044141292572,0.4836694002151489,-0.0876019224524498,0.7614670991897583,0.5441288352012634,-0.0885125994682312
pinza_izquierda,0.48792147636413574,0.7455300092697144,6.108431307438877e-07,0.5617747902870178,0.7277858257293701,-0.03878773748874664,0.625572681427002,0.6516224145889282,-0.05075005441904068,0.5947312116622925,0.5785338282585144,-0.056356169283390045,0.5360699892044067,0.5450730919837952,-0.06517936289310455,0.6078976392745972,0.470445841550827,-0.03293650597333908,0.6350640654563904,0.35886716842651367,-0.04359063506126404,0.6467832326889038,0.2878825068473816,-0.05505051091313362,0.6550367474555969,0.21668601036071777,-0.0655694305896759,0.5617494583129883,0.44720232486724854,-0.03446761146187782,0.5849388837814331,0.31509703397750854,-0.042464785277843475,0.5969005823135376,0.230787456035614,-0.06020478904247284,0.6078954339027405,0.1508912742137909,-0.0745469257235527,0.5155953168869019,0.4583391547203064,-0.03857244923710823,0.5340101718902588,0.3344985544681549,-0.06691364198923111,0.5505771636962891,0.2514055371284485,-0.09823864698410034,0.5633922219276428,0.17123526334762573,-0.12010704725980759,0.4659934639930725,0.49714770913124084,-0.04396766424179077,0.5013200640678406,0.4246770739555359,-0.07702798396348953,0.5175953507423401,0.48393112421035767,-0.0824209600687027,0.5246003270149231,0.5505881309509277,-0.08398839831352234
pinza_izquierda,0.45548921823501587,0.7388376593589783,5.307773562890361e-07,0.5292117595672607,0.7224811315536499,-0.038763511925935745,0.5934039354324341,0.6453760266304016,-0.050497908145189285,0.5614327192306519,0.5682379007339478,-0.055597878992557526,0.5061758756637573,0.5344740152359009,-0.06421196460723877,0.570751428604126,0.4687730669975281,-0.03652706742286682,0.5943201184272766,0.3559122085571289,-0.04957694187760353,0.605682373046875,0.2842446565628052,-0.06131875514984131,0.6127606630325317,0.21215945482254028,-0.07167913019657135,0.5257814526557922,0.44689154624938965,-0.03792345151305199,0.5488550662994385,0.30959922075271606,-0.050423573702573776,0.5602911710739136,0.226394385099411,-0.06688094884157181,0.5695205926895142,0.14812302589416504,-0.0788026824593544,0.4819472134113312,0.45846691727638245,-0.04174080118536949,0.49955132603645325,0.33189499378204346,-0.07330568879842758,0.5157427787780762,0.25090694427490234,-0.10034509748220444,0.5297662019729614,0.17211765050888062,-0.11768757551908493,0.4341999888420105,0.49693727493286133,-0.04679020121693611,0.4628402292728424,0.41696301102638245,-0.07961608469486237,0.4772365391254425,0.47451484203338623,-0.08094682544469833,0.4848361313343048,0.5403959155082703,-0.0790376365184784
pinza_izquierda,0.4514285624027252,0.7448436617851257,5.321331855157041e-07,0.5232433080673218,0.7226887941360474,-0.03820319101214409,0.583299994468689,0.64537113904953,-0.048751141875982285,0.5499849319458008,0.5751177072525024,-0.05288982018828392,0.4937441647052765,0.5472092628479004,-0.060129564255476,0.5572804808616638,0.4657802879810333,-0.031647711992263794,0.5819159150123596,0.3557659387588501,-0.04254459962248802,0.5935171246528625,0.2860903739929199,-0.05358469858765602,0.6019108295440674,0.21542519330978394,-0.06365956366062164,0.5132402777671814,0.4461314380168915,-0.03303263708949089,0.5348237752914429,0.3158235549926758,-0.04364156350493431,0.5440030097961426,0.23366406559944153,-0.05974981188774109,0.5523080229759216,0.1549425721168518,-0.07186809927225113,0.469671368598938,0.4589695334434509,-0.03712690621614456,0.48717230558395386,0.33965063095092773,-0.06666994839906693,0.501850426197052,0.26269516348838806,-0.09284861385822296,0.5153992176055908,0.18490618467330933,-0.10980422794818878,0.4228963255882263,0.501224935054779,-0.04273860901594162,0.4507218599319458,0.42026278376579285,-0.07376138120889664,0.46466225385665894,0.4793909788131714,-0.07401488721370697,0.4726465344429016,0.5478163957595825,-0.07148586958646774
pinza_izquierda,0.4510462284088135,0.7478009462356567,5.638089533022139e-07,0.5233491659164429,0.727626621723175,-0.03868923336267471,0.582053005695343,0.651057243347168,-0.05084924399852753,0.5459789037704468,0.5783672332763672,-0.05645750090479851,0.4896341860294342,0.5477814078330994,-0.06528488546609879,0.5580199956893921,0.4715314209461212,-0.034680988639593124,0.5823884010314941,0.36154547333717346,-0.04671858623623848,0.5912336111068726,0.2911815345287323,-0.05871256813406944,0.5965136289596558,0.21926486492156982,-0.06936538219451904,0.513413667678833,0.4513159394264221,-0.03556657209992409,0.536523163318634,0.32203513383865356,-0.047375090420246124,0.5458848476409912,0.23644915223121643,-0.06437094509601593,0.5543811917304993,0.153559148311615,-0.07692943513393402,0.46907076239585876,0.46433499455451965,-0.03898976743221283,0.48672959208488464,0.3388245105743408,-0.07093429565429688,0.501811146736145,0.25890061259269714,-0.09920358657836914,0.5139140486717224,0.1796184778213501,-0.11701695621013641,0.4218568503856659,0.507183849811554,-0.04348590597510338,0.45068615674972534,0.4244428277015686,-0.07637406140565872,0.4687323272228241,0.48183673620224,-0.07809125632047653,0.47898536920547485,0.5489616394042969,-0.07624728232622147
pinza_izquierda,0.4503379166126251,0.7429749965667725,5.977669275125663e-07,0.520153284072876,0.7241954803466797,-0.039900120347738266,0.5786516070365906,0.6487407684326172,-0.05329715833067894,0.5438313484191895,0.5796478390693665,-0.060127463191747665,0.4868670105934143,0.547439694404602,-0.07040856778621674,0.5544347167015076,0.468735933303833,-0.037007126957178116,0.5789404511451721,0.358653724193573,-0.04868229851126671,0.5886361002922058,0.2894495129585266,-0.06039119511842728,0.595755398273468,0.21815210580825806,-0.07090511918067932,0.5097677111625671,0.44974255561828613,-0.03780961036682129,0.5300672054290771,0.3192721903324127,-0.04740261659026146,0.5384535193443298,0.23371964693069458,-0.06448107212781906,0.5473961234092712,0.15134406089782715,-0.07798101752996445,0.465626984834671,0.4632185697555542,-0.04113275930285454,0.4809465706348419,0.33804816007614136,-0.0715227946639061,0.4943934381008148,0.2563018202781677,-0.10171764343976974,0.5065647959709167,0.17565441131591797,-0.12213291972875595,0.4190782606601715,0.5048239231109619,-0.045710500329732895,0.4476504623889923,0.42765137553215027,-0.0802057534456253,0.4646139442920685,0.48757079243659973,-0.0849180743098259,0.47553983330726624,0.5554885268211365,-0.08560160547494888
pinza_izquierda,0.43461939692497253,0.7349229454994202,6.298649282143742e-07,0.5059830546379089,0.7136720418930054,-0.040870849043130875,0.5636309385299683,0.6325158476829529,-0.05264449492096901,0.5245789289474487,0.5621574521064758,-0.05732240527868271,0.4661361575126648,0.5334807634353638,-0.06469586491584778,0.5414431691169739,0.4628957509994507,-0.03539581596851349,0.5621585845947266,0.3503844141960144,-0.04769875854253769,0.5708901882171631,0.27905601263046265,-0.059256210923194885,0.5765617489814758,0.20781731605529785,-0.06916696578264236,0.49515339732170105,0.4407065808773041,-0.03538776561617851,0.5144138336181641,0.3073408007621765,-0.04543770104646683,0.5234876275062561,0.22289106249809265,-0.06155462563037872,0.5318333506584167,0.14383605122566223,-0.07323542982339859,0.45061996579170227,0.45273399353027344,-0.03828239440917969,0.4647164046764374,0.3302047848701477,-0.06817596405744553,0.477567583322525,0.24968117475509644,-0.09675105661153793,0.48893746733665466,0.17059582471847534,-0.11517845839262009,0.40426144003868103,0.49346545338630676,-0.04277534410357475,0.4348210096359253,0.41898787021636963,-0.07588648051023483,0.44781431555747986,0.4766906797885895,-0.07916415482759476,0.45403915643692017,0.5393965244293213,-0.07835283130407333
pinza_izquierda,0.24403099715709686,0.7480513453483582,4.679811524965771e-07,0.3046528995037079,0.7244663238525391,-0.03910800442099571,0.34660133719444275,0.647965133190155,-0.05188566446304321,0.29163646697998047,0.588607668876648,-0.0582255981862545,0.23173150420188904,0.5600597262382507,-0.06703905761241913,0.3377765119075775,0.48051244020462036,-0.029960311949253082,0.3448294997215271,0.3706825375556946,-0.04138796404004097,0.3416063189506531,0.301392525434494,-0.05254046991467476,0.3387720584869385,0.232906311750412,-0.06240300461649895,0.2908383905887604,0.4620867073535919,-0.029527300968766212,0.2984181344509125,0.331476628780365,-0.04499002918601036,0.2973517179489136,0.24947458505630493,-0.060603003948926926,0.3007587492465973,0.1715918481349945,-0.06930030137300491,0.2498292177915573,0.4741239845752716,-0.031991757452487946,0.24978889524936676,0.34944844245910645,-0.06358616799116135,0.2504024803638458,0.2756490111351013,-0.08417169004678726,0.25778281688690186,0.19999843835830688,-0.09459049254655838,0.20851734280586243,0.5146574974060059,-0.03625505790114403,0.21518546342849731,0.4356878995895386,-0.06702073663473129,0.21692052483558655,0.4982743263244629,-0.06326588243246078,0.2245146632194519,0.5655285120010376,-0.05585735663771629
pinza_izquierda,0.2238839715719223,0.7536681890487671,4.6221316551964264e-07,0.2825477123260498,0.7283259630203247,-0.038611795753240585,0.32395750284194946,0.6500008702278137,-0.05149287357926369,0.26857948303222656,0.5936479568481445,-0.057847559452056885,0.20711073279380798,0.5660719275474548,-0.06626001000404358,0.31431418657302856,0.4890021085739136,-0.031141608953475952,0.31796208024024963,0.37958335876464844,-0.0435655415058136,0.31453749537467957,0.3113955855369568,-0.054188698530197144,0.311672180891037,0.24411383271217346,-0.06359703093767166,0.26854753494262695,0.47058483958244324,-0.030888957902789116,0.2736201286315918,0.33758682012557983,-0.05017021670937538,0.2723953425884247,0.2589051425457001,-0.06511543691158295,0.27541351318359375,0.18385598063468933,-0.07240992039442062,0.22760218381881714,0.4821614921092987,-0.0335124246776104,0.2268233597278595,0.3607843518257141,-0.06717486679553986,0.2266787886619568,0.288330614566803,-0.08481845259666443,0.2334524542093277,0.21270883083343506,-0.09237121045589447,0.18529760837554932,0.5201987624168396,-0.03800361230969429,0.192657470703125,0.44048747420310974,-0.06728848814964294,0.19368363916873932,0.5000566840171814,-0.06077577546238899,0.20039880275726318,0.5638644099235535,-0.05160354822874069
pinza_izquierda,0.22578774392604828,0.7644920349121094,4.4524307440951816e-07,0.2857477366924286,0.7410549521446228,-0.0387800857424736,0.33011090755462646,0.6649575233459473,-0.052481990307569504,0.2750195860862732,0.6149832010269165,-0.05963512510061264,0.21433083713054657,0.5890087485313416,-0.06963010877370834,0.31710317730903625,0.5005179047584534,-0.03347037732601166,0.32315975427627563,0.39051514863967896,-0.04553006961941719,0.31965577602386475,0.3234739303588867,-0.057286202907562256,0.3162691593170166,0.255494087934494,-0.06768983602523804,0.2695559561252594,0.48422810435295105,-0.03262995928525925,0.2773677110671997,0.3541209399700165,-0.050301194190979004,0.27653032541275024,0.27351993322372437,-0.0676286444067955,0.2799064517021179,0.1911834180355072,-0.07773882150650024,0.227974534034729,0.4961627721786499,-0.03416610136628151,0.22964617609977722,0.37278467416763306,-0.06752909719944,0.2309170961380005,0.30118316411972046,-0.08819067478179932,0.23794201016426086,0.22350385785102844,-0.09870081394910812,0.18620255589485168,0.534245491027832,-0.03719285875558853,0.1939409077167511,0.4528109133243561,-0.06800909340381622,0.19701339304447174,0.5160008072853088,-0.06284258514642715,0.20546956360340118,0.5816617012023926,-0.054883264005184174
pinza_izquierda,0.22572796046733856,0.7713627815246582,4.656432111005415e-07,0.2869756817817688,0.7488676309585571,-0.03815523907542229,0.3307552933692932,0.6730115413665771,-0.051279015839099884,0.2752467691898346,0.6218326091766357,-0.0577959306538105,0.21360550820827484,0.5959872007369995,-0.06740429252386093,0.31712716817855835,0.5068952441215515,-0.03304449841380119,0.32308366894721985,0.3971604108810425,-0.0443708635866642,0.31942805647850037,0.3302471935749054,-0.05519258230924606,0.3160041868686676,0.26215860247612,-0.06483348459005356,0.2696463167667389,0.4912252128124237,-0.03238373249769211,0.2767154574394226,0.36048242449760437,-0.04872996732592583,0.27511972188949585,0.2803492546081543,-0.0653439536690712,0.27820414304733276,0.20020782947540283,-0.07490044087171555,0.22770372033119202,0.5041879415512085,-0.03400872275233269,0.22861860692501068,0.3809303045272827,-0.06692702323198318,0.22941598296165466,0.3073577284812927,-0.08819413930177689,0.2365429699420929,0.22862279415130615,-0.09909935295581818,0.18539148569107056,0.5435984134674072,-0.036950379610061646,0.19416794180870056,0.4635346531867981,-0.0676703080534935,0.19780652225017548,0.5283434391021729,-0.06291300058364868,0.2070569097995758,0.5956219434738159,-0.05521112680435181
pinza_izquierda,0.22673754394054413,0.7774501442909241,4.5704052809014684e-07,0.2866191565990448,0.7554265260696411,-0.03716874495148659,0.3304547965526581,0.6813757419586182,-0.04998970031738281,0.27700015902519226,0.6301331520080566,-0.05653763934969902,0.2170124351978302,0.6018079519271851,-0.06630158424377441,0.31739363074302673,0.5119428038597107,-0.0319562703371048,0.3231033384799957,0.4029251039028168,-0.04339469596743584,0.3197961151599884,0.334980309009552,-0.05464288964867592,0.31710973381996155,0.26689326763153076,-0.06446272134780884,0.2698882222175598,0.4952270984649658,-0.03202039748430252,0.2770860195159912,0.36501920223236084,-0.04715023562312126,0.2752813398838043,0.2844613790512085,-0.06363898515701294,0.2791571617126465,0.20514816045761108,-0.07334846258163452,0.22802028059959412,0.507856547832489,-0.03441372886300087,0.22881369292736053,0.38457638025283813,-0.0663234069943428,0.22962266206741333,0.31105855107307434,-0.08808906376361847,0.23705659806728363,0.23343458771705627,-0.09966430813074112,0.1855781376361847,0.5477715134620667,-0.038146521896123886,0.19474568963050842,0.4684288501739502,-0.0687841922044754,0.19883567094802856,0.533756673336029,-0.06472627818584442,0.20859090983867645,0.6025224328041077,-0.057506684213876724
pinza_izquierda,0.22828032076358795,0.773496687412262,4.7108463263612066e-07,0.2881348431110382,0.7505063414573669,-0.0370183102786541,0.3306047022342682,0.6779284477233887,-0.04998407140374184,0.27618637681007385,0.6255364418029785,-0.05683468282222748,0.21687203645706177,0.5981128811836243,-0.06662455946207047,0.3174169361591339,0.5096306204795837,-0.03159969300031662,0.3223874270915985,0.40253475308418274,-0.042761821299791336,0.3188953101634979,0.33479243516921997,-0.05380996689200401,0.3157466650009155,0.26602301001548767,-0.06368637084960938,0.26975733041763306,0.493496298789978,-0.03193936124444008,0.2753632366657257,0.36554595828056335,-0.04599577561020851,0.27294158935546875,0.2855592668056488,-0.06170286983251572,0.2759341895580292,0.20677819848060608,-0.07138648629188538,0.22778406739234924,0.5068712830543518,-0.034694597125053406,0.2269558608531952,0.3858489990234375,-0.06539519876241684,0.22722260653972626,0.3117843270301819,-0.08698400110006332,0.23343119025230408,0.23492902517318726,-0.09889654070138931,0.18575477600097656,0.547120988368988,-0.03892184793949127,0.1958092600107193,0.46978461742401123,-0.06878950446844101,0.2007433921098709,0.5318471789360046,-0.06547202914953232,0.2101898491382599,0.5977574586868286,-0.059083178639411926
pinza_izquierda,0.2255157232284546,0.7802064418792725,4.699653572970419e-07,0.2855943739414215,0.7605584859848022,-0.04055364429950714,0.32935652136802673,0.6852691769599915,-0.05485811084508896,0.27449923753738403,0.6351423263549805,-0.062109995633363724,0.21260660886764526,0.6084387302398682,-0.07246436923742294,0.3153345584869385,0.5177733898162842,-0.035063035786151886,0.32068654894828796,0.4103647768497467,-0.046787362545728683,0.3174881637096405,0.34321460127830505,-0.05841223895549774,0.3143492043018341,0.27391642332077026,-0.0688769668340683,0.26781320571899414,0.5008777976036072,-0.03319269418716431,0.273451030254364,0.3722911477088928,-0.0493934266269207,0.2716982960700989,0.29370373487472534,-0.06655784696340561,0.27456188201904297,0.21452075242996216,-0.07686088979244232,0.22628998756408691,0.512908935546875,-0.03375924751162529,0.226073756814003,0.39259064197540283,-0.06634882837533951,0.22647801041603088,0.31902939081192017,-0.08867046982049942,0.2331397831439972,0.24054837226867676,-0.10084342956542969,0.1848047375679016,0.5505551099777222,-0.03592149540781975,0.19335438311100006,0.4748537838459015,-0.06723922491073608,0.19648362696170807,0.5404641628265381,-0.06401170790195465,0.20530468225479126,0.6076409220695496,-0.05766785517334938
pinza_izquierda,0.22228474915027618,0.7729650735855103,5.246819796411728e-07,0.28207123279571533,0.7467734813690186,-0.03738359734416008,0.3221018612384796,0.6723881959915161,-0.049570247530937195,0.2663205564022064,0.6209723949432373,-0.055713508278131485,0.20877748727798462,0.5997248888015747,-0.06459059566259384,0.3103991746902466,0.5099231600761414,-0.030004195868968964,0.31772297620773315,0.40319937467575073,-0.04117774963378906,0.3153539001941681,0.33392345905303955,-0.0522310771048069,0.312273234128952,0.2647869288921356,-0.06188695505261421,0.2638534605503082,0.4932126998901367,-0.029973790049552917,0.27045392990112305,0.3665899634361267,-0.042931292206048965,0.26886487007141113,0.28578269481658936,-0.057755421847105026,0.2711929976940155,0.2084723711013794,-0.06681152433156967,0.222237229347229,0.5049506425857544,-0.032696932554244995,0.22319123148918152,0.3862431049346924,-0.06166723743081093,0.2229393720626831,0.31206196546554565,-0.08335595577955246,0.22767159342765808,0.23733529448509216,-0.09534180164337158,0.18038293719291687,0.543495774269104,-0.03719840198755264,0.18956652283668518,0.469126433134079,-0.06591906398534775,0.1929273009300232,0.5277850031852722,-0.0634123757481575,0.20005294680595398,0.5913662314414978,-0.05756998062133789
pinza_izquierda,0.21906137466430664,0.7684564590454102,4.954232508680434e-07,0.2761983871459961,0.7412769794464111,-0.03595615550875664,0.3141131103038788,0.6667304039001465,-0.04797590523958206,0.25820833444595337,0.6161925792694092,-0.054170262068510056,0.20243169367313385,0.5923097133636475,-0.06310146301984787,0.3049236238002777,0.5060831308364868,-0.029655586928129196,0.3127083480358124,0.40149298310279846,-0.0404030904173851,0.310782253742218,0.3341854214668274,-0.0511317104101181,0.30790138244628906,0.2663535475730896,-0.060661785304546356,0.25854313373565674,0.4904281198978424,-0.03030644915997982,0.2656085193157196,0.36350786685943604,-0.04310699924826622,0.26431775093078613,0.28335317969322205,-0.05760151147842407,0.26682668924331665,0.20569384098052979,-0.06658188998699188,0.21717089414596558,0.5029457807540894,-0.03356068953871727,0.21690788865089417,0.38386696577072144,-0.062392182648181915,0.21683195233345032,0.3098507523536682,-0.08352009207010269,0.2213611602783203,0.2350245714187622,-0.09531857818365097,0.17515666782855988,0.5420966744422913,-0.03845380246639252,0.18458566069602966,0.4655948281288147,-0.06689280271530151,0.18886643648147583,0.5248885154724121,-0.06395358592271805,0.19641855359077454,0.5891924500465393,-0.058045465499162674
pinza_izquierda,0.21330690383911133,0.7614442110061646,5.063922117187758e-07,0.2712082862854004,0.7339138984680176,-0.036061182618141174,0.3101896643638611,0.6589422225952148,-0.04766625910997391,0.2578951418399811,0.6069869995117188,-0.05355827882885933,0.20219840109348297,0.5869131684303284,-0.06204722821712494,0.2995672821998596,0.4985244572162628,-0.028095019981265068,0.3063151240348816,0.3936740458011627,-0.03930047154426575,0.30405229330062866,0.327303409576416,-0.050285253673791885,0.30164289474487305,0.26005786657333374,-0.0599474236369133,0.25315728783607483,0.4825434386730194,-0.02877768501639366,0.2608172595500946,0.35732367634773254,-0.0426851250231266,0.25996947288513184,0.27786463499069214,-0.057357098907232285,0.26312336325645447,0.20043954253196716,-0.06597279757261276,0.21176329255104065,0.49450990557670593,-0.03222455456852913,0.21366813778877258,0.37652942538261414,-0.06150881573557854,0.21373702585697174,0.3034192621707916,-0.08167080581188202,0.21883749961853027,0.22845515608787537,-0.09222099184989929,0.1703316569328308,0.5334316492080688,-0.03742469847202301,0.1797066479921341,0.45687517523765564,-0.06513695418834686,0.1830582320690155,0.5145747661590576,-0.06123827025294304,0.19000796973705292,0.5762128233909607,-0.05442102998495102
